{
    "university": [
        {
            "id": 2945,
            "name": "武汉大学",
            "website": "http://www.whu.edu.cn/",
            "provinceId": 17,
            "level": "本科",
            "abbreviation": "whu",
            "city": "武汉市"
        },
        {
            "id": 2946,
            "name": "华中科技大学",
            "website": "http://www.hust.edu.cn/",
            "provinceId": 17,
            "level": "本科",
            "abbreviation": "hust",
            "city": "武汉市"
        },
        {
            "id": 2947,
            "name": "武汉科技大学",
            "website": "http://www.wust.edu.cn/",
            "provinceId": 17,
            "level": "本科",
            "abbreviation": "wust",
            "city": "武汉市"
        },
        {
            "id": 2949,
            "name": "武汉工程大学",
            "website": "http://www.wit.edu.cn/",
            "provinceId": 17,
            "level": "本科",
            "abbreviation": "wit",
            "city": "武汉市"
        },
        {
            "id": 2950,
            "name": "中国地质大学（武汉）",
            "website": "http://www.cug.edu.cn/",
            "provinceId": 17,
            "level": "本科",
            "abbreviation": "cug",
            "city": "武汉市"
        },
        {
            "id": 2951,
            "name": "武汉纺织大学",
            "website": "http://www.wtu.edu.cn/",
            "provinceId": 17,
            "level": "本科",
            "abbreviation": "wtu",
            "city": "武汉市"
        },
        {
            "id": 2952,
            "name": "武汉轻工大学",
            "website": "http://www.whpu.edu.cn/",
            "provinceId": 17,
            "level": "本科",
            "abbreviation": "whpu",
            "city": "武汉市"
        },
        {
            "id": 2953,
            "name": "武汉理工大学",
            "website": "http://www.whut.edu.cn/",
            "provinceId": 17,
            "level": "本科",
            "abbreviation": "whut",
            "city": "武汉市"
        },
        {
            "id": 2954,
            "name": "湖北工业大学",
            "website": "http://www.hbut.edu.cn/",
            "provinceId": 17,
            "level": "本科",
            "abbreviation": "hbut",
            "city": "武汉市"
        },
        {
            "id": 2955,
            "name": "华中农业大学",
            "website": "http://www.hzau.edu.cn/",
            "provinceId": 17,
            "level": "本科",
            "abbreviation": "hzau",
            "city": "武汉市"
        },
        {
            "id": 2956,
            "name": "湖北中医药大学",
            "website": "http://www.hbtcm.edu.cn/",
            "provinceId": 17,
            "level": "本科",
            "abbreviation": "hbtcm",
            "city": "武汉市"
        },
        {
            "id": 2957,
            "name": "华中师范大学",
            "website": "http://www.ccnu.edu.cn/",
            "provinceId": 17,
            "level": "本科",
            "abbreviation": "ccnu",
            "city": "武汉市"
        },
        {
            "id": 2958,
            "name": "湖北大学",
            "website": "http://www.hubu.edu.cn/",
            "provinceId": 17,
            "level": "本科",
            "abbreviation": "hubu",
            "city": "武汉市"
        },
        {
            "id": 2964,
            "name": "中南财经政法大学",
            "website": "http://www.zuel.edu.cn/",
            "provinceId": 17,
            "level": "本科",
            "abbreviation": "zuel",
            "city": "武汉市"
        },
        {
            "id": 2965,
            "name": "武汉体育学院",
            "website": "http://www.whsu.edu.cn/",
            "provinceId": 17,
            "level": "本科",
            "abbreviation": "whsu",
            "city": "武汉市"
        },
        {
            "id": 2966,
            "name": "湖北美术学院",
            "website": "http://www.hifa.edu.cn/",
            "provinceId": 17,
            "level": "本科",
            "abbreviation": "hifa",
            "city": "武汉市"
        },
        {
            "id": 2967,
            "name": "中南民族大学",
            "website": "http://www.scuec.edu.cn/",
            "provinceId": 17,
            "level": "本科",
            "abbreviation": "scuec",
            "city": "武汉市"
        },
        {
            "id": 2973,
            "name": "江汉大学",
            "website": "http://www.jhun.edu.cn/",
            "provinceId": 17,
            "level": "本科",
            "abbreviation": "jhun",
            "city": "武汉市"
        },
        {
            "id": 2975,
            "name": "湖北警官学院",
            "website": "http://www.hbpa.edu.cn/",
            "provinceId": 17,
            "level": "本科",
            "abbreviation": "hbpa",
            "city": "武汉市"
        },
        {
            "id": 2977,
            "name": "武汉音乐学院",
            "website": "http://www.whcm.edu.cn/",
            "provinceId": 17,
            "level": "本科",
            "abbreviation": "whcm",
            "city": "武汉市"
        },
        {
            "id": 2978,
            "name": "湖北经济学院",
            "website": "http://www.hbue.edu.cn/",
            "provinceId": 17,
            "level": "本科",
            "abbreviation": "hbue",
            "city": "武汉市"
        },
        {
            "id": 2979,
            "name": "武汉商学院",
            "website": "http://www.wbu.edu.cn/",
            "provinceId": 17,
            "level": "本科",
            "abbreviation": "wbu",
            "city": "武汉市"
        },
        {
            "id": 2980,
            "name": "武汉东湖学院",
            "website": "http://www.wdu.edu.cn/",
            "provinceId": 17,
            "level": "本科",
            "abbreviation": "wdu",
            "city": "武汉市"
        },
        {
            "id": 2981,
            "name": "汉口学院",
            "website": "http://www.hkxy.edu.cn/",
            "provinceId": 17,
            "level": "本科",
            "abbreviation": "hkxy",
            "city": "武汉市"
        },
        {
            "id": 2982,
            "name": "武昌首义学院",
            "website": "http://www.wsyu.edu.cn/",
            "provinceId": 17,
            "level": "本科",
            "abbreviation": "wsyu",
            "city": "武汉市"
        },
        {
            "id": 2983,
            "name": "武昌理工学院",
            "website": "http://www.wut.edu.cn/",
            "provinceId": 17,
            "level": "本科",
            "abbreviation": "wut",
            "city": "武汉市"
        },
        {
            "id": 2984,
            "name": "武汉生物工程学院",
            "website": "http://www.whsw.cn/",
            "provinceId": 17,
            "level": "本科",
            "abbreviation": "whsw",
            "city": "武汉市"
        },
        {
            "id": 2985,
            "name": "武汉晴川学院",
            "website": "http://luojia-whu.cn/",
            "provinceId": 17,
            "level": "本科",
            "abbreviation": "cn/",
            "city": "武汉市"
        },
        {
            "id": 2986,
            "name": "湖北大学知行学院",
            "website": "http://www.hudazx.cn/",
            "provinceId": 17,
            "level": "本科",
            "abbreviation": "hudazx",
            "city": "武汉市"
        },
        {
            "id": 2987,
            "name": "武汉科技大学城市学院",
            "website": "http://www.city.wust.edu.cn/",
            "provinceId": 17,
            "level": "本科",
            "abbreviation": "city",
            "city": "武汉市"
        },
        {
            "id": 2989,
            "name": "江汉大学文理学院",
            "website": "http://www.jdwlxy.cn/",
            "provinceId": 17,
            "level": "本科",
            "abbreviation": "jdwlxy",
            "city": "武汉市"
        },
        {
            "id": 2990,
            "name": "湖北工业大学工程技术学院",
            "website": "http://gcxy.hbut.edu.cn/",
            "provinceId": 17,
            "level": "本科",
            "abbreviation": "hbut",
            "city": "武汉市"
        },
        {
            "id": 2991,
            "name": "武汉工程大学邮电与信息工程学院",
            "website": "http://www.witpt.edu.cn/",
            "provinceId": 17,
            "level": "本科",
            "abbreviation": "witpt",
            "city": "武汉市"
        },
        {
            "id": 2992,
            "name": "武汉纺织大学外经贸学院",
            "website": "http://cibe.wtu.edu.cn/",
            "provinceId": 17,
            "level": "本科",
            "abbreviation": "wtu",
            "city": "武汉市"
        },
        {
            "id": 2993,
            "name": "武昌工学院",
            "website": "http://www.wuit.cn/",
            "provinceId": 17,
            "level": "本科",
            "abbreviation": "wuit",
            "city": "武汉市"
        },
        {
            "id": 2994,
            "name": "武汉工商学院",
            "website": "http://www.wtbu.edu.cn/",
            "provinceId": 17,
            "level": "本科",
            "abbreviation": "wtbu",
            "city": "武汉市"
        },
        {
            "id": 2997,
            "name": "湖北商贸学院",
            "website": "http://www.hugsmxy.com/",
            "provinceId": 17,
            "level": "本科",
            "abbreviation": "hugsmxy",
            "city": "武汉市"
        },
        {
            "id": 3001,
            "name": "湖北经济学院法商学院",
            "website": "http://fsxy.hbue.edu.cn/",
            "provinceId": 17,
            "level": "本科",
            "abbreviation": "hbue",
            "city": "武汉市"
        },
        {
            "id": 3002,
            "name": "武汉体育学院体育科技学院",
            "website": "http://www.kjxy.wipe.edu.cn/",
            "provinceId": 17,
            "level": "本科",
            "abbreviation": "kjxy",
            "city": "武汉市"
        },
        {
            "id": 3006,
            "name": "文华学院",
            "website": "http://www.hustwenhua.net/",
            "provinceId": 17,
            "level": "本科",
            "abbreviation": "hustwenhua",
            "city": "武汉市"
        },
        {
            "id": 3007,
            "name": "武汉学院",
            "website": "http://www.whxy.net/",
            "provinceId": 17,
            "level": "本科",
            "abbreviation": "whxy",
            "city": "武汉市"
        },
        {
            "id": 3008,
            "name": "武汉工程科技学院",
            "website": "http://www.wuhues.com/",
            "provinceId": 17,
            "level": "本科",
            "abbreviation": "wuhues",
            "city": "武汉市"
        },
        {
            "id": 3009,
            "name": "武汉华夏理工学院",
            "website": "http://www.1957.cn/",
            "provinceId": 17,
            "level": "本科",
            "abbreviation": "1957",
            "city": "武汉市"
        },
        {
            "id": 3011,
            "name": "武汉设计工程学院",
            "website": "http://www.hnctxy.com/",
            "provinceId": 17,
            "level": "本科",
            "abbreviation": "hnctxy",
            "city": "武汉市"
        },
        {
            "id": 3012,
            "name": "湖北第二师范学院",
            "website": "http://www.hue.edu.cn/",
            "provinceId": 17,
            "level": "本科",
            "abbreviation": "hue",
            "city": "武汉市"
        },
        {
            "id": 3013,
            "name": "武汉职业技术学院",
            "website": "http://www.wtc.edu.cn/",
            "provinceId": 17,
            "level": "专科",
            "abbreviation": "wtc",
            "city": "武汉市"
        },
        {
            "id": 3015,
            "name": "长江职业学院",
            "website": "http://www.cjxy.edu.cn/",
            "provinceId": 17,
            "level": "专科",
            "abbreviation": "cjxy",
            "city": "武汉市"
        },
        {
            "id": 3019,
            "name": "武汉城市职业学院",
            "website": "http://www.whcvc.cn/",
            "provinceId": 17,
            "level": "专科",
            "abbreviation": "whcvc",
            "city": "武汉市"
        },
        {
            "id": 3021,
            "name": "武汉船舶职业技术学院",
            "website": "http://www.wspc.edu.cn/",
            "provinceId": 17,
            "level": "专科",
            "abbreviation": "wspc",
            "city": "武汉市"
        },
        {
            "id": 3024,
            "name": "武汉工贸职业学院",
            "website": "http://www.whgmxy.com/",
            "provinceId": 17,
            "level": "专科",
            "abbreviation": "whgmxy",
            "city": "武汉市"
        },
        {
            "id": 3026,
            "name": "武汉工程职业技术学院",
            "website": "http://www.wgxy.net/",
            "provinceId": 17,
            "level": "专科",
            "abbreviation": "wgxy",
            "city": "武汉市"
        },
        {
            "id": 3028,
            "name": "湖北轻工职业技术学院",
            "website": "http://www.hbliti.com/",
            "provinceId": 17,
            "level": "专科",
            "abbreviation": "hbliti",
            "city": "武汉市"
        },
        {
            "id": 3029,
            "name": "湖北交通职业技术学院",
            "website": "http://www.hbctc.edu.cn/",
            "provinceId": 17,
            "level": "专科",
            "abbreviation": "hbctc",
            "city": "武汉市"
        },
        {
            "id": 3031,
            "name": "武汉航海职业技术学院",
            "website": "http://www.whhhxy.com/",
            "provinceId": 17,
            "level": "专科",
            "abbreviation": "whhhxy",
            "city": "武汉市"
        },
        {
            "id": 3032,
            "name": "武汉铁路职业技术学院",
            "website": "http://www.wru.com.cn/",
            "provinceId": 17,
            "level": "专科",
            "abbreviation": "wru",
            "city": "武汉市"
        },
        {
            "id": 3033,
            "name": "武汉软件工程职业学院",
            "website": "http://www.whvcse.com/",
            "provinceId": 17,
            "level": "专科",
            "abbreviation": "whvcse",
            "city": "武汉市"
        },
        {
            "id": 3036,
            "name": "武汉电力职业技术学院",
            "website": "http://www.whetc.com/",
            "provinceId": 17,
            "level": "专科",
            "abbreviation": "whetc",
            "city": "武汉市"
        },
        {
            "id": 3037,
            "name": "湖北水利水电职业技术学院",
            "website": "http://www.hbsy.cn/",
            "provinceId": 17,
            "level": "专科",
            "abbreviation": "hbsy",
            "city": "武汉市"
        },
        {
            "id": 3038,
            "name": "湖北城市建设职业技术学院",
            "website": "http://www.ucvc.net/",
            "provinceId": 17,
            "level": "专科",
            "abbreviation": "ucvc",
            "city": "武汉市"
        },
        {
            "id": 3039,
            "name": "武汉警官职业学院",
            "website": "http://www.whpa.cn/",
            "provinceId": 17,
            "level": "专科",
            "abbreviation": "whpa",
            "city": "武汉市"
        },
        {
            "id": 3040,
            "name": "湖北生物科技职业学院",
            "website": "http://www.hbswkj.com/",
            "provinceId": 17,
            "level": "专科",
            "abbreviation": "hbswkj",
            "city": "武汉市"
        },
        {
            "id": 3041,
            "name": "湖北开放职业学院",
            "website": "http://www.hbou.cn/",
            "provinceId": 17,
            "level": "专科",
            "abbreviation": "hbou",
            "city": "武汉市"
        },
        {
            "id": 3042,
            "name": "武汉科技职业学院",
            "website": "http://www.whkjzy.cn/",
            "provinceId": 17,
            "level": "专科",
            "abbreviation": "whkjzy",
            "city": "武汉市"
        },
        {
            "id": 3043,
            "name": "武汉外语外事职业学院",
            "website": "http://www.whflfa.com/",
            "provinceId": 17,
            "level": "专科",
            "abbreviation": "whflfa",
            "city": "武汉市"
        },
        {
            "id": 3044,
            "name": "武汉信息传播职业技术学院",
            "website": "http://www.whinfo.cn/",
            "provinceId": 17,
            "level": "专科",
            "abbreviation": "whinfo",
            "city": "武汉市"
        },
        {
            "id": 3045,
            "name": "武昌职业学院",
            "website": "http://www.wlci.com.cn/",
            "provinceId": 17,
            "level": "专科",
            "abbreviation": "wlci",
            "city": "武汉市"
        },
        {
            "id": 3046,
            "name": "武汉商贸职业学院",
            "website": "http://www.whicu.com/",
            "provinceId": 17,
            "level": "专科",
            "abbreviation": "whicu",
            "city": "武汉市"
        },
        {
            "id": 3047,
            "name": "湖北艺术职业学院",
            "website": "http://www.artschool.com.cn/",
            "provinceId": 17,
            "level": "专科",
            "abbreviation": "artschool",
            "city": "武汉市"
        },
        {
            "id": 3048,
            "name": "武汉交通职业学院",
            "website": "http://www.whjzy.net/",
            "provinceId": 17,
            "level": "专科",
            "abbreviation": "whjzy",
            "city": "武汉市"
        },
        {
            "id": 3050,
            "name": "长江工程职业技术学院",
            "website": "http://www.cj-edu.com.cn/",
            "provinceId": 17,
            "level": "专科",
            "abbreviation": "cj-edu",
            "city": "武汉市"
        },
        {
            "id": 3052,
            "name": "武汉工业职业技术学院",
            "website": "http://www.wgy.cn/",
            "provinceId": 17,
            "level": "专科",
            "abbreviation": "wgy",
            "city": "武汉市"
        },
        {
            "id": 3053,
            "name": "武汉民政职业学院",
            "website": "http://www.whmzxy.cn/",
            "provinceId": 17,
            "level": "专科",
            "abbreviation": "whmzxy",
            "city": "武汉市"
        },
        {
            "id": 3055,
            "name": "湖北财税职业学院",
            "website": "http://www.hbftc.org.cn/",
            "provinceId": 17,
            "level": "专科",
            "abbreviation": "hbftc",
            "city": "武汉市"
        },
        {
            "id": 3057,
            "name": "湖北国土资源职业学院",
            "website": "http://www.hbgt.com.cn/",
            "provinceId": 17,
            "level": "专科",
            "abbreviation": "hbgt",
            "city": "武汉市"
        },
        {
            "id": 3058,
            "name": "湖北生态工程职业技术学院",
            "website": "http://www.hb-green.com/",
            "provinceId": 17,
            "level": "专科",
            "abbreviation": "hb-green",
            "city": "武汉市"
        },
        {
            "id": 3060,
            "name": "湖北科技职业学院",
            "website": "http://www.hubstc.com.cn/",
            "provinceId": 17,
            "level": "专科",
            "abbreviation": "hubstc",
            "city": "武汉市"
        },
        {
            "id": 3061,
            "name": "湖北青年职业学院",
            "website": "http://www.hbqnxy.com/",
            "provinceId": 17,
            "level": "专科",
            "abbreviation": "hbqnxy",
            "city": "武汉市"
        },
        {
            "id": 3065,
            "name": "湖北体育职业学院",
            "website": "http://www.hbtyzy.com/",
            "provinceId": 17,
            "level": "专科",
            "abbreviation": "hbtyzy",
            "city": "武汉市"
        },
        {
            "id": 3067,
            "name": "湖北幼儿师范高等专科学校",
            "website": "http://www.hbssyys.cn/",
            "provinceId": 17,
            "level": "专科",
            "abbreviation": "hbssyys",
            "city": "武汉市"
        },
        {
            "id": 3068,
            "name": "湖北铁道运输职业学院",
            "website": "http://www.wtsx.com.cn/",
            "provinceId": 17,
            "level": "专科",
            "abbreviation": "wtsx",
            "city": "武汉市"
        },
        {
            "id": 3069,
            "name": "武汉海事职业学院",
            "website": "http://www.whmvc.net/",
            "provinceId": 17,
            "level": "专科",
            "abbreviation": "whmvc",
            "city": "武汉市"
        },
        {
            "id": 3072,
            "name": "武汉铁路桥梁职业学院",
            "website": "http://www.wrbss.net/",
            "provinceId": 17,
            "level": "专科",
            "abbreviation": "wrbss",
            "city": "武汉市"
        },
        {
            "id": 3073,
            "name": "武汉光谷职业学院",
            "website": "http://www.whggvc.net/",
            "provinceId": 17,
            "level": "专科",
            "abbreviation": "whggvc",
            "city": "武汉市"
        }
    ]
}