{
    "university": [
        {
            "id": 3872,
            "name": "武威职业学院",
            "website": "http://www.wwoc.cn/",
            "provinceId": 28,
            "level": "专科",
            "abbreviation": "wwoc",
            "city": "武威市"
        },
        {
            "id": 3876,
            "name": "甘肃畜牧工程职业技术学院",
            "website": "http://www.xmgcxy.gsedu.cn/",
            "provinceId": 28,
            "level": "专科",
            "abbreviation": "xmgcxy",
            "city": "武威市"
        }
    ]
}