{
    "university": [
        {
            "id": 2687,
            "name": "曲阜师范大学",
            "website": "http://www.qfnu.edu.cn/",
            "provinceId": 15,
            "level": "本科",
            "abbreviation": "qfnu",
            "city": "曲阜市"
        },
        {
            "id": 2727,
            "name": "齐鲁理工学院",
            "website": "http://www.qlit.edu.cn/",
            "provinceId": 15,
            "level": "本科",
            "abbreviation": "qlit",
            "city": "曲阜市"
        },
        {
            "id": 2741,
            "name": "曲阜远东职业技术学院",
            "website": "http://www.fareast-edu.net/",
            "provinceId": 15,
            "level": "专科",
            "abbreviation": "fareast-ed",
            "city": "曲阜市"
        }
    ]
}