{
    "university": [
        {
            "id": 3680,
            "name": "曲靖师范学院",
            "website": "http://www.qjnu.edu.cn/",
            "provinceId": 25,
            "level": "本科",
            "abbreviation": "qjnu",
            "city": "曲靖市"
        },
        {
            "id": 3714,
            "name": "云南能源职业技术学院",
            "website": "http://www.ynny.cn/",
            "provinceId": 25,
            "level": "专科",
            "abbreviation": "ynny",
            "city": "曲靖市"
        },
        {
            "id": 3720,
            "name": "曲靖医学高等专科学校",
            "website": "http://www.qjyz.org/",
            "provinceId": 25,
            "level": "专科",
            "abbreviation": "qjyz",
            "city": "曲靖市"
        }
    ]
}