{
    "university": [
        {
            "id": 1804,
            "name": "辽宁科技学院",
            "website": "http://www.lnist.edu.cn/",
            "provinceId": 6,
            "level": "本科",
            "abbreviation": "lnist",
            "city": "本溪市"
        },
        {
            "id": 1871,
            "name": "辽宁冶金职业技术学院",
            "website": "http://www.lnyj.net/",
            "provinceId": 6,
            "level": "专科",
            "abbreviation": "lnyj",
            "city": "本溪市"
        }
    ]
}