{
    "university": [
        {
            "id": 1706,
            "name": "朔州职业技术学院",
            "website": "http://www.szvtc.sx.cn/",
            "provinceId": 4,
            "level": "专科",
            "abbreviation": "szvtc",
            "city": "朔州市"
        },
        {
            "id": 1714,
            "name": "朔州师范高等专科学校",
            "website": "http://www.szsfdx.com/",
            "provinceId": 4,
            "level": "专科",
            "abbreviation": "szsfdx",
            "city": "朔州市"
        }
    ]
}