{
    "university": [
        {
            "id": 2258,
            "name": "浙江大学",
            "website": "http://www.zju.edu.cn/",
            "provinceId": 11,
            "level": "本科",
            "abbreviation": "zju",
            "city": "杭州市"
        },
        {
            "id": 2259,
            "name": "杭州电子科技大学",
            "website": "http://www.hdu.edu.cn/",
            "provinceId": 11,
            "level": "本科",
            "abbreviation": "hdu",
            "city": "杭州市"
        },
        {
            "id": 2260,
            "name": "浙江工业大学",
            "website": "http://www.zjut.edu.cn/",
            "provinceId": 11,
            "level": "本科",
            "abbreviation": "zjut",
            "city": "杭州市"
        },
        {
            "id": 2261,
            "name": "浙江理工大学",
            "website": "http://www.zstu.edu.cn/",
            "provinceId": 11,
            "level": "本科",
            "abbreviation": "zstu",
            "city": "杭州市"
        },
        {
            "id": 2265,
            "name": "浙江中医药大学",
            "website": "http://www.zjtcm.net/",
            "provinceId": 11,
            "level": "本科",
            "abbreviation": "zjtcm",
            "city": "杭州市"
        },
        {
            "id": 2267,
            "name": "杭州师范大学",
            "website": "http://www.hznu.edu.cn/",
            "provinceId": 11,
            "level": "本科",
            "abbreviation": "hznu",
            "city": "杭州市"
        },
        {
            "id": 2273,
            "name": "浙江工商大学",
            "website": "http://www.hzic.edu.cn/",
            "provinceId": 11,
            "level": "本科",
            "abbreviation": "hzic",
            "city": "杭州市"
        },
        {
            "id": 2275,
            "name": "中国美术学院",
            "website": "http://www.caa.edu.cn/",
            "provinceId": 11,
            "level": "本科",
            "abbreviation": "caa",
            "city": "杭州市"
        },
        {
            "id": 2276,
            "name": "中国计量大学",
            "website": "http://www.cjlu.edu.cn/",
            "provinceId": 11,
            "level": "本科",
            "abbreviation": "cjlu",
            "city": "杭州市"
        },
        {
            "id": 2279,
            "name": "浙江科技学院",
            "website": "http://www.zust.edu.cn/",
            "provinceId": 11,
            "level": "本科",
            "abbreviation": "zust",
            "city": "杭州市"
        },
        {
            "id": 2281,
            "name": "浙江水利水电学院",
            "website": "http://www.zjweu.edu.cn/",
            "provinceId": 11,
            "level": "本科",
            "abbreviation": "zjweu",
            "city": "杭州市"
        },
        {
            "id": 2282,
            "name": "浙江财经大学",
            "website": "http://www.zufe.edu.cn/",
            "provinceId": 11,
            "level": "本科",
            "abbreviation": "zufe",
            "city": "杭州市"
        },
        {
            "id": 2283,
            "name": "浙江警察学院",
            "website": "http://www.zjjcxy.cn/",
            "provinceId": 11,
            "level": "本科",
            "abbreviation": "zjjcxy",
            "city": "杭州市"
        },
        {
            "id": 2286,
            "name": "浙江传媒学院",
            "website": "http://www.zjicm.edu.cn/",
            "provinceId": 11,
            "level": "本科",
            "abbreviation": "zjicm",
            "city": "杭州市"
        },
        {
            "id": 2287,
            "name": "浙江树人学院",
            "website": "http://www.zjsru.edu.cn/",
            "provinceId": 11,
            "level": "本科",
            "abbreviation": "zjsru",
            "city": "杭州市"
        },
        {
            "id": 2290,
            "name": "浙江大学城市学院",
            "website": "http://www.zucc.edu.cn/",
            "provinceId": 11,
            "level": "本科",
            "abbreviation": "zucc",
            "city": "杭州市"
        },
        {
            "id": 2292,
            "name": "杭州医学院",
            "website": "http://www.hmc.edu.cn/",
            "provinceId": 11,
            "level": "本科",
            "abbreviation": "hmc",
            "city": "杭州市"
        },
        {
            "id": 2293,
            "name": "浙江工业大学之江学院",
            "website": "http://www.zjc.zjut.edu.cn/",
            "provinceId": 11,
            "level": "本科",
            "abbreviation": "zjc",
            "city": "杭州市"
        },
        {
            "id": 2296,
            "name": "杭州电子科技大学信息工程学院",
            "website": "http://infoedu.hdu.edu.cn/",
            "provinceId": 11,
            "level": "本科",
            "abbreviation": "hdu",
            "city": "杭州市"
        },
        {
            "id": 2297,
            "name": "浙江理工大学科技与艺术学院",
            "website": "http://www.ky.zstu.edu.cn/",
            "provinceId": 11,
            "level": "本科",
            "abbreviation": "ky",
            "city": "杭州市"
        },
        {
            "id": 2301,
            "name": "浙江中医药大学滨江学院",
            "website": "http://bjxy.zjtcm.net/",
            "provinceId": 11,
            "level": "本科",
            "abbreviation": "zjtcm",
            "city": "杭州市"
        },
        {
            "id": 2302,
            "name": "杭州师范大学钱江学院",
            "website": "http://qjxy.hznu.edu.cn/",
            "provinceId": 11,
            "level": "本科",
            "abbreviation": "hznu",
            "city": "杭州市"
        },
        {
            "id": 2306,
            "name": "浙江工商大学杭州商学院",
            "website": "http://hsy.zjgsu.edu.cn/",
            "provinceId": 11,
            "level": "本科",
            "abbreviation": "zjgsu",
            "city": "杭州市"
        },
        {
            "id": 2308,
            "name": "中国计量大学现代科技学院",
            "website": "http://xdkj.cjlu.edu.cn/",
            "provinceId": 11,
            "level": "本科",
            "abbreviation": "cjlu",
            "city": "杭州市"
        },
        {
            "id": 2313,
            "name": "浙江外国语学院",
            "website": "http://www.zisu.edu.cn/",
            "provinceId": 11,
            "level": "本科",
            "abbreviation": "zisu",
            "city": "杭州市"
        },
        {
            "id": 2314,
            "name": "浙江音乐学院",
            "website": "http://www.zjcm.edu.cn/",
            "provinceId": 11,
            "level": "本科",
            "abbreviation": "zjcm",
            "city": "杭州市"
        },
        {
            "id": 2319,
            "name": "浙江交通职业技术学院",
            "website": "http://www.zjvtit.edu.cn/",
            "provinceId": 11,
            "level": "专科",
            "abbreviation": "zjvtit",
            "city": "杭州市"
        },
        {
            "id": 2327,
            "name": "浙江机电职业技术学院",
            "website": "http://www.zime.edu.cn/",
            "provinceId": 11,
            "level": "专科",
            "abbreviation": "zime",
            "city": "杭州市"
        },
        {
            "id": 2328,
            "name": "浙江建设职业技术学院",
            "website": "http://www.zjjy.net/",
            "provinceId": 11,
            "level": "专科",
            "abbreviation": "zjjy",
            "city": "杭州市"
        },
        {
            "id": 2329,
            "name": "浙江艺术职业学院",
            "website": "http://www.zj-art.com/",
            "provinceId": 11,
            "level": "专科",
            "abbreviation": "zj-art",
            "city": "杭州市"
        },
        {
            "id": 2330,
            "name": "浙江经贸职业技术学院",
            "website": "http://www.zjiet.edu.cn/",
            "provinceId": 11,
            "level": "专科",
            "abbreviation": "zjiet",
            "city": "杭州市"
        },
        {
            "id": 2331,
            "name": "浙江商业职业技术学院",
            "website": "http://www.zjvcc.edu.cn/",
            "provinceId": 11,
            "level": "专科",
            "abbreviation": "zjvcc",
            "city": "杭州市"
        },
        {
            "id": 2332,
            "name": "浙江经济职业技术学院",
            "website": "http://www.zjtie.edu.cn/",
            "provinceId": 11,
            "level": "专科",
            "abbreviation": "zjtie",
            "city": "杭州市"
        },
        {
            "id": 2333,
            "name": "浙江旅游职业学院",
            "website": "http://www.tczj.net/",
            "provinceId": 11,
            "level": "专科",
            "abbreviation": "tczj",
            "city": "杭州市"
        },
        {
            "id": 2334,
            "name": "浙江育英职业技术学院",
            "website": "http://www.zjyyc.com/",
            "provinceId": 11,
            "level": "专科",
            "abbreviation": "zjyyc",
            "city": "杭州市"
        },
        {
            "id": 2335,
            "name": "浙江警官职业学院",
            "website": "http://www.zjjy.com.cn/",
            "provinceId": 11,
            "level": "专科",
            "abbreviation": "zjjy",
            "city": "杭州市"
        },
        {
            "id": 2336,
            "name": "浙江金融职业学院",
            "website": "http://www.zfc.edu.cn/",
            "provinceId": 11,
            "level": "专科",
            "abbreviation": "zfc",
            "city": "杭州市"
        },
        {
            "id": 2338,
            "name": "杭州职业技术学院",
            "website": "http://www.hzvtc.edu.cn/",
            "provinceId": 11,
            "level": "专科",
            "abbreviation": "hzvtc",
            "city": "杭州市"
        },
        {
            "id": 2347,
            "name": "杭州科技职业技术学院",
            "website": "http://www.hzaspt.edu.cn/",
            "provinceId": 11,
            "level": "专科",
            "abbreviation": "hzaspt",
            "city": "杭州市"
        },
        {
            "id": 2348,
            "name": "浙江长征职业技术学院",
            "website": "http://www.zjczxy.cn/",
            "provinceId": 11,
            "level": "专科",
            "abbreviation": "zjczxy",
            "city": "杭州市"
        },
        {
            "id": 2351,
            "name": "杭州万向职业技术学院",
            "website": "http://www.wxpoly.cn/",
            "provinceId": 11,
            "level": "专科",
            "abbreviation": "wxpoly",
            "city": "杭州市"
        },
        {
            "id": 2356,
            "name": "浙江体育职业技术学院",
            "website": "http://www.zjcs.net.cn/",
            "provinceId": 11,
            "level": "专科",
            "abbreviation": "zjcs",
            "city": "杭州市"
        },
        {
            "id": 2361,
            "name": "浙江特殊教育职业学院",
            "website": "http://www.zjtjxy.net/",
            "provinceId": 11,
            "level": "专科",
            "abbreviation": "zjtjxy",
            "city": "杭州市"
        }
    ]
}