{
    "university": [
        {
            "id": 3362,
            "name": "广西科技师范学院",
            "website": "http://www.gxlztc.net/",
            "provinceId": 20,
            "level": "本科",
            "abbreviation": "gxlztc",
            "city": "来宾市"
        },
        {
            "id": 3415,
            "name": "广西蓝天航空职业学院",
            "website": "http://www.gxltu.com/",
            "provinceId": 20,
            "level": "专科",
            "abbreviation": "gxltu",
            "city": "来宾市"
        }
    ]
}