{
    "university": [
        {
            "id": 3773,
            "name": "榆林学院",
            "website": "http://www.yulinu.edu.cn/",
            "provinceId": 27,
            "level": "本科",
            "abbreviation": "yulinu",
            "city": "榆林市"
        },
        {
            "id": 3837,
            "name": "榆林职业技术学院",
            "website": "http://www.yulinvtc.com.cn/",
            "provinceId": 27,
            "level": "专科",
            "abbreviation": "yulinvtc",
            "city": "榆林市"
        }
    ]
}