{
    "university": [
        {
            "id": 3618,
            "name": "贵州工程应用技术学院",
            "website": "http://www.gues.edu.cn/",
            "provinceId": 24,
            "level": "本科",
            "abbreviation": "gues",
            "city": "毕节市"
        },
        {
            "id": 3655,
            "name": "毕节职业技术学院",
            "website": "http://www.gzbjzy.edu.cn/",
            "provinceId": 24,
            "level": "专科",
            "abbreviation": "gzbjzy",
            "city": "毕节市"
        },
        {
            "id": 3662,
            "name": "毕节医学高等专科学校",
            "website": "http://www.qxnzy.net/",
            "provinceId": 24,
            "level": "专科",
            "abbreviation": "qxnzy",
            "city": "毕节市"
        },
        {
            "id": 3664,
            "name": "毕节幼儿师范高等专科学校",
            "website": "http://www.gzbjyz.com/",
            "provinceId": 24,
            "level": "专科",
            "abbreviation": "gzbjyz",
            "city": "毕节市"
        },
        {
            "id": 3667,
            "name": "贵州工贸职业学院",
            "website": "http://www.gzgmzyxy.com/",
            "provinceId": 24,
            "level": "专科",
            "abbreviation": "gzgmzyxy",
            "city": "毕节市"
        }
    ]
}