{
    "university": [
        {
            "id": 3102,
            "name": "湖南工业大学",
            "website": "http://www.hut.edu.cn/",
            "provinceId": 18,
            "level": "本科",
            "abbreviation": "hut",
            "city": "株洲市"
        },
        {
            "id": 3108,
            "name": "湖南工业大学科技学院",
            "website": "http://www.hnut-d.com/",
            "provinceId": 18,
            "level": "本科",
            "abbreviation": "hnut-d",
            "city": "株洲市"
        },
        {
            "id": 3134,
            "name": "湖南铁道职业技术学院",
            "website": "http://www.hnrpc.com/",
            "provinceId": 18,
            "level": "专科",
            "abbreviation": "hnrpc",
            "city": "株洲市"
        },
        {
            "id": 3162,
            "name": "湖南化工职业技术学院",
            "website": "http://www.hnhgzy.com/",
            "provinceId": 18,
            "level": "专科",
            "abbreviation": "hnhgzy",
            "city": "株洲市"
        },
        {
            "id": 3174,
            "name": "湖南汽车工程职业学院",
            "website": "http://www.zzptc.com/",
            "provinceId": 18,
            "level": "专科",
            "abbreviation": "zzptc",
            "city": "株洲市"
        },
        {
            "id": 3179,
            "name": "湖南铁路科技职业技术学院",
            "website": "http://www.hntky.com/",
            "provinceId": 18,
            "level": "专科",
            "abbreviation": "hntky",
            "city": "株洲市"
        },
        {
            "id": 3192,
            "name": "湖南有色金属职业技术学院",
            "website": "http://www.hnyszy.com.cn/",
            "provinceId": 18,
            "level": "专科",
            "abbreviation": "hnyszy",
            "city": "株洲市"
        }
    ]
}