{
    "university": [
        {
            "id": 3209,
            "name": "惠州学院",
            "website": "http://www.hzu.edu.cn/",
            "provinceId": 19,
            "level": "本科",
            "abbreviation": "hzu",
            "city": "惠州市"
        },
        {
            "id": 3309,
            "name": "惠州经济职业技术学院",
            "website": "http://www.hzcollege.com/",
            "provinceId": 19,
            "level": "专科",
            "abbreviation": "hzcollege",
            "city": "惠州市"
        },
        {
            "id": 3335,
            "name": "惠州卫生职业技术学院",
            "website": "http://www.hzwx.cn/",
            "provinceId": 19,
            "level": "专科",
            "abbreviation": "hzwx",
            "city": "惠州市"
        },
        {
            "id": 3338,
            "name": "惠州城市职业学院",
            "website": "http://www.hzc.edu.cn/",
            "provinceId": 19,
            "level": "专科",
            "abbreviation": "hzc",
            "city": "惠州市"
        }
    ]
}