{
    "university": [
        {
            "id": 3265,
            "name": "潮汕职业技术学院",
            "website": "http://www.chaoshan.cn/",
            "provinceId": 19,
            "level": "专科",
            "abbreviation": "chaoshan",
            "city": "揭阳市"
        },
        {
            "id": 3292,
            "name": "揭阳职业技术学院",
            "website": "http://www.jyc.edu.cn/",
            "provinceId": 19,
            "level": "专科",
            "abbreviation": "jyc",
            "city": "揭阳市"
        }
    ]
}