{
    "university": [
        {
            "id": 3089,
            "name": "怀化学院",
            "website": "http://www.hhtc.edu.cn/",
            "provinceId": 18,
            "level": "本科",
            "abbreviation": "hhtc",
            "city": "怀化市"
        },
        {
            "id": 3105,
            "name": "湖南医药学院",
            "website": "http://www.hnmu.com.cn/",
            "provinceId": 18,
            "level": "本科",
            "abbreviation": "hnmu",
            "city": "怀化市"
        },
        {
            "id": 3157,
            "name": "怀化职业技术学院",
            "website": "http://www.hhvtc.com.cn/",
            "provinceId": 18,
            "level": "专科",
            "abbreviation": "hhvtc",
            "city": "怀化市"
        }
    ]
}