{
    "university": [
        {
            "id": 2573,
            "name": "东华理工大学",
            "website": "http://www.ecit.edu.cn/",
            "provinceId": 14,
            "level": "本科",
            "abbreviation": "ecit",
            "city": "抚州市"
        },
        {
            "id": 2602,
            "name": "东华理工大学长江学院",
            "website": "http://ytc.ecit.edu.cn/",
            "provinceId": 14,
            "level": "本科",
            "abbreviation": "ecit",
            "city": "抚州市"
        },
        {
            "id": 2615,
            "name": "抚州幼儿师范高等专科学校",
            "website": "http://www.fzpec.cn/",
            "provinceId": 14,
            "level": "专科",
            "abbreviation": "fzpec",
            "city": "抚州市"
        },
        {
            "id": 2642,
            "name": "抚州职业技术学院",
            "website": "http://www.fzjsxy.com/",
            "provinceId": 14,
            "level": "专科",
            "abbreviation": "fzjsxy",
            "city": "抚州市"
        },
        {
            "id": 2643,
            "name": "江西中医药高等专科学校",
            "website": "http://www.jxtcms.net/",
            "provinceId": 14,
            "level": "专科",
            "abbreviation": "jxtcms",
            "city": "抚州市"
        }
    ]
}