{
    "university": [
        {
            "id": 1776,
            "name": "辽宁石油化工大学",
            "website": "http://www.lnpu.edu.cn/",
            "provinceId": 6,
            "level": "本科",
            "abbreviation": "lnpu",
            "city": "抚顺市"
        },
        {
            "id": 1823,
            "name": "辽宁石油化工大学顺华能源学院",
            "website": "http://www.lnshny.com/",
            "provinceId": 6,
            "level": "本科",
            "abbreviation": "lnshny",
            "city": "抚顺市"
        },
        {
            "id": 1833,
            "name": "抚顺师范高等专科学校",
            "website": "http://www.fstc.cn/",
            "provinceId": 6,
            "level": "专科",
            "abbreviation": "fstc",
            "city": "抚顺市"
        },
        {
            "id": 1839,
            "name": "抚顺职业技术学院",
            "website": "http://www.fvti.com/",
            "provinceId": 6,
            "level": "专科",
            "abbreviation": "fvti",
            "city": "抚顺市"
        }
    ]
}