{
    "university": [
        {
            "id": 3500,
            "name": "四川大学",
            "website": "http://www.scu.edu.cn/",
            "provinceId": 23,
            "level": "本科",
            "abbreviation": "scu",
            "city": "成都市"
        },
        {
            "id": 3501,
            "name": "西南交通大学",
            "website": "http://www.swjtu.edu.cn/",
            "provinceId": 23,
            "level": "本科",
            "abbreviation": "swjtu",
            "city": "成都市"
        },
        {
            "id": 3502,
            "name": "电子科技大学",
            "website": "http://www.uestc.edu.cn/",
            "provinceId": 23,
            "level": "本科",
            "abbreviation": "uestc",
            "city": "成都市"
        },
        {
            "id": 3503,
            "name": "西南石油大学",
            "website": "http://www.swpu.edu.cn/",
            "provinceId": 23,
            "level": "本科",
            "abbreviation": "swpu",
            "city": "成都市"
        },
        {
            "id": 3504,
            "name": "成都理工大学",
            "website": "http://www.cdut.edu.cn/",
            "provinceId": 23,
            "level": "本科",
            "abbreviation": "cdut",
            "city": "成都市"
        },
        {
            "id": 3506,
            "name": "成都信息工程大学",
            "website": "http://www.cuit.edu.cn/",
            "provinceId": 23,
            "level": "本科",
            "abbreviation": "cuit",
            "city": "成都市"
        },
        {
            "id": 3508,
            "name": "西华大学",
            "website": "http://www.xhu.edu.cn/",
            "provinceId": 23,
            "level": "本科",
            "abbreviation": "xhu",
            "city": "成都市"
        },
        {
            "id": 3513,
            "name": "成都中医药大学",
            "website": "http://www.cdutcm.edu.cn/",
            "provinceId": 23,
            "level": "本科",
            "abbreviation": "cdutcm",
            "city": "成都市"
        },
        {
            "id": 3515,
            "name": "四川师范大学",
            "website": "http://www.sicnu.edu.cn/",
            "provinceId": 23,
            "level": "本科",
            "abbreviation": "sicnu",
            "city": "成都市"
        },
        {
            "id": 3523,
            "name": "西南财经大学",
            "website": "http://www.swufe.edu.cn/",
            "provinceId": 23,
            "level": "本科",
            "abbreviation": "swufe",
            "city": "成都市"
        },
        {
            "id": 3524,
            "name": "成都体育学院",
            "website": "http://www.cdsu.edu.cn/",
            "provinceId": 23,
            "level": "本科",
            "abbreviation": "cdsu",
            "city": "成都市"
        },
        {
            "id": 3525,
            "name": "四川音乐学院",
            "website": "http://www.sccm.cn/",
            "provinceId": 23,
            "level": "本科",
            "abbreviation": "sccm",
            "city": "成都市"
        },
        {
            "id": 3526,
            "name": "西南民族大学",
            "website": "http://www.swun.edu.cn/",
            "provinceId": 23,
            "level": "本科",
            "abbreviation": "swun",
            "city": "成都市"
        },
        {
            "id": 3527,
            "name": "成都学院",
            "website": "http://www.cdu.edu.cn/",
            "provinceId": 23,
            "level": "本科",
            "abbreviation": "cdu",
            "city": "成都市"
        },
        {
            "id": 3528,
            "name": "成都工业学院",
            "website": "http://www.cdtu.edu.cn/",
            "provinceId": 23,
            "level": "本科",
            "abbreviation": "cdtu",
            "city": "成都市"
        },
        {
            "id": 3530,
            "name": "四川旅游学院",
            "website": "http://www.sctu.edu.cn/",
            "provinceId": 23,
            "level": "本科",
            "abbreviation": "sctu",
            "city": "成都市"
        },
        {
            "id": 3533,
            "name": "成都东软学院",
            "website": "http://www.nsu.edu.cn/",
            "provinceId": 23,
            "level": "本科",
            "abbreviation": "nsu",
            "city": "成都市"
        },
        {
            "id": 3534,
            "name": "电子科技大学成都学院",
            "website": "http://www.gtsoft.com.cn/",
            "provinceId": 23,
            "level": "本科",
            "abbreviation": "gtsoft",
            "city": "成都市"
        },
        {
            "id": 3536,
            "name": "四川传媒学院",
            "website": "http://www.scmc.edu.cn/",
            "provinceId": 23,
            "level": "本科",
            "abbreviation": "scmc",
            "city": "成都市"
        },
        {
            "id": 3537,
            "name": "成都信息工程大学银杏酒店管理学院",
            "website": "http://www.yihms.com/",
            "provinceId": 23,
            "level": "本科",
            "abbreviation": "yihms",
            "city": "成都市"
        },
        {
            "id": 3538,
            "name": "成都文理学院",
            "website": "http://www.cdcas.edu.cn/",
            "provinceId": 23,
            "level": "本科",
            "abbreviation": "cdcas",
            "city": "成都市"
        },
        {
            "id": 3539,
            "name": "四川工商学院",
            "website": "http://www.stbu.edu.cn/",
            "provinceId": 23,
            "level": "本科",
            "abbreviation": "stbu",
            "city": "成都市"
        },
        {
            "id": 3541,
            "name": "成都医学院",
            "website": "http://www.cmc.edu.cn/",
            "provinceId": 23,
            "level": "本科",
            "abbreviation": "cmc",
            "city": "成都市"
        },
        {
            "id": 3543,
            "name": "四川大学锦城学院",
            "website": "http://www.scujcc.com.cn/",
            "provinceId": 23,
            "level": "本科",
            "abbreviation": "scujcc",
            "city": "成都市"
        },
        {
            "id": 3545,
            "name": "四川大学锦江学院",
            "website": "http://www.scujj.com/",
            "provinceId": 23,
            "level": "本科",
            "abbreviation": "scujj",
            "city": "成都市"
        },
        {
            "id": 3549,
            "name": "成都师范学院",
            "website": "http://www.cdnu.edu.cn/",
            "provinceId": 23,
            "level": "本科",
            "abbreviation": "cdnu",
            "city": "成都市"
        },
        {
            "id": 3550,
            "name": "四川电影电视学院",
            "website": "http://www.scftvc.com/",
            "provinceId": 23,
            "level": "本科",
            "abbreviation": "scftvc",
            "city": "成都市"
        },
        {
            "id": 3551,
            "name": "成都纺织高等专科学校",
            "website": "http://www.cdtc.edu.cn/",
            "provinceId": 23,
            "level": "专科",
            "abbreviation": "cdtc",
            "city": "成都市"
        },
        {
            "id": 3552,
            "name": "民办四川天一学院",
            "website": "http://www.tianyi.org/",
            "provinceId": 23,
            "level": "专科",
            "abbreviation": "tianyi",
            "city": "成都市"
        },
        {
            "id": 3553,
            "name": "成都航空职业技术学院",
            "website": "http://www.cdavtc.edu.cn/",
            "provinceId": 23,
            "level": "专科",
            "abbreviation": "cdavtc",
            "city": "成都市"
        },
        {
            "id": 3554,
            "name": "四川电力职业技术学院",
            "website": "http://www.scdy.edu.cn/",
            "provinceId": 23,
            "level": "专科",
            "abbreviation": "scdy",
            "city": "成都市"
        },
        {
            "id": 3555,
            "name": "成都职业技术学院",
            "website": "http://www.cdvtc.com/",
            "provinceId": 23,
            "level": "专科",
            "abbreviation": "cdvtc",
            "city": "成都市"
        },
        {
            "id": 3557,
            "name": "四川水利职业技术学院",
            "website": "http://www.swcvc.net.cn/",
            "provinceId": 23,
            "level": "专科",
            "abbreviation": "swcvc",
            "city": "成都市"
        },
        {
            "id": 3560,
            "name": "四川航天职业技术学院",
            "website": "http://www.sacvt.com/",
            "provinceId": 23,
            "level": "专科",
            "abbreviation": "sacvt",
            "city": "成都市"
        },
        {
            "id": 3561,
            "name": "四川邮电职业技术学院",
            "website": "http://www.sptpc.com/",
            "provinceId": 23,
            "level": "专科",
            "abbreviation": "sptpc",
            "city": "成都市"
        },
        {
            "id": 3564,
            "name": "四川交通职业技术学院",
            "website": "http://www.svtcc.net/",
            "provinceId": 23,
            "level": "专科",
            "abbreviation": "svtcc",
            "city": "成都市"
        },
        {
            "id": 3569,
            "name": "四川托普信息技术职业学院",
            "website": "http://www.scetop.com/",
            "provinceId": 23,
            "level": "专科",
            "abbreviation": "scetop",
            "city": "成都市"
        },
        {
            "id": 3570,
            "name": "四川国际标榜职业学院",
            "website": "http://www.polus.edu.cn/",
            "provinceId": 23,
            "level": "专科",
            "abbreviation": "polus",
            "city": "成都市"
        },
        {
            "id": 3571,
            "name": "成都农业科技职业学院",
            "website": "http://www.cdnkxy.com/",
            "provinceId": 23,
            "level": "专科",
            "abbreviation": "cdnkxy",
            "city": "成都市"
        },
        {
            "id": 3575,
            "name": "成都艺术职业学院",
            "website": "http://www.cdartpro.cn/",
            "provinceId": 23,
            "level": "专科",
            "abbreviation": "cdartpro",
            "city": "成都市"
        },
        {
            "id": 3579,
            "name": "四川商务职业学院",
            "website": "http://www.scsw.net.cn/",
            "provinceId": 23,
            "level": "专科",
            "abbreviation": "scsw",
            "city": "成都市"
        },
        {
            "id": 3583,
            "name": "四川文化传媒职业学院",
            "website": "http://www.svccc.net/",
            "provinceId": 23,
            "level": "专科",
            "abbreviation": "svccc",
            "city": "成都市"
        },
        {
            "id": 3584,
            "name": "四川华新现代职业学院",
            "website": "http://www.schxmvc.com.cn/",
            "provinceId": 23,
            "level": "专科",
            "abbreviation": "schxmvc",
            "city": "成都市"
        },
        {
            "id": 3585,
            "name": "四川管理职业学院",
            "website": "http://www.scmpi.cn/",
            "provinceId": 23,
            "level": "专科",
            "abbreviation": "scmpi",
            "city": "成都市"
        },
        {
            "id": 3586,
            "name": "四川艺术职业学院",
            "website": "http://www.scapi.cn/",
            "provinceId": 23,
            "level": "专科",
            "abbreviation": "scapi",
            "city": "成都市"
        },
        {
            "id": 3588,
            "name": "四川科技职业学院",
            "website": "http://www.scstc.cn/",
            "provinceId": 23,
            "level": "专科",
            "abbreviation": "scstc",
            "city": "成都市"
        },
        {
            "id": 3589,
            "name": "四川文化产业职业学院",
            "website": "http://www.scvcci.cn/",
            "provinceId": 23,
            "level": "专科",
            "abbreviation": "scvcci",
            "city": "成都市"
        },
        {
            "id": 3590,
            "name": "四川财经职业学院",
            "website": "http://www.scpcfe.cn/",
            "provinceId": 23,
            "level": "专科",
            "abbreviation": "scpcfe",
            "city": "成都市"
        },
        {
            "id": 3591,
            "name": "四川城市职业学院",
            "website": "http://www.scuvc.com/",
            "provinceId": 23,
            "level": "专科",
            "abbreviation": "scuvc",
            "city": "成都市"
        },
        {
            "id": 3592,
            "name": "四川现代职业学院",
            "website": "http://www.scmvc.cn/",
            "provinceId": 23,
            "level": "专科",
            "abbreviation": "scmvc",
            "city": "成都市"
        },
        {
            "id": 3594,
            "name": "四川长江职业学院",
            "website": "http://www.sccvc.com/",
            "provinceId": 23,
            "level": "专科",
            "abbreviation": "sccvc",
            "city": "成都市"
        },
        {
            "id": 3602,
            "name": "四川文轩职业学院",
            "website": "http://www.scztjy.cn/",
            "provinceId": 23,
            "level": "专科",
            "abbreviation": "scztjy",
            "city": "成都市"
        },
        {
            "id": 3604,
            "name": "四川护理职业学院",
            "website": "http://www.scswx.com/",
            "provinceId": 23,
            "level": "专科",
            "abbreviation": "scswx",
            "city": "成都市"
        },
        {
            "id": 3605,
            "name": "成都工业职业技术学院",
            "website": "http://www.cdivtc.com.cn/",
            "provinceId": 23,
            "level": "专科",
            "abbreviation": "cdivtc",
            "city": "成都市"
        },
        {
            "id": 3606,
            "name": "四川西南航空职业学院",
            "website": "http://www.xnhkxy.edu.cn/",
            "provinceId": 23,
            "level": "专科",
            "abbreviation": "xnhkxy",
            "city": "成都市"
        },
        {
            "id": 3607,
            "name": "成都工贸职业技术学院",
            "website": "http://www.cdgmxy.com/",
            "provinceId": 23,
            "level": "专科",
            "abbreviation": "cdgmxy",
            "city": "成都市"
        }
    ]
}