{
    "university": [
        {
            "id": 1526,
            "name": "承德医学院",
            "website": "http://www.cdmc.edu.cn/",
            "provinceId": 3,
            "level": "本科",
            "abbreviation": "cdmc",
            "city": "承德市"
        },
        {
            "id": 1529,
            "name": "河北民族师范学院",
            "website": "http://www.hbun.net/",
            "provinceId": 3,
            "level": "本科",
            "abbreviation": "hbun",
            "city": "承德市"
        },
        {
            "id": 1580,
            "name": "承德石油高等专科学校",
            "website": "http://www.cdpc.edu.cn/",
            "provinceId": 3,
            "level": "专科",
            "abbreviation": "cdpc",
            "city": "承德市"
        },
        {
            "id": 1598,
            "name": "河北旅游职业学院",
            "website": "http://www.cdtvc.com/",
            "provinceId": 3,
            "level": "专科",
            "abbreviation": "cdtvc",
            "city": "承德市"
        },
        {
            "id": 1627,
            "name": "承德护理职业学院",
            "website": "http://www.cdwx.cn/",
            "provinceId": 3,
            "level": "专科",
            "abbreviation": "cdwx",
            "city": "承德市"
        }
    ]
}