{
    "university": [
        {
            "id": 2123,
            "name": "扬州大学",
            "website": "http://www.yzu.edu.cn/",
            "provinceId": 10,
            "level": "本科",
            "abbreviation": "yzu",
            "city": "扬州市"
        },
        {
            "id": 2154,
            "name": "扬州大学广陵学院",
            "website": "http://glxy.yzu.edu.cn/",
            "provinceId": 10,
            "level": "本科",
            "abbreviation": "yzu",
            "city": "扬州市"
        },
        {
            "id": 2179,
            "name": "扬州市职业大学",
            "website": "http://www.yzpc.edu.cn/",
            "provinceId": 10,
            "level": "专科",
            "abbreviation": "yzpc",
            "city": "扬州市"
        },
        {
            "id": 2191,
            "name": "扬州环境资源职业技术学院",
            "website": "http://www.yzerc.org/",
            "provinceId": 10,
            "level": "专科",
            "abbreviation": "yzerc",
            "city": "扬州市"
        },
        {
            "id": 2223,
            "name": "江海职业技术学院",
            "website": "http://www.jhu.cn/",
            "provinceId": 10,
            "level": "专科",
            "abbreviation": "jhu",
            "city": "扬州市"
        },
        {
            "id": 2232,
            "name": "扬州工业职业技术学院",
            "website": "http://www.ypi.edu.cn/",
            "provinceId": 10,
            "level": "专科",
            "abbreviation": "ypi",
            "city": "扬州市"
        },
        {
            "id": 2249,
            "name": "扬州中瑞酒店职业学院",
            "website": "http://www.yhiedu.com/",
            "provinceId": 10,
            "level": "专科",
            "abbreviation": "yhiedu",
            "city": "扬州市"
        },
        {
            "id": 2255,
            "name": "江苏旅游职业学院",
            "website": "http://www.jsyzsx.com/",
            "provinceId": 10,
            "level": "专科",
            "abbreviation": "jsyzsx",
            "city": "扬州市"
        }
    ]
}