{
    "university": [
        {
            "id": 3347,
            "name": "桂林电子科技大学",
            "website": "http://www.gliet.edu.cn/",
            "provinceId": 20,
            "level": "本科",
            "abbreviation": "gliet",
            "city": "桂林市"
        },
        {
            "id": 3348,
            "name": "桂林理工大学",
            "website": "http://www.glite.edu.cn/",
            "provinceId": 20,
            "level": "本科",
            "abbreviation": "glite",
            "city": "桂林市"
        },
        {
            "id": 3352,
            "name": "桂林医学院",
            "website": "http://www.glmc.edu.cn/",
            "provinceId": 20,
            "level": "本科",
            "abbreviation": "glmc",
            "city": "桂林市"
        },
        {
            "id": 3353,
            "name": "广西师范大学",
            "website": "http://www.gxnu.edu.cn/",
            "provinceId": 20,
            "level": "本科",
            "abbreviation": "gxnu",
            "city": "桂林市"
        },
        {
            "id": 3366,
            "name": "桂林航天工业学院",
            "website": "http://www.guat.edu.cn/",
            "provinceId": 20,
            "level": "本科",
            "abbreviation": "guat",
            "city": "桂林市"
        },
        {
            "id": 3367,
            "name": "桂林旅游学院",
            "website": "http://www.glit.cn/",
            "provinceId": 20,
            "level": "本科",
            "abbreviation": "glit",
            "city": "桂林市"
        },
        {
            "id": 3374,
            "name": "广西师范大学漓江学院",
            "website": "http://www.gxljcollege.cn/",
            "provinceId": 20,
            "level": "本科",
            "abbreviation": "gxljcolleg",
            "city": "桂林市"
        },
        {
            "id": 3377,
            "name": "桂林电子科技大学信息科技学院",
            "website": "http://iit.guet.edu.cn/",
            "provinceId": 20,
            "level": "本科",
            "abbreviation": "guet",
            "city": "桂林市"
        },
        {
            "id": 3378,
            "name": "桂林理工大学博文管理学院",
            "website": "http://bwgl.glite.edu.cn/",
            "provinceId": 20,
            "level": "本科",
            "abbreviation": "glite",
            "city": "桂林市"
        },
        {
            "id": 3385,
            "name": "桂林师范高等专科学校",
            "website": "http://www.glnc.edu.cn/",
            "provinceId": 20,
            "level": "专科",
            "abbreviation": "glnc",
            "city": "桂林市"
        },
        {
            "id": 3397,
            "name": "桂林山水职业学院",
            "website": "http://www.guolianweb.com/",
            "provinceId": 20,
            "level": "专科",
            "abbreviation": "guolianweb",
            "city": "桂林市"
        }
    ]
}