{
    "university": [
        {
            "id": 3740,
            "name": "西藏大学",
            "website": "http://www.utibet.edu.cn/",
            "provinceId": 26,
            "level": "本科",
            "abbreviation": "utibet",
            "city": "拉萨市"
        },
        {
            "id": 3742,
            "name": "西藏藏医学院",
            "website": "http://www.ttmc.edu.cn/",
            "provinceId": 26,
            "level": "本科",
            "abbreviation": "ttmc",
            "city": "拉萨市"
        },
        {
            "id": 3744,
            "name": "西藏警官高等专科学校",
            "website": "http://www.tpa.net.cn/",
            "provinceId": 26,
            "level": "专科",
            "abbreviation": "tpa",
            "city": "拉萨市"
        },
        {
            "id": 3745,
            "name": "拉萨师范高等专科学校",
            "website": "http://www.xzlssf.org/",
            "provinceId": 26,
            "level": "专科",
            "abbreviation": "xzlssf",
            "city": "拉萨市"
        },
        {
            "id": 3746,
            "name": "西藏职业技术学院",
            "website": "http://www.xzgzy.cn/",
            "provinceId": 26,
            "level": "专科",
            "abbreviation": "xzgzy",
            "city": "拉萨市"
        }
    ]
}