{
    "university": [
        {
            "id": 3688,
            "name": "楚雄师范学院",
            "website": "http://www.cxtc.net.cn/",
            "provinceId": 25,
            "level": "本科",
            "abbreviation": "cxtc",
            "city": "楚雄市"
        },
        {
            "id": 3721,
            "name": "楚雄医药高等专科学校",
            "website": "http://www.cxmtc.net/",
            "provinceId": 25,
            "level": "专科",
            "abbreviation": "cxmtc",
            "city": "楚雄市"
        }
    ]
}