{
    "university": [
        {
            "id": 3361,
            "name": "梧州学院",
            "website": "http://www.gxuwz.edu.cn/",
            "provinceId": 20,
            "level": "本科",
            "abbreviation": "gxuwz",
            "city": "梧州市"
        },
        {
            "id": 3408,
            "name": "梧州职业学院",
            "website": "http://www.wzzyedu.com/",
            "provinceId": 20,
            "level": "专科",
            "abbreviation": "wzzyedu",
            "city": "梧州市"
        }
    ]
}