{
    "university": [
        {
            "id": 2576,
            "name": "景德镇陶瓷大学",
            "website": "http://www.jci.edu.cn/",
            "provinceId": 14,
            "level": "本科",
            "abbreviation": "jci",
            "city": "景德镇"
        },
        {
            "id": 2587,
            "name": "景德镇学院",
            "website": "http://www.jdzu.jx.cn/",
            "provinceId": 14,
            "level": "本科",
            "abbreviation": "jdzu",
            "city": "景德镇"
        }
    ]
}