{
    "university": [
        {
            "id": 1668,
            "name": "山西能源学院",
            "website": "http://www.sxeu.cn/",
            "provinceId": 4,
            "level": "本科",
            "abbreviation": "sxeu",
            "city": "晋中市"
        },
        {
            "id": 1700,
            "name": "晋中职业技术学院",
            "website": "http://www.jzzy.sx.cn/",
            "provinceId": 4,
            "level": "专科",
            "abbreviation": "jzzy",
            "city": "晋中市"
        },
        {
            "id": 1709,
            "name": "晋中师范高等专科学校",
            "website": "http://www.sxjzsf.cn/",
            "provinceId": 4,
            "level": "专科",
            "abbreviation": "sxjzsf",
            "city": "晋中市"
        }
    ]
}