{
    "university": [
        {
            "id": 2605,
            "name": "景德镇陶瓷大学科技艺术学院",
            "website": "http://www.jci-ky.cn/",
            "provinceId": 14,
            "level": "本科",
            "abbreviation": "jci-ky",
            "city": "景德镇市"
        },
        {
            "id": 2621,
            "name": "江西陶瓷工艺美术职业技术学院",
            "website": "http://www.jxgymy.com/",
            "provinceId": 14,
            "level": "专科",
            "abbreviation": "jxgymy",
            "city": "景德镇市"
        },
        {
            "id": 2660,
            "name": "景德镇陶瓷职业技术学院",
            "website": "http://www.jcivt.com/",
            "provinceId": 14,
            "level": "专科",
            "abbreviation": "jcivt",
            "city": "景德镇市"
        }
    ]
}