{
    "university": [
        {
            "id": 2100,
            "name": "江南大学",
            "website": "http://www.jiangnan.edu.cn/",
            "provinceId": 10,
            "level": "本科",
            "abbreviation": "jiangnan",
            "city": "无锡市"
        },
        {
            "id": 2136,
            "name": "无锡太湖学院",
            "website": "http://www.thxy.org/",
            "provinceId": 10,
            "level": "本科",
            "abbreviation": "thxy",
            "city": "无锡市"
        },
        {
            "id": 2169,
            "name": "无锡职业技术学院",
            "website": "http://www.wxit.edu.cn/",
            "provinceId": 10,
            "level": "专科",
            "abbreviation": "wxit",
            "city": "无锡市"
        },
        {
            "id": 2189,
            "name": "无锡科技职业学院",
            "website": "http://www.wxstc.cn/",
            "provinceId": 10,
            "level": "专科",
            "abbreviation": "wxstc",
            "city": "无锡市"
        },
        {
            "id": 2197,
            "name": "无锡商业职业技术学院",
            "website": "http://www.jscpu.com/",
            "provinceId": 10,
            "level": "专科",
            "abbreviation": "jscpu",
            "city": "无锡市"
        },
        {
            "id": 2205,
            "name": "太湖创意职业技术学院",
            "website": "http://www.thcyzy.org/",
            "provinceId": 10,
            "level": "专科",
            "abbreviation": "thcyzy",
            "city": "无锡市"
        },
        {
            "id": 2210,
            "name": "无锡南洋职业技术学院",
            "website": "http://www.wsoc.edu.cn/",
            "provinceId": 10,
            "level": "专科",
            "abbreviation": "wsoc",
            "city": "无锡市"
        },
        {
            "id": 2211,
            "name": "江南影视艺术职业学院",
            "website": "http://www.jnys.cn/",
            "provinceId": 10,
            "level": "专科",
            "abbreviation": "jnys",
            "city": "无锡市"
        },
        {
            "id": 2220,
            "name": "江苏信息职业技术学院",
            "website": "http://www.jsit.edu.cn/",
            "provinceId": 10,
            "level": "专科",
            "abbreviation": "jsit",
            "city": "无锡市"
        },
        {
            "id": 2226,
            "name": "无锡城市职业技术学院",
            "website": "http://www.wxcsxy.com/",
            "provinceId": 10,
            "level": "专科",
            "abbreviation": "wxcsxy",
            "city": "无锡市"
        },
        {
            "id": 2227,
            "name": "无锡工艺职业技术学院",
            "website": "http://www.wxgyxy.cn/",
            "provinceId": 10,
            "level": "专科",
            "abbreviation": "wxgyxy",
            "city": "无锡市"
        }
    ]
}