{
    "university": [
        {
            "id": 2740,
            "name": "日照职业技术学院",
            "website": "http://www.rzpt.cn/",
            "provinceId": 15,
            "level": "专科",
            "abbreviation": "rzpt",
            "city": "日照市"
        },
        {
            "id": 2758,
            "name": "山东水利职业学院",
            "website": "http://www.sdwrp.com/",
            "provinceId": 15,
            "level": "专科",
            "abbreviation": "sdwrp",
            "city": "日照市"
        },
        {
            "id": 2776,
            "name": "山东外国语职业学院",
            "website": "http://www.sdflc.com/",
            "provinceId": 15,
            "level": "专科",
            "abbreviation": "sdflc",
            "city": "日照市"
        },
        {
            "id": 2813,
            "name": "日照航海工程职业学院",
            "website": "http://www.rzmevc.com/",
            "provinceId": 15,
            "level": "专科",
            "abbreviation": "rzmevc",
            "city": "日照市"
        }
    ]
}