{
    "university": [
        {
            "id": 3691,
            "name": "文山学院",
            "website": "http://www.wstc.net/",
            "provinceId": 25,
            "level": "本科",
            "abbreviation": "wstc",
            "city": "文山市"
        },
        {
            "id": 3728,
            "name": "云南三鑫职业技术学院",
            "website": "http://www.ynsxzy.com/",
            "provinceId": 25,
            "level": "专科",
            "abbreviation": "ynsxzy",
            "city": "文山市"
        }
    ]
}