{
    "university": [
        {
            "id": 2592,
            "name": "新余学院",
            "website": "http://www.xyc.edu.cn/",
            "provinceId": 14,
            "level": "本科",
            "abbreviation": "xyc",
            "city": "新余市"
        },
        {
            "id": 2594,
            "name": "江西工程学院",
            "website": "http://www.ygxy.com/",
            "provinceId": 14,
            "level": "本科",
            "abbreviation": "ygxy",
            "city": "新余市"
        },
        {
            "id": 2652,
            "name": "赣西科技职业学院",
            "website": "http://www.ganxidx.com/",
            "provinceId": 14,
            "level": "专科",
            "abbreviation": "ganxidx",
            "city": "新余市"
        },
        {
            "id": 2654,
            "name": "江西新能源科技职业学院",
            "website": "http://www.tynxy.com/",
            "provinceId": 14,
            "level": "专科",
            "abbreviation": "tynxy",
            "city": "新余市"
        },
        {
            "id": 2657,
            "name": "江西冶金职业技术学院",
            "website": "http://www.jxyjxy.com/",
            "provinceId": 14,
            "level": "专科",
            "abbreviation": "jxyjxy",
            "city": "新余市"
        }
    ]
}