{
    "university": [
        {
            "id": 2822,
            "name": "河南科技学院",
            "website": "http://www.hist.edu.cn/",
            "provinceId": 16,
            "level": "本科",
            "abbreviation": "hist",
            "city": "新乡市"
        },
        {
            "id": 2825,
            "name": "新乡医学院",
            "website": "http://www.xxmu.edu.cn/",
            "provinceId": 16,
            "level": "本科",
            "abbreviation": "xxmu",
            "city": "新乡市"
        },
        {
            "id": 2827,
            "name": "河南师范大学",
            "website": "http://www.henannu.edu.cn/",
            "provinceId": 16,
            "level": "本科",
            "abbreviation": "henannu",
            "city": "新乡市"
        },
        {
            "id": 2841,
            "name": "新乡学院",
            "website": "http://www.xxu.edu.cn/",
            "provinceId": 16,
            "level": "本科",
            "abbreviation": "xxu",
            "city": "新乡市"
        },
        {
            "id": 2843,
            "name": "河南工学院",
            "website": "http://www.hneeu.edu.cn/",
            "provinceId": 16,
            "level": "本科",
            "abbreviation": "hneeu",
            "city": "新乡市"
        },
        {
            "id": 2862,
            "name": "新乡医学院三全学院",
            "website": "http://www.sqmc.edu.cn/",
            "provinceId": 16,
            "level": "本科",
            "abbreviation": "sqmc",
            "city": "新乡市"
        },
        {
            "id": 2863,
            "name": "河南科技学院新科学院",
            "website": "http://xkxy.hist.edu.cn/",
            "provinceId": 16,
            "level": "本科",
            "abbreviation": "hist",
            "city": "新乡市"
        },
        {
            "id": 2915,
            "name": "新乡职业技术学院",
            "website": "http://www.xxvtc.com/",
            "provinceId": 16,
            "level": "专科",
            "abbreviation": "xxvtc",
            "city": "新乡市"
        }
    ]
}