{
    "university": [
        {
            "id": 2961,
            "name": "湖北民族学院",
            "website": "http://www.hbmy.edu.cn/",
            "provinceId": 17,
            "level": "本科",
            "abbreviation": "hbmy",
            "city": "恩施市"
        },
        {
            "id": 3000,
            "name": "湖北民族学院科技学院",
            "website": "http://www.hbmykjxy.cn/",
            "provinceId": 17,
            "level": "本科",
            "abbreviation": "hbmykjxy",
            "city": "恩施市"
        },
        {
            "id": 3022,
            "name": "恩施职业技术学院",
            "website": "http://www.eszy.edu.cn/",
            "provinceId": 17,
            "level": "专科",
            "abbreviation": "eszy",
            "city": "恩施市"
        }
    ]
}