{
    "university": [
        {
            "id": 3671,
            "name": "云南大学",
            "website": "http://www.ynu.edu.cn/",
            "provinceId": 25,
            "level": "本科",
            "abbreviation": "ynu",
            "city": "昆明市"
        },
        {
            "id": 3672,
            "name": "昆明理工大学",
            "website": "http://www.kmust.edu.cn/",
            "provinceId": 25,
            "level": "本科",
            "abbreviation": "kmust",
            "city": "昆明市"
        },
        {
            "id": 3673,
            "name": "云南农业大学",
            "website": "http://www.ynau.edu.cn/",
            "provinceId": 25,
            "level": "本科",
            "abbreviation": "ynau",
            "city": "昆明市"
        },
        {
            "id": 3674,
            "name": "西南林业大学",
            "website": "http://www.swfc.edu.cn/",
            "provinceId": 25,
            "level": "本科",
            "abbreviation": "swfc",
            "city": "昆明市"
        },
        {
            "id": 3675,
            "name": "昆明医科大学",
            "website": "http://www.kmmc.cn/",
            "provinceId": 25,
            "level": "本科",
            "abbreviation": "kmmc",
            "city": "昆明市"
        },
        {
            "id": 3677,
            "name": "云南中医学院",
            "website": "http://www.ynutcm.edu.cn/",
            "provinceId": 25,
            "level": "本科",
            "abbreviation": "ynutcm",
            "city": "昆明市"
        },
        {
            "id": 3678,
            "name": "云南师范大学",
            "website": "http://www.ynnu.edu.cn/",
            "provinceId": 25,
            "level": "本科",
            "abbreviation": "ynnu",
            "city": "昆明市"
        },
        {
            "id": 3684,
            "name": "云南财经大学",
            "website": "http://www.ynufe.edu.cn/",
            "provinceId": 25,
            "level": "本科",
            "abbreviation": "ynufe",
            "city": "昆明市"
        },
        {
            "id": 3685,
            "name": "云南艺术学院",
            "website": "http://www.ynart.edu.cn/",
            "provinceId": 25,
            "level": "本科",
            "abbreviation": "ynart",
            "city": "昆明市"
        },
        {
            "id": 3686,
            "name": "云南民族大学",
            "website": "http://www.ynni.edu.cn/",
            "provinceId": 25,
            "level": "本科",
            "abbreviation": "ynni",
            "city": "昆明市"
        },
        {
            "id": 3689,
            "name": "云南警官学院",
            "website": "http://www.yn-psnc.com/",
            "provinceId": 25,
            "level": "本科",
            "abbreviation": "yn-psnc",
            "city": "昆明市"
        },
        {
            "id": 3690,
            "name": "昆明学院",
            "website": "http://www.kmu.edu.cn/",
            "provinceId": 25,
            "level": "本科",
            "abbreviation": "kmu",
            "city": "昆明市"
        },
        {
            "id": 3692,
            "name": "云南经济管理学院",
            "website": "http://www.ynjgx.com/",
            "provinceId": 25,
            "level": "本科",
            "abbreviation": "ynjgx",
            "city": "昆明市"
        },
        {
            "id": 3693,
            "name": "云南大学滇池学院",
            "website": "http://dcxy.ynu.edu.cn/",
            "provinceId": 25,
            "level": "本科",
            "abbreviation": "ynu",
            "city": "昆明市"
        },
        {
            "id": 3695,
            "name": "昆明理工大学津桥学院",
            "website": "http://www.oxbridge.edu.cn/",
            "provinceId": 25,
            "level": "本科",
            "abbreviation": "oxbridge",
            "city": "昆明市"
        },
        {
            "id": 3696,
            "name": "云南师范大学商学院",
            "website": "http://www.ynnubs.com/",
            "provinceId": 25,
            "level": "本科",
            "abbreviation": "ynnubs",
            "city": "昆明市"
        },
        {
            "id": 3697,
            "name": "云南师范大学文理学院",
            "website": "http://www.ysdwl.cn/",
            "provinceId": 25,
            "level": "本科",
            "abbreviation": "ysdwl",
            "city": "昆明市"
        },
        {
            "id": 3698,
            "name": "昆明医学院海源学院",
            "website": "http://www.kyhyxy.com/",
            "provinceId": 25,
            "level": "本科",
            "abbreviation": "kyhyxy",
            "city": "昆明市"
        },
        {
            "id": 3699,
            "name": "云南艺术学院文华学院",
            "website": "http://whxy.ynart.edu.cn/",
            "provinceId": 25,
            "level": "本科",
            "abbreviation": "ynart",
            "city": "昆明市"
        },
        {
            "id": 3700,
            "name": "云南工商学院",
            "website": "http://www.yngsxy.net/",
            "provinceId": 25,
            "level": "本科",
            "abbreviation": "yngsxy",
            "city": "昆明市"
        },
        {
            "id": 3702,
            "name": "昆明冶金高等专科学校",
            "website": "http://www.kmyz.edu.cn/",
            "provinceId": 25,
            "level": "专科",
            "abbreviation": "kmyz",
            "city": "昆明市"
        },
        {
            "id": 3703,
            "name": "云南国土资源职业学院",
            "website": "http://www.yngtxy.net/",
            "provinceId": 25,
            "level": "专科",
            "abbreviation": "yngtxy",
            "city": "昆明市"
        },
        {
            "id": 3704,
            "name": "云南交通职业技术学院",
            "website": "http://www.yncs.edu.cn/",
            "provinceId": 25,
            "level": "专科",
            "abbreviation": "yncs",
            "city": "昆明市"
        },
        {
            "id": 3705,
            "name": "昆明工业职业技术学院",
            "website": "http://www.kmvtc.net/",
            "provinceId": 25,
            "level": "专科",
            "abbreviation": "kmvtc",
            "city": "昆明市"
        },
        {
            "id": 3706,
            "name": "云南农业职业技术学院",
            "website": "http://www.ynavc.com/",
            "provinceId": 25,
            "level": "专科",
            "abbreviation": "ynavc",
            "city": "昆明市"
        },
        {
            "id": 3707,
            "name": "云南司法警官职业学院",
            "website": "http://www.yncpu.net/",
            "provinceId": 25,
            "level": "专科",
            "abbreviation": "yncpu",
            "city": "昆明市"
        },
        {
            "id": 3708,
            "name": "云南文化艺术职业学院",
            "website": "http://www.ynarts.cn/",
            "provinceId": 25,
            "level": "专科",
            "abbreviation": "ynarts",
            "city": "昆明市"
        },
        {
            "id": 3709,
            "name": "云南体育运动职业技术学院",
            "website": "http://www.ynasc.com/",
            "provinceId": 25,
            "level": "专科",
            "abbreviation": "ynasc",
            "city": "昆明市"
        },
        {
            "id": 3710,
            "name": "云南科技信息职业学院",
            "website": "http://www.ynkexin.cn/",
            "provinceId": 25,
            "level": "专科",
            "abbreviation": "ynkexin",
            "city": "昆明市"
        },
        {
            "id": 3712,
            "name": "昆明艺术职业学院",
            "website": "http://www.kmac.org.cn/",
            "provinceId": 25,
            "level": "专科",
            "abbreviation": "kmac",
            "city": "昆明市"
        },
        {
            "id": 3715,
            "name": "云南国防工业职业技术学院",
            "website": "http://www.ynvtc.cn/",
            "provinceId": 25,
            "level": "专科",
            "abbreviation": "ynvtc",
            "city": "昆明市"
        },
        {
            "id": 3716,
            "name": "云南机电职业技术学院",
            "website": "http://www.ynmec.com/",
            "provinceId": 25,
            "level": "专科",
            "abbreviation": "ynmec",
            "city": "昆明市"
        },
        {
            "id": 3717,
            "name": "云南林业职业技术学院",
            "website": "http://www.ynftc.cn/",
            "provinceId": 25,
            "level": "专科",
            "abbreviation": "ynftc",
            "city": "昆明市"
        },
        {
            "id": 3718,
            "name": "云南城市建设职业学院",
            "website": "http://www.yncjxy.com/",
            "provinceId": 25,
            "level": "专科",
            "abbreviation": "yncjxy",
            "city": "昆明市"
        },
        {
            "id": 3719,
            "name": "云南工程职业学院",
            "website": "http://www.sailingedu.com/",
            "provinceId": 25,
            "level": "专科",
            "abbreviation": "sailingedu",
            "city": "昆明市"
        },
        {
            "id": 3725,
            "name": "云南新兴职业学院",
            "website": "http://www.ynxzy.com/",
            "provinceId": 25,
            "level": "专科",
            "abbreviation": "ynxzy",
            "city": "昆明市"
        },
        {
            "id": 3727,
            "name": "云南经贸外事职业学院",
            "website": "http://www.ynjw.net/",
            "provinceId": 25,
            "level": "专科",
            "abbreviation": "ynjw",
            "city": "昆明市"
        },
        {
            "id": 3730,
            "name": "云南商务职业学院",
            "website": "http://www.ynswzyxy.com/",
            "provinceId": 25,
            "level": "专科",
            "abbreviation": "ynswzyxy",
            "city": "昆明市"
        },
        {
            "id": 3731,
            "name": "昆明卫生职业学院",
            "website": "http://www.kmhpc.net/",
            "provinceId": 25,
            "level": "专科",
            "abbreviation": "kmhpc",
            "city": "昆明市"
        },
        {
            "id": 3733,
            "name": "云南旅游职业学院",
            "website": "http://www.ynctv.com/",
            "provinceId": 25,
            "level": "专科",
            "abbreviation": "ynctv",
            "city": "昆明市"
        },
        {
            "id": 3735,
            "name": "云南外事外语职业学院",
            "website": "http://www.fafl.cn/",
            "provinceId": 25,
            "level": "专科",
            "abbreviation": "fafl",
            "city": "昆明市"
        },
        {
            "id": 3737,
            "name": "云南财经职业学院",
            "website": "http://www.ynczy.cn/",
            "provinceId": 25,
            "level": "专科",
            "abbreviation": "ynczy",
            "city": "昆明市"
        },
        {
            "id": 3738,
            "name": "云南轻纺职业学院",
            "website": "http://www.ynqgx.cn/",
            "provinceId": 25,
            "level": "专科",
            "abbreviation": "ynqgx",
            "city": "昆明市"
        },
        {
            "id": 3739,
            "name": "云南交通运输职业学院",
            "website": "http://www.ynvct.com/",
            "provinceId": 25,
            "level": "专科",
            "abbreviation": "ynvct",
            "city": "昆明市"
        }
    ]
}