{
    "university": [
        {
            "id": 3927,
            "name": "昌吉学院",
            "website": "http://www.cjc.edu.cn/",
            "provinceId": 31,
            "level": "本科",
            "abbreviation": "cjc",
            "city": "昌吉市"
        },
        {
            "id": 3935,
            "name": "新疆农业职业技术学院",
            "website": "http://www.xjnzy.edu.cn/",
            "provinceId": 31,
            "level": "专科",
            "abbreviation": "xjnzy",
            "city": "昌吉市"
        },
        {
            "id": 3941,
            "name": "昌吉职业技术学院",
            "website": "http://www.cjpt.cn/",
            "provinceId": 31,
            "level": "专科",
            "abbreviation": "cjpt",
            "city": "昌吉市"
        }
    ]
}