{
    "university": [
        {
            "id": 2165,
            "name": "昆山杜克大学",
            "website": "http://dku.edu.cn/",
            "provinceId": 10,
            "level": "本科",
            "abbreviation": "edu",
            "city": "昆山市"
        },
        {
            "id": 2234,
            "name": "昆山登云科技职业学院",
            "website": "http://www.dyc.edu.cn/",
            "provinceId": 10,
            "level": "专科",
            "abbreviation": "dyc",
            "city": "昆山市"
        }
    ]
}