{
    "university": [
        {
            "id": 3346,
            "name": "广西科技大学",
            "website": "http://www.gxut.edu.cn/",
            "provinceId": 20,
            "level": "本科",
            "abbreviation": "gxut",
            "city": "柳州市"
        },
        {
            "id": 3372,
            "name": "广西科技大学鹿山学院",
            "website": "http://www.lzls.gxut.edu.cn/",
            "provinceId": 20,
            "level": "本科",
            "abbreviation": "lzls",
            "city": "柳州市"
        },
        {
            "id": 3387,
            "name": "柳州职业技术学院",
            "website": "http://www.lzzy.net/",
            "provinceId": 20,
            "level": "专科",
            "abbreviation": "lzzy",
            "city": "柳州市"
        },
        {
            "id": 3388,
            "name": "广西生态工程职业技术学院",
            "website": "http://www.gxstzy.cn/",
            "provinceId": 20,
            "level": "专科",
            "abbreviation": "gxstzy",
            "city": "柳州市"
        },
        {
            "id": 3393,
            "name": "柳州铁道职业技术学院",
            "website": "http://www.lztdzy.com/",
            "provinceId": 20,
            "level": "专科",
            "abbreviation": "lztdzy",
            "city": "柳州市"
        },
        {
            "id": 3404,
            "name": "柳州城市职业学院",
            "website": "http://www.lcvc.cn/",
            "provinceId": 20,
            "level": "专科",
            "abbreviation": "lcvc",
            "city": "柳州市"
        }
    ]
}