{
    "university": [
        {
            "id": 2701,
            "name": "枣庄学院",
            "website": "http://www.uzz.edu.cn/",
            "provinceId": 15,
            "level": "本科",
            "abbreviation": "uzz",
            "city": "枣庄市"
        },
        {
            "id": 2779,
            "name": "枣庄科技职业学院",
            "website": "http://www.zzkjxy.com/",
            "provinceId": 15,
            "level": "专科",
            "abbreviation": "zzkjxy",
            "city": "枣庄市"
        },
        {
            "id": 2798,
            "name": "枣庄职业学院",
            "website": "http://www.sdzzvc.cn/",
            "provinceId": 15,
            "level": "专科",
            "abbreviation": "sdzzvc",
            "city": "枣庄市"
        }
    ]
}