{
    "university": [
        {
            "id": 2819,
            "name": "河南科技大学",
            "website": "http://www.haust.edu.cn/",
            "provinceId": 16,
            "level": "本科",
            "abbreviation": "haust",
            "city": "洛阳市"
        },
        {
            "id": 2833,
            "name": "洛阳师范学院",
            "website": "http://www.lynu.cn/",
            "provinceId": 16,
            "level": "本科",
            "abbreviation": "lynu",
            "city": "洛阳市"
        },
        {
            "id": 2840,
            "name": "洛阳理工学院",
            "website": "http://www.lit.edu.cn/",
            "provinceId": 16,
            "level": "本科",
            "abbreviation": "lit",
            "city": "洛阳市"
        },
        {
            "id": 2907,
            "name": "河南林业职业学院",
            "website": "http://www.hnfjc.cn/",
            "provinceId": 16,
            "level": "专科",
            "abbreviation": "hnfjc",
            "city": "洛阳市"
        },
        {
            "id": 2932,
            "name": "河南推拿职业学院",
            "website": "http://www.hnzjschool.com/",
            "provinceId": 16,
            "level": "专科",
            "abbreviation": "hnzjschool",
            "city": "洛阳市"
        },
        {
            "id": 2933,
            "name": "洛阳职业技术学院",
            "website": "http://www.lyvtc.net/",
            "provinceId": 16,
            "level": "专科",
            "abbreviation": "lyvtc",
            "city": "洛阳市"
        },
        {
            "id": 2940,
            "name": "洛阳科技职业学院",
            "website": "http://www.lykjxy.cn/",
            "provinceId": 16,
            "level": "专科",
            "abbreviation": "lykjxy",
            "city": "洛阳市"
        }
    ]
}