{
    "university": [
        {
            "id": 2135,
            "name": "泰州学院",
            "website": "http://www.tzu-edu.cn/",
            "provinceId": 10,
            "level": "本科",
            "abbreviation": "tzu-edu",
            "city": "泰州市"
        },
        {
            "id": 2143,
            "name": "南京理工大学泰州科技学院",
            "website": "http://www.nustti.edu.cn/",
            "provinceId": 10,
            "level": "本科",
            "abbreviation": "nustti",
            "city": "泰州市"
        },
        {
            "id": 2144,
            "name": "南京师范大学泰州学院",
            "website": "http://www.njnutz.com/",
            "provinceId": 10,
            "level": "本科",
            "abbreviation": "njnutz",
            "city": "泰州市"
        },
        {
            "id": 2148,
            "name": "南京中医药大学翰林学院",
            "website": "http://www.hlxy.edu.cn/",
            "provinceId": 10,
            "level": "本科",
            "abbreviation": "hlxy",
            "city": "泰州市"
        },
        {
            "id": 2184,
            "name": "泰州职业技术学院",
            "website": "http://www.tzpc.edu.cn/",
            "provinceId": 10,
            "level": "专科",
            "abbreviation": "tzpc",
            "city": "泰州市"
        },
        {
            "id": 2201,
            "name": "江苏农牧科技职业学院",
            "website": "http://www.jsahvc.edu.cn/",
            "provinceId": 10,
            "level": "专科",
            "abbreviation": "jsahvc",
            "city": "泰州市"
        }
    ]
}