{
    "university": [
        {
            "id": 3512,
            "name": "西南医科大学",
            "website": "http://www.scmu.edu.cn/",
            "provinceId": 23,
            "level": "本科",
            "abbreviation": "scmu",
            "city": "泸州市"
        },
        {
            "id": 3532,
            "name": "四川警察学院",
            "website": "http://www.scpolicec.com/",
            "provinceId": 23,
            "level": "本科",
            "abbreviation": "scpolicec",
            "city": "泸州市"
        },
        {
            "id": 3556,
            "name": "四川化工职业技术学院",
            "website": "http://www.sccvtc.cn/",
            "provinceId": 23,
            "level": "专科",
            "abbreviation": "sccvtc",
            "city": "泸州市"
        },
        {
            "id": 3573,
            "name": "泸州职业技术学院",
            "website": "http://www.lzy.edu.cn/",
            "provinceId": 23,
            "level": "专科",
            "abbreviation": "lzy",
            "city": "泸州市"
        },
        {
            "id": 3595,
            "name": "四川三河职业学院",
            "website": "http://www.scshpc.com/",
            "provinceId": 23,
            "level": "专科",
            "abbreviation": "scshpc",
            "city": "泸州市"
        }
    ]
}