{
    "university": [
        {
            "id": 2679,
            "name": "山东农业大学",
            "website": "http://www.sdau.edu.cn/",
            "provinceId": 15,
            "level": "本科",
            "abbreviation": "sdau",
            "city": "泰安市"
        },
        {
            "id": 2682,
            "name": "泰山医学院",
            "website": "http://www.tsmc.edu.cn/",
            "provinceId": 15,
            "level": "本科",
            "abbreviation": "tsmc",
            "city": "泰安市"
        },
        {
            "id": 2693,
            "name": "泰山学院",
            "website": "http://www.tsu.edu.cn/",
            "provinceId": 15,
            "level": "本科",
            "abbreviation": "tsu",
            "city": "泰安市"
        },
        {
            "id": 2723,
            "name": "山东科技大学泰山科技学院",
            "website": "http://tskjxy.sdust.edu.cn/",
            "provinceId": 15,
            "level": "本科",
            "abbreviation": "sdust",
            "city": "泰安市"
        },
        {
            "id": 2728,
            "name": "山东财经大学东方学院",
            "website": "http://www.sdor.cn/",
            "provinceId": 15,
            "level": "本科",
            "abbreviation": "sdor",
            "city": "泰安市"
        },
        {
            "id": 2754,
            "name": "山东服装职业学院",
            "website": "http://www.svict.com/",
            "provinceId": 15,
            "level": "专科",
            "abbreviation": "svict",
            "city": "泰安市"
        },
        {
            "id": 2787,
            "name": "泰山职业技术学院",
            "website": "http://www.mtotc.com.cn/",
            "provinceId": 15,
            "level": "专科",
            "abbreviation": "mtotc",
            "city": "泰安市"
        },
        {
            "id": 2804,
            "name": "泰山护理职业学院",
            "website": "http://www.tawx.com.cn/",
            "provinceId": 15,
            "level": "专科",
            "abbreviation": "tawx",
            "city": "泰安市"
        }
    ]
}