{
    "university": [
        {
            "id": 2484,
            "name": "华侨大学",
            "website": "http://www.hqu.edu.cn/",
            "provinceId": 13,
            "level": "本科",
            "abbreviation": "hqu",
            "city": "泉州市"
        },
        {
            "id": 2495,
            "name": "泉州师范学院",
            "website": "http://www.qztc.edu.cn/",
            "provinceId": 13,
            "level": "本科",
            "abbreviation": "qztc",
            "city": "泉州市"
        },
        {
            "id": 2503,
            "name": "仰恩大学",
            "website": "http://www.yeu.edu.cn/",
            "provinceId": 13,
            "level": "本科",
            "abbreviation": "yeu",
            "city": "泉州市"
        },
        {
            "id": 2506,
            "name": "闽南理工学院",
            "website": "http://www.mnust.cn/",
            "provinceId": 13,
            "level": "本科",
            "abbreviation": "mnust",
            "city": "泉州市"
        },
        {
            "id": 2507,
            "name": "福建师范大学闽南科技学院",
            "website": "http://www.mnkjxy.com/",
            "provinceId": 13,
            "level": "本科",
            "abbreviation": "mnkjxy",
            "city": "泉州市"
        },
        {
            "id": 2523,
            "name": "黎明职业大学",
            "website": "http://www.lmu.cn/",
            "provinceId": 13,
            "level": "专科",
            "abbreviation": "lmu",
            "city": "泉州市"
        },
        {
            "id": 2529,
            "name": "福建电力职业技术学院",
            "website": "http://www.fjdy.net/",
            "provinceId": 13,
            "level": "专科",
            "abbreviation": "fjdy",
            "city": "泉州市"
        },
        {
            "id": 2533,
            "name": "泉州医学高等专科学校",
            "website": "http://www.qzygz.com/",
            "provinceId": 13,
            "level": "专科",
            "abbreviation": "qzygz",
            "city": "泉州市"
        },
        {
            "id": 2535,
            "name": "泉州纺织服装职业学院",
            "website": "http://www.qzfzfz.com/",
            "provinceId": 13,
            "level": "专科",
            "abbreviation": "qzfzfz",
            "city": "泉州市"
        },
        {
            "id": 2536,
            "name": "泉州华光职业学院",
            "website": "http://www.hgu.cn/",
            "provinceId": 13,
            "level": "专科",
            "abbreviation": "hgu",
            "city": "泉州市"
        },
        {
            "id": 2537,
            "name": "泉州理工职业学院",
            "website": "http://www.qzit.edu.cn/",
            "provinceId": 13,
            "level": "专科",
            "abbreviation": "qzit",
            "city": "泉州市"
        },
        {
            "id": 2543,
            "name": "泉州经贸职业技术学院",
            "website": "http://www.qzjmc.cn/",
            "provinceId": 13,
            "level": "专科",
            "abbreviation": "qzjmc",
            "city": "泉州市"
        },
        {
            "id": 2550,
            "name": "泉州工艺美术职业学院",
            "website": "http://www.dhcc.cc/",
            "provinceId": 13,
            "level": "专科",
            "abbreviation": "dhcc",
            "city": "泉州市"
        },
        {
            "id": 2564,
            "name": "泉州海洋职业学院",
            "website": "http://www.qzoiedu.com/",
            "provinceId": 13,
            "level": "专科",
            "abbreviation": "qzoiedu",
            "city": "泉州市"
        },
        {
            "id": 2565,
            "name": "泉州轻工职业学院",
            "website": "http://www.qzqgxy.com/",
            "provinceId": 13,
            "level": "专科",
            "abbreviation": "qzqgxy",
            "city": "泉州市"
        },
        {
            "id": 2567,
            "name": "泉州幼儿师范高等专科学校",
            "website": "http://www.qzygz.net/",
            "provinceId": 13,
            "level": "专科",
            "abbreviation": "qzygz",
            "city": "泉州市"
        },
        {
            "id": 2569,
            "name": "泉州工程职业技术学院",
            "website": "http://www.qzgcxy.com/",
            "provinceId": 13,
            "level": "专科",
            "abbreviation": "qzgcxy",
            "city": "泉州市"
        }
    ]
}