{
    "university": [
        {
            "id": 2875,
            "name": "濮阳职业技术学院",
            "website": "http://www.pyvtc.cn/",
            "provinceId": 16,
            "level": "专科",
            "abbreviation": "pyvtc",
            "city": "濮阳市"
        },
        {
            "id": 2941,
            "name": "濮阳医学高等专科学校",
            "website": "http://www.pyyzh.cn/",
            "provinceId": 16,
            "level": "专科",
            "abbreviation": "pyyzh",
            "city": "濮阳市"
        }
    ]
}