{
    "university": [
        {
            "id": 2264,
            "name": "温州医科大学",
            "website": "http://www.wzmc.net/",
            "provinceId": 11,
            "level": "本科",
            "abbreviation": "wzmc",
            "city": "温州市"
        },
        {
            "id": 2271,
            "name": "温州大学",
            "website": "http://www.wzu.edu.cn/",
            "provinceId": 11,
            "level": "本科",
            "abbreviation": "wzu",
            "city": "温州市"
        },
        {
            "id": 2300,
            "name": "温州医科大学仁济学院",
            "website": "http://rjxy.wzmc.edu.cn/",
            "provinceId": 11,
            "level": "本科",
            "abbreviation": "wzmc",
            "city": "温州市"
        },
        {
            "id": 2305,
            "name": "温州大学瓯江学院",
            "website": "http://www.ojc.zj.cn/",
            "provinceId": 11,
            "level": "本科",
            "abbreviation": "ojc",
            "city": "温州市"
        },
        {
            "id": 2310,
            "name": "温州商学院",
            "website": "http://www.wzbc.edu.cn/",
            "provinceId": 11,
            "level": "本科",
            "abbreviation": "wzbc",
            "city": "温州市"
        },
        {
            "id": 2316,
            "name": "温州肯恩大学",
            "website": "http://www.wku.edu.cn/",
            "provinceId": 11,
            "level": "本科",
            "abbreviation": "wku",
            "city": "温州市"
        },
        {
            "id": 2318,
            "name": "温州职业技术学院",
            "website": "http://www.wzvtc.cn/",
            "provinceId": 11,
            "level": "专科",
            "abbreviation": "wzvtc",
            "city": "温州市"
        },
        {
            "id": 2325,
            "name": "浙江工贸职业技术学院",
            "website": "http://www.zjitc.net/",
            "provinceId": 11,
            "level": "专科",
            "abbreviation": "zjitc",
            "city": "温州市"
        },
        {
            "id": 2344,
            "name": "浙江东方职业技术学院",
            "website": "http://www.zjdfc.com/",
            "provinceId": 11,
            "level": "专科",
            "abbreviation": "zjdfc",
            "city": "温州市"
        },
        {
            "id": 2357,
            "name": "温州科技职业学院",
            "website": "http://www.wzvcst.cn/",
            "provinceId": 11,
            "level": "专科",
            "abbreviation": "wzvcst",
            "city": "温州市"
        },
        {
            "id": 2362,
            "name": "浙江安防职业技术学院",
            "website": "http://www.zjist.cn/",
            "provinceId": 11,
            "level": "专科",
            "abbreviation": "zjist",
            "city": "温州市"
        }
    ]
}