{
    "university": [
        {
            "id": 3417,
            "name": "海南大学",
            "website": "http://www.hainu.edu.cn/",
            "provinceId": 21,
            "level": "本科",
            "abbreviation": "hainu",
            "city": "海口市"
        },
        {
            "id": 3419,
            "name": "海南师范大学",
            "website": "http://www.hainnu.edu.cn/",
            "provinceId": 21,
            "level": "本科",
            "abbreviation": "hainnu",
            "city": "海口市"
        },
        {
            "id": 3420,
            "name": "海南医学院",
            "website": "http://www.hainmc.edu.cn/",
            "provinceId": 21,
            "level": "本科",
            "abbreviation": "hainmc",
            "city": "海口市"
        },
        {
            "id": 3421,
            "name": "海口经济学院",
            "website": "http://www.hkc.edu.cn/",
            "provinceId": 21,
            "level": "本科",
            "abbreviation": "hkc",
            "city": "海口市"
        },
        {
            "id": 3422,
            "name": "琼台师范学院",
            "website": "http://www.qttc.edu.cn/",
            "provinceId": 21,
            "level": "本科",
            "abbreviation": "qttc",
            "city": "海口市"
        },
        {
            "id": 3424,
            "name": "海南职业技术学院",
            "website": "http://www.hcvt.cn/",
            "provinceId": 21,
            "level": "专科",
            "abbreviation": "hcvt",
            "city": "海口市"
        },
        {
            "id": 3427,
            "name": "海南政法职业学院",
            "website": "http://www.hnplc.com/",
            "provinceId": 21,
            "level": "专科",
            "abbreviation": "hnplc",
            "city": "海口市"
        },
        {
            "id": 3429,
            "name": "海南经贸职业技术学院",
            "website": "http://www.hnjmc.com/",
            "provinceId": 21,
            "level": "专科",
            "abbreviation": "hnjmc",
            "city": "海口市"
        },
        {
            "id": 3430,
            "name": "海南工商职业学院",
            "website": "http://www.hntbc.edu.cn/",
            "provinceId": 21,
            "level": "专科",
            "abbreviation": "hntbc",
            "city": "海口市"
        },
        {
            "id": 3432,
            "name": "海南科技职业学院",
            "website": "http://www.hnkjedu.cn/",
            "provinceId": 21,
            "level": "专科",
            "abbreviation": "hnkjedu",
            "city": "海口市"
        },
        {
            "id": 3434,
            "name": "海南体育职业技术学院",
            "website": "http://www.hnstx.com/",
            "provinceId": 21,
            "level": "专科",
            "abbreviation": "hnstx",
            "city": "海口市"
        }
    ]
}