{
    "university": [
        {
            "id": 2200,
            "name": "淮安信息职业技术学院",
            "website": "http://www.hcit.edu.cn/",
            "provinceId": 10,
            "level": "专科",
            "abbreviation": "hcit",
            "city": "淮安市"
        },
        {
            "id": 2206,
            "name": "炎黄职业技术学院",
            "website": "http://www.yhust.edu.cn/",
            "provinceId": 10,
            "level": "专科",
            "abbreviation": "yhust",
            "city": "淮安市"
        },
        {
            "id": 2216,
            "name": "江苏食品药品职业技术学院",
            "website": "http://www.jsfsc.edu.cn/",
            "provinceId": 10,
            "level": "专科",
            "abbreviation": "jsfsc",
            "city": "淮安市"
        },
        {
            "id": 2231,
            "name": "江苏财经职业技术学院",
            "website": "http://www.jscjxy.cn/",
            "provinceId": 10,
            "level": "专科",
            "abbreviation": "jscjxy",
            "city": "淮安市"
        }
    ]
}