{
    "university": [
        {
            "id": 2268,
            "name": "湖州师范学院",
            "website": "http://www.hutc.zj.cn/",
            "provinceId": 11,
            "level": "本科",
            "abbreviation": "hutc",
            "city": "湖州市"
        },
        {
            "id": 2303,
            "name": "湖州师范学院求真学院",
            "website": "http://qzxy.hutc.zj.cn/",
            "provinceId": 11,
            "level": "本科",
            "abbreviation": "hutc",
            "city": "湖州市"
        },
        {
            "id": 2340,
            "name": "湖州职业技术学院",
            "website": "http://www.hzvtc.net/",
            "provinceId": 11,
            "level": "专科",
            "abbreviation": "hzvtc",
            "city": "湖州市"
        }
    ]
}