{
    "university": [
        {
            "id": 3218,
            "name": "深圳大学",
            "website": "http://www.szu.edu.cn/",
            "provinceId": 19,
            "level": "本科",
            "abbreviation": "szu",
            "city": "深圳市"
        },
        {
            "id": 3256,
            "name": "南方科技大学",
            "website": "http://www.sustc.edu.cn/",
            "provinceId": 19,
            "level": "本科",
            "abbreviation": "sustc",
            "city": "深圳市"
        },
        {
            "id": 3258,
            "name": "香港中文大学（深圳）",
            "website": "http://www.cuhk.edu.cn/",
            "provinceId": 19,
            "level": "本科",
            "abbreviation": "cuhk",
            "city": "深圳市"
        },
        {
            "id": 3259,
            "name": "深圳北理莫斯科大学",
            "website": "http://www.szmsubit.edu.cn/",
            "provinceId": 19,
            "level": "本科",
            "abbreviation": "szmsubit",
            "city": "深圳市"
        },
        {
            "id": 3266,
            "name": "深圳职业技术学院",
            "website": "http://www.szpt.edu.cn/",
            "provinceId": 19,
            "level": "专科",
            "abbreviation": "szpt",
            "city": "深圳市"
        },
        {
            "id": 3273,
            "name": "广东新安职业技术学院",
            "website": "http://www.gdxa.cn/",
            "provinceId": 19,
            "level": "专科",
            "abbreviation": "gdxa",
            "city": "深圳市"
        },
        {
            "id": 3293,
            "name": "深圳信息职业技术学院",
            "website": "http://www.sziit.com.cn/",
            "provinceId": 19,
            "level": "专科",
            "abbreviation": "sziit",
            "city": "深圳市"
        }
    ]
}