{
    "university": [
        {
            "id": 2685,
            "name": "济宁医学院",
            "website": "http://www.jnmc.edu.cn/",
            "provinceId": 15,
            "level": "本科",
            "abbreviation": "jnmc",
            "city": "济宁市"
        },
        {
            "id": 2694,
            "name": "济宁学院",
            "website": "http://www.jnxy.edu.cn/",
            "provinceId": 15,
            "level": "本科",
            "abbreviation": "jnxy",
            "city": "济宁市"
        },
        {
            "id": 2747,
            "name": "济宁职业技术学院",
            "website": "http://www.jnzjxy.com.cn/",
            "provinceId": 15,
            "level": "专科",
            "abbreviation": "jnzjxy",
            "city": "济宁市"
        },
        {
            "id": 2799,
            "name": "山东理工职业学院",
            "website": "http://www.sdlgzy.com/",
            "provinceId": 15,
            "level": "专科",
            "abbreviation": "sdlgzy",
            "city": "济宁市"
        }
    ]
}