{
    "university": [
        {
            "id": 2678,
            "name": "山东理工大学",
            "website": "http://www.sdut.edu.cn/",
            "provinceId": 15,
            "level": "本科",
            "abbreviation": "sdut",
            "city": "淄博市"
        },
        {
            "id": 2699,
            "name": "齐鲁医药学院",
            "website": "http://www.wjmu.net/",
            "provinceId": 15,
            "level": "本科",
            "abbreviation": "wjmu",
            "city": "淄博市"
        },
        {
            "id": 2763,
            "name": "淄博职业学院",
            "website": "http://www.zbvc.cn/",
            "provinceId": 15,
            "level": "专科",
            "abbreviation": "zbvc",
            "city": "淄博市"
        },
        {
            "id": 2770,
            "name": "山东工业职业学院",
            "website": "http://www.sdivc.net.cn/",
            "provinceId": 15,
            "level": "专科",
            "abbreviation": "sdivc",
            "city": "淄博市"
        },
        {
            "id": 2771,
            "name": "山东化工职业学院",
            "website": "http://www.qledu.net/",
            "provinceId": 15,
            "level": "专科",
            "abbreviation": "qledu",
            "city": "淄博市"
        },
        {
            "id": 2780,
            "name": "淄博师范高等专科学校",
            "website": "http://www.zbnc.edu.cn/",
            "provinceId": 15,
            "level": "专科",
            "abbreviation": "zbnc",
            "city": "淄博市"
        },
        {
            "id": 2785,
            "name": "山东铝业职业学院",
            "website": "http://www.shlzhj.net/",
            "provinceId": 15,
            "level": "专科",
            "abbreviation": "shlzhj",
            "city": "淄博市"
        },
        {
            "id": 2791,
            "name": "山东轻工职业学院",
            "website": "http://www.silkedu.com/",
            "provinceId": 15,
            "level": "专科",
            "abbreviation": "silkedu",
            "city": "淄博市"
        }
    ]
}