{
    "university": [
        {
            "id": 2368,
            "name": "安徽理工大学",
            "website": "http://www.aust.edu.cn/",
            "provinceId": 12,
            "level": "本科",
            "abbreviation": "aust",
            "city": "淮南市"
        },
        {
            "id": 2385,
            "name": "淮南师范学院",
            "website": "http://www.hnnu.edu.cn/",
            "provinceId": 12,
            "level": "本科",
            "abbreviation": "hnnu",
            "city": "淮南市"
        },
        {
            "id": 2412,
            "name": "淮南联合大学",
            "website": "http://www.hnuu.edu.cn/",
            "provinceId": 12,
            "level": "专科",
            "abbreviation": "hnuu",
            "city": "淮南市"
        },
        {
            "id": 2419,
            "name": "淮南职业技术学院",
            "website": "http://www.hnvtc.ah.edu.cn/",
            "provinceId": 12,
            "level": "专科",
            "abbreviation": "hnvtc",
            "city": "淮南市"
        },
        {
            "id": 2422,
            "name": "安徽工贸职业技术学院",
            "website": "http://www.ahgmedu.cn/",
            "provinceId": 12,
            "level": "专科",
            "abbreviation": "ahgmedu",
            "city": "淮南市"
        }
    ]
}