{
    "university": [
        {
            "id": 2113,
            "name": "淮阴师范学院",
            "website": "http://www.hytc.edu.cn/",
            "provinceId": 10,
            "level": "本科",
            "abbreviation": "hytc",
            "city": "淮阴市"
        },
        {
            "id": 2121,
            "name": "淮阴工学院",
            "website": "http://www.hyit.edu.cn/",
            "provinceId": 10,
            "level": "本科",
            "abbreviation": "hyit",
            "city": "淮阴市"
        }
    ]
}