{
    "university": [
        {
            "id": 2378,
            "name": "淮北师范大学",
            "website": "http://www.hbcnc.edu.cn/",
            "provinceId": 12,
            "level": "本科",
            "abbreviation": "hbcnc",
            "city": "淮北市"
        },
        {
            "id": 2406,
            "name": "淮北师范大学信息学院",
            "website": "http://www.hbcnc.edu.cn/Site/x",
            "provinceId": 12,
            "level": "本科",
            "abbreviation": "hbcnc",
            "city": "淮北市"
        },
        {
            "id": 2410,
            "name": "淮北职业技术学院",
            "website": "http://www.hbvtc.net/",
            "provinceId": 12,
            "level": "专科",
            "abbreviation": "hbvtc",
            "city": "淮北市"
        },
        {
            "id": 2467,
            "name": "安徽矿业职业技术学院",
            "website": "http://www.anhky.com/",
            "provinceId": 12,
            "level": "专科",
            "abbreviation": "anhky",
            "city": "淮北市"
        }
    ]
}