{
    "university": [
        {
            "id": 2381,
            "name": "滁州学院",
            "website": "http://www.chzu.edu.cn/",
            "provinceId": 12,
            "level": "本科",
            "abbreviation": "chzu",
            "city": "滁州市"
        },
        {
            "id": 2388,
            "name": "安徽科技学院",
            "website": "http://www.ahstu.edu.cn/",
            "provinceId": 12,
            "level": "本科",
            "abbreviation": "ahstu",
            "city": "滁州市"
        },
        {
            "id": 2432,
            "name": "滁州职业技术学院",
            "website": "http://www.czc.net.cn/",
            "provinceId": 12,
            "level": "专科",
            "abbreviation": "czc",
            "city": "滁州市"
        }
    ]
}