{
    "university": [
        {
            "id": 2683,
            "name": "滨州医学院",
            "website": "http://www.bzmc.edu.cn/",
            "provinceId": 15,
            "level": "本科",
            "abbreviation": "bzmc",
            "city": "滨州市"
        },
        {
            "id": 2690,
            "name": "滨州学院",
            "website": "http://www.bzu.edu.cn/",
            "provinceId": 15,
            "level": "本科",
            "abbreviation": "bzu",
            "city": "滨州市"
        },
        {
            "id": 2752,
            "name": "滨州职业学院",
            "website": "http://www.edubzvc.com.cn/",
            "provinceId": 15,
            "level": "专科",
            "abbreviation": "edubzvc",
            "city": "滨州市"
        }
    ]
}