{
    "university": [
        {
            "id": 3294,
            "name": "清远职业技术学院",
            "website": "http://www.qypt.com.cn/",
            "provinceId": 19,
            "level": "专科",
            "abbreviation": "qypt",
            "city": "清远市"
        },
        {
            "id": 3339,
            "name": "广东碧桂园职业学院",
            "website": "http://www.bgypt.com/",
            "provinceId": 19,
            "level": "专科",
            "abbreviation": "bgypt",
            "city": "清远市"
        }
    ]
}