{
    "university": [
        {
            "id": 2681,
            "name": "潍坊医学院",
            "website": "http://www.wfmc.edu.cn/",
            "provinceId": 15,
            "level": "本科",
            "abbreviation": "wfmc",
            "city": "潍坊市"
        },
        {
            "id": 2705,
            "name": "潍坊学院",
            "website": "http://www.wfu.edu.cn/",
            "provinceId": 15,
            "level": "本科",
            "abbreviation": "wfu",
            "city": "潍坊市"
        },
        {
            "id": 2711,
            "name": "潍坊科技学院",
            "website": "http://www.wfkjxy.com.cn/",
            "provinceId": 15,
            "level": "本科",
            "abbreviation": "wfkjxy",
            "city": "潍坊市"
        },
        {
            "id": 2748,
            "name": "潍坊职业学院",
            "website": "http://www.sdwfvc.com/",
            "provinceId": 15,
            "level": "专科",
            "abbreviation": "sdwfvc",
            "city": "潍坊市"
        },
        {
            "id": 2753,
            "name": "山东科技职业学院",
            "website": "http://www.sdzy.com.cn/",
            "provinceId": 15,
            "level": "专科",
            "abbreviation": "sdzy",
            "city": "潍坊市"
        },
        {
            "id": 2759,
            "name": "山东畜牧兽医职业学院",
            "website": "http://www.sdmyxy.cn/",
            "provinceId": 15,
            "level": "专科",
            "abbreviation": "sdmyxy",
            "city": "潍坊市"
        },
        {
            "id": 2762,
            "name": "山东交通职业学院",
            "website": "http://www.sdjtzyxy.com/",
            "provinceId": 15,
            "level": "专科",
            "abbreviation": "sdjtzyxy",
            "city": "潍坊市"
        },
        {
            "id": 2766,
            "name": "山东信息职业技术学院",
            "website": "http://www.sdcit.cn/",
            "provinceId": 15,
            "level": "专科",
            "abbreviation": "sdcit",
            "city": "潍坊市"
        },
        {
            "id": 2769,
            "name": "山东经贸职业学院",
            "website": "http://www.sdecu.com/",
            "provinceId": 15,
            "level": "专科",
            "abbreviation": "sdecu",
            "city": "潍坊市"
        },
        {
            "id": 2777,
            "name": "潍坊工商职业学院",
            "website": "http://www.wfgsxy.com/",
            "provinceId": 15,
            "level": "专科",
            "abbreviation": "wfgsxy",
            "city": "潍坊市"
        },
        {
            "id": 2805,
            "name": "山东海事职业学院",
            "website": "http://www.sdm.net.cn/",
            "provinceId": 15,
            "level": "专科",
            "abbreviation": "sdm",
            "city": "潍坊市"
        },
        {
            "id": 2806,
            "name": "潍坊护理职业学院",
            "website": "http://www.wfhlxy.com/",
            "provinceId": 15,
            "level": "专科",
            "abbreviation": "wfhlxy",
            "city": "潍坊市"
        },
        {
            "id": 2807,
            "name": "潍坊工程职业学院",
            "website": "http://www.wfec.cn/",
            "provinceId": 15,
            "level": "专科",
            "abbreviation": "wfec",
            "city": "潍坊市"
        }
    ]
}