{
    "university": [
        {
            "id": 2496,
            "name": "闽南师范大学",
            "website": "http://www.fjzs.edu.cn/",
            "provinceId": 13,
            "level": "本科",
            "abbreviation": "fjzs",
            "city": "漳州市"
        },
        {
            "id": 2521,
            "name": "漳州职业技术学院",
            "website": "http://www.fjzzit.cn/",
            "provinceId": 13,
            "level": "专科",
            "abbreviation": "fjzzit",
            "city": "漳州市"
        },
        {
            "id": 2557,
            "name": "漳州城市职业学院",
            "website": "http://www.zcvc.cn/",
            "provinceId": 13,
            "level": "专科",
            "abbreviation": "zcvc",
            "city": "漳州市"
        },
        {
            "id": 2560,
            "name": "漳州科技职业学院",
            "website": "http://www.tftc.edu.cn/",
            "provinceId": 13,
            "level": "专科",
            "abbreviation": "tftc",
            "city": "漳州市"
        },
        {
            "id": 2561,
            "name": "漳州理工职业学院",
            "website": "http://www.zzlg.org/",
            "provinceId": 13,
            "level": "专科",
            "abbreviation": "zzlg",
            "city": "漳州市"
        },
        {
            "id": 2563,
            "name": "漳州卫生职业学院",
            "website": "http://www.zzyhxy.com/",
            "provinceId": 13,
            "level": "专科",
            "abbreviation": "zzyhxy",
            "city": "漳州市"
        }
    ]
}