{
    "university": [
        {
            "id": 2870,
            "name": "漯河职业技术学院",
            "website": "http://www.lhvtc.edu.cn/",
            "provinceId": 16,
            "level": "专科",
            "abbreviation": "lhvtc",
            "city": "漯河市"
        },
        {
            "id": 2893,
            "name": "漯河医学高等专科学校",
            "website": "http://www.lhmc.edu.cn/",
            "provinceId": 16,
            "level": "专科",
            "abbreviation": "lhmc",
            "city": "漯河市"
        },
        {
            "id": 2912,
            "name": "漯河食品职业学院",
            "website": "http://www.lsgx.com.cn/",
            "provinceId": 16,
            "level": "专科",
            "abbreviation": "lsgx",
            "city": "漯河市"
        }
    ]
}