{
    "university": [
        {
            "id": 3766,
            "name": "渭南师范学院",
            "website": "http://www.wntc.edu.cn/",
            "provinceId": 27,
            "level": "本科",
            "abbreviation": "wntc",
            "city": "渭南市"
        },
        {
            "id": 3813,
            "name": "陕西铁路工程职业技术学院",
            "website": "http://www.sxri.net/",
            "provinceId": 27,
            "level": "专科",
            "abbreviation": "sxri",
            "city": "渭南市"
        },
        {
            "id": 3829,
            "name": "渭南职业技术学院",
            "website": "http://www.wnzy.net/",
            "provinceId": 27,
            "level": "专科",
            "abbreviation": "wnzy",
            "city": "渭南市"
        }
    ]
}