{
    "university": [
        {
            "id": 3202,
            "name": "广东海洋大学",
            "website": "http://www.gdou.edu.cn/",
            "provinceId": 19,
            "level": "本科",
            "abbreviation": "gdou",
            "city": "湛江市"
        },
        {
            "id": 3204,
            "name": "广东医科大学",
            "website": "http://www.gdmu.edu.cn/",
            "provinceId": 19,
            "level": "本科",
            "abbreviation": "gdmu",
            "city": "湛江市"
        },
        {
            "id": 3211,
            "name": "岭南师范学院",
            "website": "http://www.lingnan.edu.cn/",
            "provinceId": 19,
            "level": "本科",
            "abbreviation": "lingnan",
            "city": "湛江市"
        },
        {
            "id": 3241,
            "name": "广东海洋大学寸金学院",
            "website": "http://www.gdcjxy.com/",
            "provinceId": 19,
            "level": "本科",
            "abbreviation": "gdcjxy",
            "city": "湛江市"
        },
        {
            "id": 3324,
            "name": "广东文理职业学院",
            "website": "http://www.gdwlxy.cn/",
            "provinceId": 19,
            "level": "专科",
            "abbreviation": "gdwlxy",
            "city": "湛江市"
        },
        {
            "id": 3344,
            "name": "湛江市幼儿师范学校",
            "website": "http://www.zjys.net/",
            "provinceId": 19,
            "level": "专科",
            "abbreviation": "zjys",
            "city": "湛江市"
        }
    ]
}