{
    "university": [
        {
            "id": 3075,
            "name": "湘潭大学",
            "website": "http://www.xtu.edu.cn/",
            "provinceId": 18,
            "level": "本科",
            "abbreviation": "xtu",
            "city": "湘潭市"
        },
        {
            "id": 3079,
            "name": "湖南科技大学",
            "website": "http://www.hnust.edu.cn/",
            "provinceId": 18,
            "level": "本科",
            "abbreviation": "hnust",
            "city": "湘潭市"
        },
        {
            "id": 3097,
            "name": "湖南工程学院",
            "website": "http://www.hnie.edu.cn/",
            "provinceId": 18,
            "level": "本科",
            "abbreviation": "hnie",
            "city": "湘潭市"
        },
        {
            "id": 3107,
            "name": "湘潭大学兴湘学院",
            "website": "http://xxxy.xtu.edu.cn/",
            "provinceId": 18,
            "level": "本科",
            "abbreviation": "xtu",
            "city": "湘潭市"
        },
        {
            "id": 3109,
            "name": "湖南科技大学潇湘学院",
            "website": "http://dep.hnust.edu.cn/xxxy/",
            "provinceId": 18,
            "level": "本科",
            "abbreviation": "hnust",
            "city": "湘潭市"
        },
        {
            "id": 3118,
            "name": "湖南工程学院应用技术学院",
            "website": "http://www.hnieyy.cn/",
            "provinceId": 18,
            "level": "本科",
            "abbreviation": "hnieyy",
            "city": "湘潭市"
        },
        {
            "id": 3149,
            "name": "湘潭医卫职业技术学院",
            "website": "http://www.xtzy.com/",
            "provinceId": 18,
            "level": "专科",
            "abbreviation": "xtzy",
            "city": "湘潭市"
        },
        {
            "id": 3163,
            "name": "湖南城建职业技术学院",
            "website": "http://www.hnucc.com/",
            "provinceId": 18,
            "level": "专科",
            "abbreviation": "hnucc",
            "city": "湘潭市"
        },
        {
            "id": 3172,
            "name": "湖南理工职业技术学院",
            "website": "http://www.xlgy.com/",
            "provinceId": 18,
            "level": "专科",
            "abbreviation": "xlgy",
            "city": "湘潭市"
        },
        {
            "id": 3173,
            "name": "湖南软件职业学院",
            "website": "http://www.hnsoftedu.com/",
            "provinceId": 18,
            "level": "专科",
            "abbreviation": "hnsoftedu",
            "city": "湘潭市"
        },
        {
            "id": 3181,
            "name": "湖南电气职业技术学院",
            "website": "http://www.hnjd.net.cn/",
            "provinceId": 18,
            "level": "专科",
            "abbreviation": "hnjd",
            "city": "湘潭市"
        },
        {
            "id": 3186,
            "name": "湖南国防工业职业技术学院",
            "website": "http://www.hnkgzy.com/",
            "provinceId": 18,
            "level": "专科",
            "abbreviation": "hnkgzy",
            "city": "湘潭市"
        },
        {
            "id": 3193,
            "name": "湖南吉利汽车职业技术学院",
            "website": "http://www.hngeelyedu.cn/",
            "provinceId": 18,
            "level": "专科",
            "abbreviation": "hngeelyedu",
            "city": "湘潭市"
        }
    ]
}