{
    "university": [
        {
            "id": 2669,
            "name": "山东大学",
            "website": "http://www.sdu.edu.cn/",
            "provinceId": 15,
            "level": "本科",
            "abbreviation": "sdu",
            "city": "济南市"
        },
        {
            "id": 2674,
            "name": "济南大学",
            "website": "http://www.ujn.edu.cn/",
            "provinceId": 15,
            "level": "本科",
            "abbreviation": "ujn",
            "city": "济南市"
        },
        {
            "id": 2676,
            "name": "山东建筑大学",
            "website": "http://www.sdjzu.edu.cn/",
            "provinceId": 15,
            "level": "本科",
            "abbreviation": "sdjzu",
            "city": "济南市"
        },
        {
            "id": 2677,
            "name": "齐鲁工业大学",
            "website": "http://www.sdili.edu.cn/",
            "provinceId": 15,
            "level": "本科",
            "abbreviation": "sdili",
            "city": "济南市"
        },
        {
            "id": 2684,
            "name": "山东中医药大学",
            "website": "http://www.sdutcm.edu.cn/",
            "provinceId": 15,
            "level": "本科",
            "abbreviation": "sdutcm",
            "city": "济南市"
        },
        {
            "id": 2686,
            "name": "山东师范大学",
            "website": "http://www.sdnu.edu.cn/",
            "provinceId": 15,
            "level": "本科",
            "abbreviation": "sdnu",
            "city": "济南市"
        },
        {
            "id": 2696,
            "name": "山东财经大学",
            "website": "http://www.sdufe.edu.cn/",
            "provinceId": 15,
            "level": "本科",
            "abbreviation": "sdufe",
            "city": "济南市"
        },
        {
            "id": 2697,
            "name": "山东体育学院",
            "website": "http://www.sdpei.edu.cn/",
            "provinceId": 15,
            "level": "本科",
            "abbreviation": "sdpei",
            "city": "济南市"
        },
        {
            "id": 2698,
            "name": "山东艺术学院",
            "website": "http://www.sdca.edu.cn/",
            "provinceId": 15,
            "level": "本科",
            "abbreviation": "sdca",
            "city": "济南市"
        },
        {
            "id": 2702,
            "name": "山东工艺美术学院",
            "website": "http://www.sdada.edu.cn/",
            "provinceId": 15,
            "level": "本科",
            "abbreviation": "sdada",
            "city": "济南市"
        },
        {
            "id": 2706,
            "name": "山东警察学院",
            "website": "http://www.sdpc.edu.cn/",
            "provinceId": 15,
            "level": "本科",
            "abbreviation": "sdpc",
            "city": "济南市"
        },
        {
            "id": 2707,
            "name": "山东交通学院",
            "website": "http://www.sdjtu.edu.cn/",
            "provinceId": 15,
            "level": "本科",
            "abbreviation": "sdjtu",
            "city": "济南市"
        },
        {
            "id": 2709,
            "name": "山东女子学院",
            "website": "http://www.sdwu.edu.cn/",
            "provinceId": 15,
            "level": "本科",
            "abbreviation": "sdwu",
            "city": "济南市"
        },
        {
            "id": 2712,
            "name": "山东英才学院",
            "website": "http://www.ycxy.com/",
            "provinceId": 15,
            "level": "本科",
            "abbreviation": "ycxy",
            "city": "济南市"
        },
        {
            "id": 2715,
            "name": "山东现代学院",
            "website": "http://www.uxd.com.cn/",
            "provinceId": 15,
            "level": "本科",
            "abbreviation": "uxd",
            "city": "济南市"
        },
        {
            "id": 2716,
            "name": "山东协和学院",
            "website": "http://www.sdxiehe.com/",
            "provinceId": 15,
            "level": "本科",
            "abbreviation": "sdxiehe",
            "city": "济南市"
        },
        {
            "id": 2720,
            "name": "山东师范大学历山学院",
            "website": "http://www.lsxy.sdnu.edu.cn/",
            "provinceId": 15,
            "level": "本科",
            "abbreviation": "lsxy",
            "city": "济南市"
        },
        {
            "id": 2721,
            "name": "山东经济学院燕山学院",
            "website": "http://www.yanshanxueyuan.com/",
            "provinceId": 15,
            "level": "本科",
            "abbreviation": "yanshanxue",
            "city": "济南市"
        },
        {
            "id": 2730,
            "name": "山东政法学院",
            "website": "http://www.sdupsl.edu.cn/",
            "provinceId": 15,
            "level": "本科",
            "abbreviation": "sdupsl",
            "city": "济南市"
        },
        {
            "id": 2731,
            "name": "齐鲁师范学院",
            "website": "http://www.qlnu.edu.cn/",
            "provinceId": 15,
            "level": "本科",
            "abbreviation": "qlnu",
            "city": "济南市"
        },
        {
            "id": 2732,
            "name": "山东青年政治学院",
            "website": "http://www.sdyu.edu.cn/",
            "provinceId": 15,
            "level": "本科",
            "abbreviation": "sdyu",
            "city": "济南市"
        },
        {
            "id": 2734,
            "name": "山东管理学院",
            "website": "http://www.sdmu.edu.cn/",
            "provinceId": 15,
            "level": "本科",
            "abbreviation": "sdmu",
            "city": "济南市"
        },
        {
            "id": 2735,
            "name": "山东农业工程学院",
            "website": "http://www.sdngy.edu.cn/",
            "provinceId": 15,
            "level": "本科",
            "abbreviation": "sdngy",
            "city": "济南市"
        },
        {
            "id": 2738,
            "name": "山东商业职业技术学院",
            "website": "http://www.sict.edu.cn/",
            "provinceId": 15,
            "level": "专科",
            "abbreviation": "sict",
            "city": "济南市"
        },
        {
            "id": 2739,
            "name": "山东电力高等专科学校",
            "website": "http://www.sepc.edu.cn/",
            "provinceId": 15,
            "level": "专科",
            "abbreviation": "sepc",
            "city": "济南市"
        },
        {
            "id": 2744,
            "name": "山东职业学院",
            "website": "http://www.sdp.edu.cn/",
            "provinceId": 15,
            "level": "专科",
            "abbreviation": "sdp",
            "city": "济南市"
        },
        {
            "id": 2745,
            "name": "山东劳动职业技术学院",
            "website": "http://www.sdlvtc.cn/",
            "provinceId": 15,
            "level": "专科",
            "abbreviation": "sdlvtc",
            "city": "济南市"
        },
        {
            "id": 2756,
            "name": "山东力明科技职业学院",
            "website": "http://www.6789.com.cn",
            "provinceId": 15,
            "level": "专科",
            "abbreviation": "6789",
            "city": "济南市"
        },
        {
            "id": 2757,
            "name": "山东圣翰财贸职业学院",
            "website": "http://www.suu.com.cn/",
            "provinceId": 15,
            "level": "专科",
            "abbreviation": "suu",
            "city": "济南市"
        },
        {
            "id": 2773,
            "name": "济南职业学院",
            "website": "http://www.jnvc.edu.cn/",
            "provinceId": 15,
            "level": "专科",
            "abbreviation": "jnvc",
            "city": "济南市"
        },
        {
            "id": 2775,
            "name": "山东凯文科技职业学院",
            "website": "http://www.sdkevin.cn/",
            "provinceId": 15,
            "level": "专科",
            "abbreviation": "sdkevin",
            "city": "济南市"
        },
        {
            "id": 2782,
            "name": "济南工程职业技术学院",
            "website": "http://www.jngcxy.com/",
            "provinceId": 15,
            "level": "专科",
            "abbreviation": "jngcxy",
            "city": "济南市"
        },
        {
            "id": 2783,
            "name": "山东电子职业技术学院",
            "website": "http://www.sdcet.cn/",
            "provinceId": 15,
            "level": "专科",
            "abbreviation": "sdcet",
            "city": "济南市"
        },
        {
            "id": 2784,
            "name": "山东旅游职业学院",
            "website": "http://www.sdts.net.cn/",
            "provinceId": 15,
            "level": "专科",
            "abbreviation": "sdts",
            "city": "济南市"
        },
        {
            "id": 2786,
            "name": "山东杏林科技职业学院",
            "website": "http://www.sdxlxy.com/",
            "provinceId": 15,
            "level": "专科",
            "abbreviation": "sdxlxy",
            "city": "济南市"
        },
        {
            "id": 2792,
            "name": "山东城市建设职业学院",
            "website": "http://www.sdcjxy.com/",
            "provinceId": 15,
            "level": "专科",
            "abbreviation": "sdcjxy",
            "city": "济南市"
        },
        {
            "id": 2794,
            "name": "山东司法警官职业学院",
            "website": "http://www.sdsfjy.com/",
            "provinceId": 15,
            "level": "专科",
            "abbreviation": "sdsfjy",
            "city": "济南市"
        },
        {
            "id": 2796,
            "name": "山东传媒职业学院",
            "website": "http://www.sdcmc.net/",
            "provinceId": 15,
            "level": "专科",
            "abbreviation": "sdcmc",
            "city": "济南市"
        },
        {
            "id": 2802,
            "name": "济南幼儿师范高等专科学校",
            "website": "http://www.jnygz.com/",
            "provinceId": 15,
            "level": "专科",
            "abbreviation": "jnygz",
            "city": "济南市"
        },
        {
            "id": 2803,
            "name": "济南护理职业学院",
            "website": "http://www.sdjnwx.com/",
            "provinceId": 15,
            "level": "专科",
            "abbreviation": "sdjnwx",
            "city": "济南市"
        },
        {
            "id": 2809,
            "name": "山东艺术设计职业学院",
            "website": "http://www.sysy.com.cn/",
            "provinceId": 15,
            "level": "专科",
            "abbreviation": "sysy",
            "city": "济南市"
        },
        {
            "id": 2811,
            "name": "山东特殊教育职业学院",
            "website": "http://www.sdse.cn/",
            "provinceId": 15,
            "level": "专科",
            "abbreviation": "sdse",
            "city": "济南市"
        }
    ]
}