{
    "university": [
        {
            "id": 3763,
            "name": "陕西理工大学",
            "website": "http://www.snut.edu.cn/",
            "provinceId": 27,
            "level": "本科",
            "abbreviation": "snut",
            "city": "汉中市"
        },
        {
            "id": 3815,
            "name": "陕西航空职业技术学院",
            "website": "http://www.sxhkxy.com/",
            "provinceId": 27,
            "level": "专科",
            "abbreviation": "sxhkxy",
            "city": "汉中市"
        },
        {
            "id": 3827,
            "name": "汉中职业技术学院",
            "website": "http://www.hzvtc.cn/",
            "provinceId": 27,
            "level": "专科",
            "abbreviation": "hzvtc",
            "city": "汉中市"
        }
    ]
}