{
    "university": [
        {
            "id": 3091,
            "name": "湖南科技学院",
            "website": "http://www.huse.cn/",
            "provinceId": 18,
            "level": "本科",
            "abbreviation": "huse",
            "city": "永州市"
        },
        {
            "id": 3133,
            "name": "永州职业技术学院",
            "website": "http://www.hnyzzy.com/",
            "provinceId": 18,
            "level": "专科",
            "abbreviation": "hnyzzy",
            "city": "永州市"
        },
        {
            "id": 3171,
            "name": "湖南九嶷职业技术学院",
            "website": "http://www.4744edu.com/",
            "provinceId": 18,
            "level": "专科",
            "abbreviation": "4744edu",
            "city": "永州市"
        }
    ]
}