{
    "university": [
        {
            "id": 3225,
            "name": "五邑大学",
            "website": "http://www.wyu.edu.cn/",
            "provinceId": 19,
            "level": "本科",
            "abbreviation": "wyu",
            "city": "江门市"
        },
        {
            "id": 3303,
            "name": "江门职业技术学院",
            "website": "http://www.jmpt.cn/",
            "provinceId": 19,
            "level": "专科",
            "abbreviation": "jmpt",
            "city": "江门市"
        },
        {
            "id": 3327,
            "name": "广东南方职业学院",
            "website": "http://www.gdnfu.com/",
            "provinceId": 19,
            "level": "专科",
            "abbreviation": "gdnfu",
            "city": "江门市"
        },
        {
            "id": 3343,
            "name": "广东江门中医药职业学院",
            "website": "http://www.gdjmcmc.com/",
            "provinceId": 19,
            "level": "专科",
            "abbreviation": "gdjmcmc",
            "city": "江门市"
        }
    ]
}