{
    "university": [
        {
            "id": 3199,
            "name": "汕头大学",
            "website": "http://www.stu.edu.cn/",
            "provinceId": 19,
            "level": "本科",
            "abbreviation": "stu",
            "city": "汕头市"
        },
        {
            "id": 3260,
            "name": "广东以色列理工学院",
            "website": "http://www.gtiit.edu.cn/",
            "provinceId": 19,
            "level": "本科",
            "abbreviation": "gtiit",
            "city": "汕头市"
        },
        {
            "id": 3291,
            "name": "汕头职业技术学院",
            "website": "http://www.gdwlxy.cn/",
            "provinceId": 19,
            "level": "专科",
            "abbreviation": "gdwlxy",
            "city": "汕头市"
        }
    ]
}