{
    "university": [
        {
            "id": 1768,
            "name": "辽宁大学",
            "website": "http://www.lnu.edu.cn/",
            "provinceId": 6,
            "level": "本科",
            "abbreviation": "lnu",
            "city": "沈阳市"
        },
        {
            "id": 1770,
            "name": "沈阳工业大学",
            "website": "http://www.sut.edu.cn",
            "provinceId": 6,
            "level": "本科",
            "abbreviation": "sut",
            "city": "沈阳市"
        },
        {
            "id": 1771,
            "name": "沈阳航空航天大学",
            "website": "http://www.sau.edu.cn/",
            "provinceId": 6,
            "level": "本科",
            "abbreviation": "sau",
            "city": "沈阳市"
        },
        {
            "id": 1772,
            "name": "沈阳理工大学",
            "website": "http://www.syit.edu.cn",
            "provinceId": 6,
            "level": "本科",
            "abbreviation": "syit",
            "city": "沈阳市"
        },
        {
            "id": 1773,
            "name": "东北大学",
            "website": "http://www.neu.edu.cn/",
            "provinceId": 6,
            "level": "本科",
            "abbreviation": "neu",
            "city": "沈阳市"
        },
        {
            "id": 1777,
            "name": "沈阳化工大学",
            "website": "http://www.syuct.edu.cn/",
            "provinceId": 6,
            "level": "本科",
            "abbreviation": "syuct",
            "city": "沈阳市"
        },
        {
            "id": 1781,
            "name": "沈阳建筑大学",
            "website": "http://www.sjzu.edu.cn/",
            "provinceId": 6,
            "level": "本科",
            "abbreviation": "sjzu",
            "city": "沈阳市"
        },
        {
            "id": 1783,
            "name": "沈阳农业大学",
            "website": "http://www.syau.edu.cn/",
            "provinceId": 6,
            "level": "本科",
            "abbreviation": "syau",
            "city": "沈阳市"
        },
        {
            "id": 1785,
            "name": "中国医科大学",
            "website": "http://www.cmu.edu.cn/",
            "provinceId": 6,
            "level": "本科",
            "abbreviation": "cmu",
            "city": "沈阳市"
        },
        {
            "id": 1788,
            "name": "辽宁中医药大学",
            "website": "http://www.lnutcm.edu.cn/",
            "provinceId": 6,
            "level": "本科",
            "abbreviation": "lnutcm",
            "city": "沈阳市"
        },
        {
            "id": 1789,
            "name": "沈阳药科大学",
            "website": "http://www.syphu.edu.cn/",
            "provinceId": 6,
            "level": "本科",
            "abbreviation": "syphu",
            "city": "沈阳市"
        },
        {
            "id": 1790,
            "name": "沈阳医学院",
            "website": "http://www.symc.edu.cn/",
            "provinceId": 6,
            "level": "本科",
            "abbreviation": "symc",
            "city": "沈阳市"
        },
        {
            "id": 1792,
            "name": "沈阳师范大学",
            "website": "http://www.synu.edu.cn",
            "provinceId": 6,
            "level": "本科",
            "abbreviation": "synu",
            "city": "沈阳市"
        },
        {
            "id": 1797,
            "name": "中国刑事警察学院",
            "website": "http://www.npuc.edu.cn/",
            "provinceId": 6,
            "level": "本科",
            "abbreviation": "npuc",
            "city": "沈阳市"
        },
        {
            "id": 1798,
            "name": "沈阳体育学院",
            "website": "http://www.syty.edu.cn/",
            "provinceId": 6,
            "level": "本科",
            "abbreviation": "syty",
            "city": "沈阳市"
        },
        {
            "id": 1799,
            "name": "沈阳音乐学院",
            "website": "http://www.sycm.com.cn/",
            "provinceId": 6,
            "level": "本科",
            "abbreviation": "sycm",
            "city": "沈阳市"
        },
        {
            "id": 1800,
            "name": "鲁迅美术学院",
            "website": "http://www.lumei.edu.cn/",
            "provinceId": 6,
            "level": "本科",
            "abbreviation": "lumei",
            "city": "沈阳市"
        },
        {
            "id": 1802,
            "name": "沈阳大学",
            "website": "http://www.syu.edu.cn/",
            "provinceId": 6,
            "level": "本科",
            "abbreviation": "syu",
            "city": "沈阳市"
        },
        {
            "id": 1806,
            "name": "沈阳工程学院",
            "website": "http://www.sie.edu.cn/",
            "provinceId": 6,
            "level": "本科",
            "abbreviation": "sie",
            "city": "沈阳市"
        },
        {
            "id": 1810,
            "name": "沈阳工业大学工程学院",
            "website": "http://gcxy.sut.edu.cn/",
            "provinceId": 6,
            "level": "本科",
            "abbreviation": "sut",
            "city": "沈阳市"
        },
        {
            "id": 1811,
            "name": "沈阳航空航天大学北方科技学院",
            "website": "http://nstc.sau.edu.cn/",
            "provinceId": 6,
            "level": "本科",
            "abbreviation": "sau",
            "city": "沈阳市"
        },
        {
            "id": 1812,
            "name": "沈阳工学院",
            "website": "http://www.syyyy.com.cn/",
            "provinceId": 6,
            "level": "本科",
            "abbreviation": "syyyy",
            "city": "沈阳市"
        },
        {
            "id": 1815,
            "name": "沈阳城市建设学院",
            "website": "http://www.sjcy.cn/",
            "provinceId": 6,
            "level": "本科",
            "abbreviation": "sjcy",
            "city": "沈阳市"
        },
        {
            "id": 1816,
            "name": "中国医科大学临床医药学院",
            "website": "http://www.cmu.edu.cn/cmc/",
            "provinceId": 6,
            "level": "本科",
            "abbreviation": "cmu",
            "city": "沈阳市"
        },
        {
            "id": 1822,
            "name": "沈阳城市学院",
            "website": "http://www.sdkj-syu.net/",
            "provinceId": 6,
            "level": "本科",
            "abbreviation": "sdkj-syu",
            "city": "沈阳市"
        },
        {
            "id": 1825,
            "name": "辽宁中医药大学杏林学院",
            "website": "http://www.lncmxl.edu.cn/",
            "provinceId": 6,
            "level": "本科",
            "abbreviation": "lncmxl",
            "city": "沈阳市"
        },
        {
            "id": 1826,
            "name": "辽宁何氏医学院",
            "website": "http://www.he-edu.com/",
            "provinceId": 6,
            "level": "本科",
            "abbreviation": "he-edu",
            "city": "沈阳市"
        },
        {
            "id": 1827,
            "name": "沈阳科技学院",
            "website": "http://www.syuctky.edu.cn/",
            "provinceId": 6,
            "level": "本科",
            "abbreviation": "syuctky",
            "city": "沈阳市"
        },
        {
            "id": 1830,
            "name": "辽宁传媒学院",
            "website": "http://www.lncu.cn/",
            "provinceId": 6,
            "level": "本科",
            "abbreviation": "lncu",
            "city": "沈阳市"
        },
        {
            "id": 1842,
            "name": "辽宁交通高等专科学校",
            "website": "http://www.lncc.edu.cn/",
            "provinceId": 6,
            "level": "专科",
            "abbreviation": "lncc",
            "city": "沈阳市"
        },
        {
            "id": 1845,
            "name": "沈阳航空职业技术学院",
            "website": "http://www.syhzy.cn/",
            "provinceId": 6,
            "level": "专科",
            "abbreviation": "syhzy",
            "city": "沈阳市"
        },
        {
            "id": 1847,
            "name": "辽宁林业职业技术学院",
            "website": "http://www.lnlzy.cn/",
            "provinceId": 6,
            "level": "专科",
            "abbreviation": "lnlzy",
            "city": "沈阳市"
        },
        {
            "id": 1848,
            "name": "沈阳职业技术学院",
            "website": "http://www.vtcsy.com/",
            "provinceId": 6,
            "level": "专科",
            "abbreviation": "vtcsy",
            "city": "沈阳市"
        },
        {
            "id": 1851,
            "name": "辽宁金融职业学院",
            "website": "http://www.lnfvc.cn",
            "provinceId": 6,
            "level": "专科",
            "abbreviation": "lnfvc",
            "city": "沈阳市"
        },
        {
            "id": 1852,
            "name": "辽宁轨道交通职业学院",
            "website": "http://www.stjx.com.cn/",
            "provinceId": 6,
            "level": "专科",
            "abbreviation": "stjx",
            "city": "沈阳市"
        },
        {
            "id": 1853,
            "name": "辽宁广告职业学院",
            "website": "http://www.ggxy.com/",
            "provinceId": 6,
            "level": "专科",
            "abbreviation": "ggxy",
            "city": "沈阳市"
        },
        {
            "id": 1855,
            "name": "辽宁经济职业技术学院",
            "website": "http://www.lnemci.com/",
            "provinceId": 6,
            "level": "专科",
            "abbreviation": "lnemci",
            "city": "沈阳市"
        },
        {
            "id": 1860,
            "name": "辽宁商贸职业学院",
            "website": "http://www.lnsmzy.edu.cn/",
            "provinceId": 6,
            "level": "专科",
            "abbreviation": "lnsmzy",
            "city": "沈阳市"
        },
        {
            "id": 1862,
            "name": "辽宁装备制造职业技术学院",
            "website": "http://www.ltcem.com/",
            "provinceId": 6,
            "level": "专科",
            "abbreviation": "ltcem",
            "city": "沈阳市"
        },
        {
            "id": 1870,
            "name": "辽宁现代服务职业技术学院",
            "website": "http://www.lnxdfwxy.com/",
            "provinceId": 6,
            "level": "专科",
            "abbreviation": "lnxdfwxy",
            "city": "沈阳市"
        },
        {
            "id": 1873,
            "name": "辽宁城市建设职业技术学院",
            "website": "http://www.lncjxy.com/",
            "provinceId": 6,
            "level": "专科",
            "abbreviation": "lncjxy",
            "city": "沈阳市"
        },
        {
            "id": 1874,
            "name": "辽宁医药职业学院",
            "website": "http://www.lnwsxy-edu.com/",
            "provinceId": 6,
            "level": "专科",
            "abbreviation": "lnwsxy-edu",
            "city": "沈阳市"
        },
        {
            "id": 1876,
            "name": "沈阳北软信息职业技术学院",
            "website": "http://www.nsi-soft.com/",
            "provinceId": 6,
            "level": "专科",
            "abbreviation": "nsi-soft",
            "city": "沈阳市"
        },
        {
            "id": 1877,
            "name": "辽宁政法职业学院",
            "website": "http://www.lacpj.com/",
            "provinceId": 6,
            "level": "专科",
            "abbreviation": "lacpj",
            "city": "沈阳市"
        },
        {
            "id": 1878,
            "name": "辽宁民族师范高等专科学校",
            "website": "http://www.lnkn.edu.cn/",
            "provinceId": 6,
            "level": "专科",
            "abbreviation": "lnkn",
            "city": "沈阳市"
        },
        {
            "id": 1880,
            "name": "辽宁水利职业学院",
            "website": "http://www.sngzy.cn/",
            "provinceId": 6,
            "level": "专科",
            "abbreviation": "sngzy",
            "city": "沈阳市"
        },
        {
            "id": 1881,
            "name": "辽宁特殊教育师范高等专科学校",
            "website": "http://www.lntjw.com/",
            "provinceId": 6,
            "level": "专科",
            "abbreviation": "lntjw",
            "city": "沈阳市"
        }
    ]
}