{
    "university": [
        {
            "id": 2433,
            "name": "池州职业技术学院",
            "website": "http://www.czgz.cn/",
            "provinceId": 12,
            "level": "专科",
            "abbreviation": "czgz",
            "city": "池州市"
        },
        {
            "id": 2479,
            "name": "安徽卫生健康职业学院",
            "website": "http://www.ahrkxy.com/",
            "provinceId": 12,
            "level": "专科",
            "abbreviation": "ahrkxy",
            "city": "池州市"
        }
    ]
}