{
    "university": [
        {
            "id": 1522,
            "name": "河北水利电力学院",
            "website": "http://www.hbgz.edu.cn/",
            "provinceId": 3,
            "level": "本科",
            "abbreviation": "hbgz",
            "city": "沧州市"
        },
        {
            "id": 1536,
            "name": "沧州师范学院",
            "website": "http://www.caztc.edu.cn/",
            "provinceId": 3,
            "level": "本科",
            "abbreviation": "caztc",
            "city": "沧州市"
        },
        {
            "id": 1586,
            "name": "沧州职业技术学院",
            "website": "http://www.czvtc.cn/",
            "provinceId": 3,
            "level": "专科",
            "abbreviation": "czvtc",
            "city": "沧州市"
        },
        {
            "id": 1615,
            "name": "沧州医学高等专科学校",
            "website": "http://www.czmc.cn/",
            "provinceId": 3,
            "level": "专科",
            "abbreviation": "czmc",
            "city": "沧州市"
        }
    ]
}