{
    "university": [
        {
            "id": 3510,
            "name": "四川农业大学",
            "website": "http://www.sicau.edu.cn/",
            "provinceId": 23,
            "level": "本科",
            "abbreviation": "sicau",
            "city": "雅安市"
        },
        {
            "id": 3578,
            "name": "雅安职业技术学院",
            "website": "http://www.yazjy.com/",
            "provinceId": 23,
            "level": "专科",
            "abbreviation": "yazjy",
            "city": "雅安市"
        }
    ]
}