{
    "university": [
        {
            "id": 2670,
            "name": "中国海洋大学",
            "website": "http://www.ouc.edu.cn/",
            "provinceId": 15,
            "level": "本科",
            "abbreviation": "ouc",
            "city": "青岛市"
        },
        {
            "id": 2671,
            "name": "山东科技大学",
            "website": "http://www.sdust.edu.cn/",
            "provinceId": 15,
            "level": "本科",
            "abbreviation": "sdust",
            "city": "青岛市"
        },
        {
            "id": 2672,
            "name": "中国石油大学（华东）",
            "website": "http://www.upc.edu.cn/",
            "provinceId": 15,
            "level": "本科",
            "abbreviation": "upc",
            "city": "青岛市"
        },
        {
            "id": 2673,
            "name": "青岛科技大学",
            "website": "http://www.qust.edu.cn/",
            "provinceId": 15,
            "level": "本科",
            "abbreviation": "qust",
            "city": "青岛市"
        },
        {
            "id": 2675,
            "name": "青岛理工大学",
            "website": "http://www.qtech.edu.cn/",
            "provinceId": 15,
            "level": "本科",
            "abbreviation": "qtech",
            "city": "青岛市"
        },
        {
            "id": 2680,
            "name": "青岛农业大学",
            "website": "http://www.qau.edu.cn/",
            "provinceId": 15,
            "level": "本科",
            "abbreviation": "qau",
            "city": "青岛市"
        },
        {
            "id": 2700,
            "name": "青岛滨海学院",
            "website": "http://www.binhaicollege.com/",
            "provinceId": 15,
            "level": "本科",
            "abbreviation": "binhaicoll",
            "city": "青岛市"
        },
        {
            "id": 2703,
            "name": "青岛大学",
            "website": "http://www.qdu.edu.cn/",
            "provinceId": 15,
            "level": "本科",
            "abbreviation": "qdu",
            "city": "青岛市"
        },
        {
            "id": 2713,
            "name": "青岛恒星科技学院",
            "website": "http://www.hx.cn/",
            "provinceId": 15,
            "level": "本科",
            "abbreviation": "hx",
            "city": "青岛市"
        },
        {
            "id": 2714,
            "name": "青岛黄海学院",
            "website": "http://www.huanghaicollege.com",
            "provinceId": 15,
            "level": "本科",
            "abbreviation": "huanghaico",
            "city": "青岛市"
        },
        {
            "id": 2719,
            "name": "青岛理工大学琴岛学院",
            "website": "http://www.qdc.cn/",
            "provinceId": 15,
            "level": "本科",
            "abbreviation": "qdc",
            "city": "青岛市"
        },
        {
            "id": 2725,
            "name": "青岛工学院",
            "website": "http://www.oucqdc.edu.cn/",
            "provinceId": 15,
            "level": "本科",
            "abbreviation": "oucqdc",
            "city": "青岛市"
        },
        {
            "id": 2733,
            "name": "北京电影学院现代创意媒体学院",
            "website": "http://www.bfamcmc.edu.cn/",
            "provinceId": 15,
            "level": "本科",
            "abbreviation": "bfamcmc",
            "city": "青岛市"
        },
        {
            "id": 2742,
            "name": "青岛职业技术学院",
            "website": "http://www.qtc.edu.cn/",
            "provinceId": 15,
            "level": "专科",
            "abbreviation": "qtc",
            "city": "青岛市"
        },
        {
            "id": 2760,
            "name": "青岛飞洋职业技术学院",
            "website": "http://www.feiyangcollege.com/",
            "provinceId": 15,
            "level": "专科",
            "abbreviation": "feiyangcol",
            "city": "青岛市"
        },
        {
            "id": 2764,
            "name": "山东外贸职业学院",
            "website": "http://www.sdftcollege.com.cn/",
            "provinceId": 15,
            "level": "专科",
            "abbreviation": "sdftcolleg",
            "city": "青岛市"
        },
        {
            "id": 2765,
            "name": "青岛酒店管理职业技术学院",
            "website": "http://www.qchm.edu.cn/",
            "provinceId": 15,
            "level": "专科",
            "abbreviation": "qchm",
            "city": "青岛市"
        },
        {
            "id": 2767,
            "name": "青岛港湾职业技术学院",
            "website": "http://www.qdgw.com/",
            "provinceId": 15,
            "level": "专科",
            "abbreviation": "qdgw",
            "city": "青岛市"
        },
        {
            "id": 2772,
            "name": "青岛求实职业技术学院",
            "website": "http://www.qdqs.com/",
            "provinceId": 15,
            "level": "专科",
            "abbreviation": "qdqs",
            "city": "青岛市"
        },
        {
            "id": 2801,
            "name": "青岛远洋船员职业学院",
            "website": "http://www.coscoqmc.com.cn/",
            "provinceId": 15,
            "level": "专科",
            "abbreviation": "coscoqmc",
            "city": "青岛市"
        }
    ]
}