{
    "university": [
        {
            "id": 3086,
            "name": "湘南学院",
            "website": "http://www.xnu.edu.cn/",
            "provinceId": 18,
            "level": "本科",
            "abbreviation": "xnu",
            "city": "郴州市"
        },
        {
            "id": 3150,
            "name": "郴州职业技术学院",
            "website": "http://www.czzy-edu.com/",
            "provinceId": 18,
            "level": "专科",
            "abbreviation": "czzy-edu",
            "city": "郴州市"
        },
        {
            "id": 3195,
            "name": "湘南幼儿师范高等专科学校",
            "website": "http://www.hnczsf.com/",
            "provinceId": 18,
            "level": "专科",
            "abbreviation": "hnczsf",
            "city": "郴州市"
        }
    ]
}