{
    "university": [
        {
            "id": 3540,
            "name": "四川外国语大学成都学院",
            "website": "http://www.cisisu.edu.cn/",
            "provinceId": 23,
            "level": "本科",
            "abbreviation": "cisisu",
            "city": "都江堰"
        },
        {
            "id": 3565,
            "name": "四川工商职业技术学院",
            "website": "http://www.sctbc.net/",
            "provinceId": 23,
            "level": "专科",
            "abbreviation": "sctbc",
            "city": "都江堰"
        }
    ]
}