{
    "university": [
        {
            "id": 2814,
            "name": "华北水利水电大学",
            "website": "http://www.ncwu.edu.cn/",
            "provinceId": 16,
            "level": "本科",
            "abbreviation": "ncwu",
            "city": "郑州市"
        },
        {
            "id": 2815,
            "name": "郑州大学",
            "website": "http://www.zzu.edu.cn/",
            "provinceId": 16,
            "level": "本科",
            "abbreviation": "zzu",
            "city": "郑州市"
        },
        {
            "id": 2817,
            "name": "郑州轻工业学院",
            "website": "http://www.zzili.edu.cn/",
            "provinceId": 16,
            "level": "本科",
            "abbreviation": "zzili",
            "city": "郑州市"
        },
        {
            "id": 2818,
            "name": "河南工业大学",
            "website": "http://www.haut.edu.cn/",
            "provinceId": 16,
            "level": "本科",
            "abbreviation": "haut",
            "city": "郑州市"
        },
        {
            "id": 2820,
            "name": "中原工学院",
            "website": "http://www.zzti.edu.cn/",
            "provinceId": 16,
            "level": "本科",
            "abbreviation": "zzti",
            "city": "郑州市"
        },
        {
            "id": 2821,
            "name": "河南农业大学",
            "website": "http://www.henau.edu.cn/",
            "provinceId": 16,
            "level": "本科",
            "abbreviation": "henau",
            "city": "郑州市"
        },
        {
            "id": 2823,
            "name": "河南牧业经济学院",
            "website": "http://www.habc.edu.cn/",
            "provinceId": 16,
            "level": "本科",
            "abbreviation": "habc",
            "city": "郑州市"
        },
        {
            "id": 2824,
            "name": "河南中医药大学",
            "website": "http://www.hactcm.edu.cn/",
            "provinceId": 16,
            "level": "本科",
            "abbreviation": "hactcm",
            "city": "郑州市"
        },
        {
            "id": 2835,
            "name": "河南财经政法大学",
            "website": "http://www.huel.edu.cn/",
            "provinceId": 16,
            "level": "本科",
            "abbreviation": "huel",
            "city": "郑州市"
        },
        {
            "id": 2836,
            "name": "郑州航空工业管理学院",
            "website": "http://www.zzia.edu.cn/",
            "provinceId": 16,
            "level": "本科",
            "abbreviation": "zzia",
            "city": "郑州市"
        },
        {
            "id": 2839,
            "name": "郑州工程技术学院",
            "website": "http://www.zhzhu.edu.cn/",
            "provinceId": 16,
            "level": "本科",
            "abbreviation": "zhzhu",
            "city": "郑州市"
        },
        {
            "id": 2845,
            "name": "河南工程学院",
            "website": "http://www.haue.edu.cn/",
            "provinceId": 16,
            "level": "本科",
            "abbreviation": "haue",
            "city": "郑州市"
        },
        {
            "id": 2846,
            "name": "河南财政金融学院",
            "website": "http://www.hacz.edu.cn/",
            "provinceId": 16,
            "level": "本科",
            "abbreviation": "hacz",
            "city": "郑州市"
        },
        {
            "id": 2849,
            "name": "河南警察学院",
            "website": "http://www.hngazk.edu.cn/",
            "provinceId": 16,
            "level": "本科",
            "abbreviation": "hngazk",
            "city": "郑州市"
        },
        {
            "id": 2850,
            "name": "黄河科技学院",
            "website": "http://www.hhstu.edu.cn/",
            "provinceId": 16,
            "level": "本科",
            "abbreviation": "hhstu",
            "city": "郑州市"
        },
        {
            "id": 2851,
            "name": "铁道警察学院",
            "website": "http://www.rpc.edu.cn/",
            "provinceId": 16,
            "level": "本科",
            "abbreviation": "rpc",
            "city": "郑州市"
        },
        {
            "id": 2852,
            "name": "郑州科技学院",
            "website": "http://www.zzist.net/",
            "provinceId": 16,
            "level": "本科",
            "abbreviation": "zzist",
            "city": "郑州市"
        },
        {
            "id": 2853,
            "name": "郑州工业应用技术学院",
            "website": "http://www.zzhxxy.com/",
            "provinceId": 16,
            "level": "本科",
            "abbreviation": "zzhxxy",
            "city": "郑州市"
        },
        {
            "id": 2854,
            "name": "郑州师范学院",
            "website": "http://www.zztc.com.cn/",
            "provinceId": 16,
            "level": "本科",
            "abbreviation": "zztc",
            "city": "郑州市"
        },
        {
            "id": 2855,
            "name": "郑州财经学院",
            "website": "http://www.zzjm.edu.cn/",
            "provinceId": 16,
            "level": "本科",
            "abbreviation": "zzjm",
            "city": "郑州市"
        },
        {
            "id": 2856,
            "name": "黄河交通学院",
            "website": "http://www.zjtu.edu.cn/",
            "provinceId": 16,
            "level": "本科",
            "abbreviation": "zjtu",
            "city": "郑州市"
        },
        {
            "id": 2859,
            "name": "河南师范大学新联学院",
            "website": "http://www.xlxy.edu.cn/",
            "provinceId": 16,
            "level": "本科",
            "abbreviation": "xlxy",
            "city": "郑州市"
        },
        {
            "id": 2865,
            "name": "中原工学院信息商务学院",
            "website": "http://www.zcib.edu.cn/",
            "provinceId": 16,
            "level": "本科",
            "abbreviation": "zcib",
            "city": "郑州市"
        },
        {
            "id": 2867,
            "name": "郑州成功财经学院",
            "website": "http://www.chenggong.edu.cn/",
            "provinceId": 16,
            "level": "本科",
            "abbreviation": "chenggong",
            "city": "郑州市"
        },
        {
            "id": 2868,
            "name": "郑州升达经贸管理学院",
            "website": "http://www.shengda.edu.cn/",
            "provinceId": 16,
            "level": "本科",
            "abbreviation": "shengda",
            "city": "郑州市"
        },
        {
            "id": 2869,
            "name": "河南职业技术学院",
            "website": "http://www.hnzj.ha.cn/",
            "provinceId": 16,
            "level": "专科",
            "abbreviation": "hnzj",
            "city": "郑州市"
        },
        {
            "id": 2872,
            "name": "郑州铁路职业技术学院",
            "website": "http://www.zzrvtc.com/",
            "provinceId": 16,
            "level": "专科",
            "abbreviation": "zzrvtc",
            "city": "郑州市"
        },
        {
            "id": 2876,
            "name": "郑州电力高等专科学校",
            "website": "http://www.zepc.edu.cn/",
            "provinceId": 16,
            "level": "专科",
            "abbreviation": "zepc",
            "city": "郑州市"
        },
        {
            "id": 2880,
            "name": "河南水利与环境职业学院",
            "website": "http://www.zzslxx.com/",
            "provinceId": 16,
            "level": "专科",
            "abbreviation": "zzslxx",
            "city": "郑州市"
        },
        {
            "id": 2885,
            "name": "河南司法警官职业学院",
            "website": "http://www.hnsfjg.com/",
            "provinceId": 16,
            "level": "专科",
            "abbreviation": "hnsfjg",
            "city": "郑州市"
        },
        {
            "id": 2888,
            "name": "郑州澍青医学高等专科学校",
            "website": "http://www.shuqing.org/",
            "provinceId": 16,
            "level": "专科",
            "abbreviation": "shuqing",
            "city": "郑州市"
        },
        {
            "id": 2890,
            "name": "河南检察职业学院",
            "website": "http://www.hnjc.org/",
            "provinceId": 16,
            "level": "专科",
            "abbreviation": "hnjc",
            "city": "郑州市"
        },
        {
            "id": 2892,
            "name": "郑州信息科技职业学院",
            "website": "http://www.techcollege.cn/",
            "provinceId": 16,
            "level": "专科",
            "abbreviation": "techcolleg",
            "city": "郑州市"
        },
        {
            "id": 2896,
            "name": "郑州电子信息职业技术学院",
            "website": "http://www.zyfb.com/",
            "provinceId": 16,
            "level": "专科",
            "abbreviation": "zyfb",
            "city": "郑州市"
        },
        {
            "id": 2899,
            "name": "郑州工业安全职业学院",
            "website": "http://www.zazy.cn/",
            "provinceId": 16,
            "level": "专科",
            "abbreviation": "zazy",
            "city": "郑州市"
        },
        {
            "id": 2901,
            "name": "河南经贸职业学院",
            "website": "http://www.hnjmxy.cn/",
            "provinceId": 16,
            "level": "专科",
            "abbreviation": "hnjmxy",
            "city": "郑州市"
        },
        {
            "id": 2902,
            "name": "河南交通职业技术学院",
            "website": "http://www.hncc.net/",
            "provinceId": 16,
            "level": "专科",
            "abbreviation": "hncc",
            "city": "郑州市"
        },
        {
            "id": 2903,
            "name": "河南农业职业学院",
            "website": "http://www.hnac.com.cn/",
            "provinceId": 16,
            "level": "专科",
            "abbreviation": "hnac",
            "city": "郑州市"
        },
        {
            "id": 2904,
            "name": "郑州旅游职业学院",
            "website": "http://www.zztrc.edu.cn/",
            "provinceId": 16,
            "level": "专科",
            "abbreviation": "zztrc",
            "city": "郑州市"
        },
        {
            "id": 2905,
            "name": "郑州职业技术学院",
            "website": "http://www.zzyedu.cn/",
            "provinceId": 16,
            "level": "专科",
            "abbreviation": "zzyedu",
            "city": "郑州市"
        },
        {
            "id": 2906,
            "name": "河南信息统计职业学院",
            "website": "http://www.hnisvc.com/",
            "provinceId": 16,
            "level": "专科",
            "abbreviation": "hnisvc",
            "city": "郑州市"
        },
        {
            "id": 2908,
            "name": "河南工业贸易职业学院",
            "website": "http://www.hngm.cn/",
            "provinceId": 16,
            "level": "专科",
            "abbreviation": "hngm",
            "city": "郑州市"
        },
        {
            "id": 2909,
            "name": "郑州电力职业技术学院",
            "website": "http://www.zzdl.com/",
            "provinceId": 16,
            "level": "专科",
            "abbreviation": "zzdl",
            "city": "郑州市"
        },
        {
            "id": 2911,
            "name": "河南建筑职业技术学院",
            "website": "http://www.hnjs.com.cn/",
            "provinceId": 16,
            "level": "专科",
            "abbreviation": "hnjs",
            "city": "郑州市"
        },
        {
            "id": 2913,
            "name": "郑州城市职业学院",
            "website": "http://www.brenda.edu.cn/",
            "provinceId": 16,
            "level": "专科",
            "abbreviation": "brenda",
            "city": "郑州市"
        },
        {
            "id": 2919,
            "name": "郑州理工职业学院",
            "website": "http://www.zzlgxy.net/",
            "provinceId": 16,
            "level": "专科",
            "abbreviation": "zzlgxy",
            "city": "郑州市"
        },
        {
            "id": 2920,
            "name": "郑州信息工程职业学院",
            "website": "http://www.zxxyedu.com/",
            "provinceId": 16,
            "level": "专科",
            "abbreviation": "zxxyedu",
            "city": "郑州市"
        },
        {
            "id": 2923,
            "name": "河南应用技术职业学院",
            "website": "http://www.haict.edu.cn/",
            "provinceId": 16,
            "level": "专科",
            "abbreviation": "haict",
            "city": "郑州市"
        },
        {
            "id": 2924,
            "name": "河南艺术职业学院",
            "website": "http://www.hnyszyxy.net/",
            "provinceId": 16,
            "level": "专科",
            "abbreviation": "hnyszyxy",
            "city": "郑州市"
        },
        {
            "id": 2925,
            "name": "河南机电职业学院",
            "website": "http://www.hnjd.edu.cn/",
            "provinceId": 16,
            "level": "专科",
            "abbreviation": "hnjd",
            "city": "郑州市"
        },
        {
            "id": 2931,
            "name": "郑州商贸旅游职业学院",
            "website": "http://www.zzvcct.com/",
            "provinceId": 16,
            "level": "专科",
            "abbreviation": "zzvcct",
            "city": "郑州市"
        },
        {
            "id": 2934,
            "name": "郑州幼儿师范高等专科学校",
            "website": "http://www.zyedu.org/",
            "provinceId": 16,
            "level": "专科",
            "abbreviation": "zyedu",
            "city": "郑州市"
        },
        {
            "id": 2935,
            "name": "安阳幼儿师范高等专科学校",
            "website": "http://www.ayys.net.cn/",
            "provinceId": 16,
            "level": "专科",
            "abbreviation": "ayys",
            "city": "郑州市"
        },
        {
            "id": 2936,
            "name": "郑州黄河护理职业学院",
            "website": "http://www.zyrnvc.com/",
            "provinceId": 16,
            "level": "专科",
            "abbreviation": "zyrnvc",
            "city": "郑州市"
        },
        {
            "id": 2937,
            "name": "河南医学高等专科学校",
            "website": "http://www.hamc.edu.cn/",
            "provinceId": 16,
            "level": "专科",
            "abbreviation": "hamc",
            "city": "郑州市"
        },
        {
            "id": 2938,
            "name": "郑州财税金融职业学院",
            "website": "http://www.zzcsjr.edu.cn/",
            "provinceId": 16,
            "level": "专科",
            "abbreviation": "zzcsjr",
            "city": "郑州市"
        },
        {
            "id": 2943,
            "name": "河南轻工职业学院",
            "website": "http://www.pili-zz.net/",
            "provinceId": 16,
            "level": "专科",
            "abbreviation": "pili-zz",
            "city": "郑州市"
        },
        {
            "id": 2944,
            "name": "河南测绘职业学院",
            "website": "http://www.zzcx.net/",
            "provinceId": 16,
            "level": "专科",
            "abbreviation": "zzcx",
            "city": "郑州市"
        }
    ]
}