{
    "university": [
        {
            "id": 3620,
            "name": "黔南民族师范学院",
            "website": "http://www.sgmtu.edu.cn/",
            "provinceId": 24,
            "level": "本科",
            "abbreviation": "sgmtu",
            "city": "都匀市"
        },
        {
            "id": 3637,
            "name": "黔南民族医学高等专科学校",
            "website": "http://www.qnmc.cn/",
            "provinceId": 24,
            "level": "专科",
            "abbreviation": "qnmc",
            "city": "都匀市"
        },
        {
            "id": 3643,
            "name": "黔南民族职业技术学院",
            "website": "http://www.qnzy.net/",
            "provinceId": 24,
            "level": "专科",
            "abbreviation": "qnzy",
            "city": "都匀市"
        }
    ]
}