{
    "university": [
        {
            "id": 1731,
            "name": "鄂尔多斯应用技术学院",
            "website": "http://www.oit.edu.cn/",
            "provinceId": 5,
            "level": "本科",
            "abbreviation": "oit",
            "city": "鄂尔多斯"
        },
        {
            "id": 1757,
            "name": "鄂尔多斯职业学院",
            "website": "http://www.ordosvc.cn/",
            "provinceId": 5,
            "level": "专科",
            "abbreviation": "ordosvc",
            "city": "鄂尔多斯"
        },
        {
            "id": 1765,
            "name": "内蒙古民族幼儿师范高等专科学校",
            "website": "http://www.nmmysz.com/",
            "provinceId": 5,
            "level": "专科",
            "abbreviation": "nmmysz",
            "city": "鄂尔多斯"
        }
    ]
}