{
    "university": [
        {
            "id": 3365,
            "name": "钦州学院",
            "website": "http://www.qzu.net.cn/",
            "provinceId": 20,
            "level": "本科",
            "abbreviation": "qzu",
            "city": "钦州市"
        },
        {
            "id": 3403,
            "name": "广西英华国际职业学院",
            "website": "http://www.tic-gx.com/",
            "provinceId": 20,
            "level": "专科",
            "abbreviation": "tic-gx",
            "city": "钦州市"
        }
    ]
}