{
    "university": [
        {
            "id": 3436,
            "name": "重庆大学",
            "website": "http://www.cqu.edu.cn/",
            "provinceId": 22,
            "level": "本科",
            "abbreviation": "cqu",
            "city": "重庆市"
        },
        {
            "id": 3437,
            "name": "重庆邮电大学",
            "website": "http://www.cqupt.edu.cn/",
            "provinceId": 22,
            "level": "本科",
            "abbreviation": "cqupt",
            "city": "重庆市"
        },
        {
            "id": 3438,
            "name": "重庆交通大学",
            "website": "http://www.cqjtu.edu.cn/",
            "provinceId": 22,
            "level": "本科",
            "abbreviation": "cqjtu",
            "city": "重庆市"
        },
        {
            "id": 3439,
            "name": "重庆医科大学",
            "website": "http://www.cqmu.edu.cn/",
            "provinceId": 22,
            "level": "本科",
            "abbreviation": "cqmu",
            "city": "重庆市"
        },
        {
            "id": 3440,
            "name": "西南大学",
            "website": "http://www.swu.edu.cn/",
            "provinceId": 22,
            "level": "本科",
            "abbreviation": "swu",
            "city": "重庆市"
        },
        {
            "id": 3441,
            "name": "重庆师范大学",
            "website": "http://www.cqnu.edu.cn/",
            "provinceId": 22,
            "level": "本科",
            "abbreviation": "cqnu",
            "city": "重庆市"
        },
        {
            "id": 3442,
            "name": "重庆文理学院",
            "website": "http://www.cqwu.net/",
            "provinceId": 22,
            "level": "本科",
            "abbreviation": "cqwu",
            "city": "重庆市"
        },
        {
            "id": 3443,
            "name": "重庆三峡学院",
            "website": "http://www.sanxiau.net/",
            "provinceId": 22,
            "level": "本科",
            "abbreviation": "sanxiau",
            "city": "重庆市"
        },
        {
            "id": 3444,
            "name": "长江师范学院",
            "website": "http://www.yznu.cn/",
            "provinceId": 22,
            "level": "本科",
            "abbreviation": "yznu",
            "city": "重庆市"
        },
        {
            "id": 3445,
            "name": "四川外国语大学",
            "website": "http://www.sisu.edu.cn/",
            "provinceId": 22,
            "level": "本科",
            "abbreviation": "sisu",
            "city": "重庆市"
        },
        {
            "id": 3446,
            "name": "西南政法大学",
            "website": "http://www.swupl.edu.cn/",
            "provinceId": 22,
            "level": "本科",
            "abbreviation": "swupl",
            "city": "重庆市"
        },
        {
            "id": 3447,
            "name": "四川美术学院",
            "website": "http://www.scfai.edu.cn/",
            "provinceId": 22,
            "level": "本科",
            "abbreviation": "scfai",
            "city": "重庆市"
        },
        {
            "id": 3448,
            "name": "重庆科技学院",
            "website": "http://www.cqust.edu.cn/",
            "provinceId": 22,
            "level": "本科",
            "abbreviation": "cqust",
            "city": "重庆市"
        },
        {
            "id": 3449,
            "name": "重庆理工大学",
            "website": "http://www.cqut.edu.cn/",
            "provinceId": 22,
            "level": "本科",
            "abbreviation": "cqut",
            "city": "重庆市"
        },
        {
            "id": 3450,
            "name": "重庆工商大学",
            "website": "http://www.ctbu.edu.cn/",
            "provinceId": 22,
            "level": "本科",
            "abbreviation": "ctbu",
            "city": "重庆市"
        },
        {
            "id": 3451,
            "name": "重庆工程学院",
            "website": "http://www.cqgcxy.com/",
            "provinceId": 22,
            "level": "本科",
            "abbreviation": "cqgcxy",
            "city": "重庆市"
        },
        {
            "id": 3452,
            "name": "重庆大学城市科技学院",
            "website": "http://www.cqucc.com.cn/",
            "provinceId": 22,
            "level": "本科",
            "abbreviation": "cqucc",
            "city": "重庆市"
        },
        {
            "id": 3453,
            "name": "重庆警察学院",
            "website": "http://www.cqjy.com.cn/",
            "provinceId": 22,
            "level": "本科",
            "abbreviation": "cqjy",
            "city": "重庆市"
        },
        {
            "id": 3454,
            "name": "重庆人文科技学院",
            "website": "http://www.swuyc.edu.cn/",
            "provinceId": 22,
            "level": "本科",
            "abbreviation": "swuyc",
            "city": "重庆市"
        },
        {
            "id": 3455,
            "name": "四川外语学院重庆南方翻译学院",
            "website": "http://www.tcsisu.com/",
            "provinceId": 22,
            "level": "本科",
            "abbreviation": "tcsisu",
            "city": "重庆市"
        },
        {
            "id": 3456,
            "name": "重庆师范大学涉外商贸学院",
            "website": "http://www.swsm.cn/",
            "provinceId": 22,
            "level": "本科",
            "abbreviation": "swsm",
            "city": "重庆市"
        },
        {
            "id": 3457,
            "name": "重庆工商大学融智学院",
            "website": "http://www.cqrzedu.cn/",
            "provinceId": 22,
            "level": "本科",
            "abbreviation": "cqrzedu",
            "city": "重庆市"
        },
        {
            "id": 3458,
            "name": "重庆工商大学派斯学院",
            "website": "http://paisi.ctbu.edu.cn/",
            "provinceId": 22,
            "level": "本科",
            "abbreviation": "ctbu",
            "city": "重庆市"
        },
        {
            "id": 3459,
            "name": "重庆邮电大学移通学院",
            "website": "http://www.cqyti.com/",
            "provinceId": 22,
            "level": "本科",
            "abbreviation": "cqyti",
            "city": "重庆市"
        },
        {
            "id": 3460,
            "name": "重庆第二师范学院",
            "website": "http://www.cque.edu.cn/",
            "provinceId": 22,
            "level": "本科",
            "abbreviation": "cque",
            "city": "重庆市"
        },
        {
            "id": 3461,
            "name": "重庆航天职业技术学院",
            "website": "http://www.cqepc.cn/",
            "provinceId": 22,
            "level": "专科",
            "abbreviation": "cqepc",
            "city": "重庆市"
        },
        {
            "id": 3462,
            "name": "重庆电力高等专科学校",
            "website": "http://www.cqepc.com.cn/",
            "provinceId": 22,
            "level": "专科",
            "abbreviation": "cqepc",
            "city": "重庆市"
        },
        {
            "id": 3463,
            "name": "重庆工业职业技术学院",
            "website": "http://www.cqipc.net/",
            "provinceId": 22,
            "level": "专科",
            "abbreviation": "cqipc",
            "city": "重庆市"
        },
        {
            "id": 3464,
            "name": "重庆三峡职业学院",
            "website": "http://www.cqsxedu.com/",
            "provinceId": 22,
            "level": "专科",
            "abbreviation": "cqsxedu",
            "city": "重庆市"
        },
        {
            "id": 3465,
            "name": "重庆工贸职业技术学院",
            "website": "http://www.cqgmy.cn/",
            "provinceId": 22,
            "level": "专科",
            "abbreviation": "cqgmy",
            "city": "重庆市"
        },
        {
            "id": 3466,
            "name": "重庆机电职业技术学院",
            "website": "http://www.cqevi.net.cn/",
            "provinceId": 22,
            "level": "专科",
            "abbreviation": "cqevi",
            "city": "重庆市"
        },
        {
            "id": 3467,
            "name": "重庆电子工程职业学院",
            "website": "http://www.cqcet.com/",
            "provinceId": 22,
            "level": "专科",
            "abbreviation": "cqcet",
            "city": "重庆市"
        },
        {
            "id": 3468,
            "name": "重庆海联职业技术学院",
            "website": "http://www.cqhl.net.cn/",
            "provinceId": 22,
            "level": "专科",
            "abbreviation": "cqhl",
            "city": "重庆市"
        },
        {
            "id": 3469,
            "name": "重庆信息技术职业学院",
            "website": "http://www.cqeec.com/",
            "provinceId": 22,
            "level": "专科",
            "abbreviation": "cqeec",
            "city": "重庆市"
        },
        {
            "id": 3470,
            "name": "重庆传媒职业学院",
            "website": "http://www.cqcmxy.com/",
            "provinceId": 22,
            "level": "专科",
            "abbreviation": "cqcmxy",
            "city": "重庆市"
        },
        {
            "id": 3471,
            "name": "重庆城市管理职业学院",
            "website": "http://www.cswu.cn/",
            "provinceId": 22,
            "level": "专科",
            "abbreviation": "cswu",
            "city": "重庆市"
        },
        {
            "id": 3472,
            "name": "重庆工程职业技术学院",
            "website": "http://www.cqvie.edu.cn/",
            "provinceId": 22,
            "level": "专科",
            "abbreviation": "cqvie",
            "city": "重庆市"
        },
        {
            "id": 3473,
            "name": "重庆房地产职业学院",
            "website": "http://www.cqbyxy.com/",
            "provinceId": 22,
            "level": "专科",
            "abbreviation": "cqbyxy",
            "city": "重庆市"
        },
        {
            "id": 3474,
            "name": "重庆城市职业学院",
            "website": "http://www.cqcvc.com.cn/",
            "provinceId": 22,
            "level": "专科",
            "abbreviation": "cqcvc",
            "city": "重庆市"
        },
        {
            "id": 3475,
            "name": "重庆水利电力职业技术学院",
            "website": "http://www.cqsdzy.com/",
            "provinceId": 22,
            "level": "专科",
            "abbreviation": "cqsdzy",
            "city": "重庆市"
        },
        {
            "id": 3476,
            "name": "重庆工商职业学院",
            "website": "http://www.cqtbi.edu.cn/",
            "provinceId": 22,
            "level": "专科",
            "abbreviation": "cqtbi",
            "city": "重庆市"
        },
        {
            "id": 3477,
            "name": "重庆应用技术职业学院",
            "website": "http://www.cqms.edu.cn/",
            "provinceId": 22,
            "level": "专科",
            "abbreviation": "cqms",
            "city": "重庆市"
        },
        {
            "id": 3478,
            "name": "重庆三峡医药高等专科学校",
            "website": "http://www.sxyyc.net/",
            "provinceId": 22,
            "level": "专科",
            "abbreviation": "sxyyc",
            "city": "重庆市"
        },
        {
            "id": 3479,
            "name": "重庆医药高等专科学校",
            "website": "http://www.cqyygz.com/",
            "provinceId": 22,
            "level": "专科",
            "abbreviation": "cqyygz",
            "city": "重庆市"
        },
        {
            "id": 3480,
            "name": "重庆青年职业技术学院",
            "website": "http://www.cqqzy.cn/",
            "provinceId": 22,
            "level": "专科",
            "abbreviation": "cqqzy",
            "city": "重庆市"
        },
        {
            "id": 3481,
            "name": "重庆财经职业学院",
            "website": "http://www.cqcfe.com/",
            "provinceId": 22,
            "level": "专科",
            "abbreviation": "cqcfe",
            "city": "重庆市"
        },
        {
            "id": 3482,
            "name": "重庆科创职业学院",
            "website": "http://www.cqie.cn/",
            "provinceId": 22,
            "level": "专科",
            "abbreviation": "cqie",
            "city": "重庆市"
        },
        {
            "id": 3483,
            "name": "重庆建筑工程职业学院",
            "website": "http://www.cctc.cq.cn/",
            "provinceId": 22,
            "level": "专科",
            "abbreviation": "cctc",
            "city": "重庆市"
        },
        {
            "id": 3484,
            "name": "重庆电讯职业学院",
            "website": "http://www.cqdxxy.com.cn/",
            "provinceId": 22,
            "level": "专科",
            "abbreviation": "cqdxxy",
            "city": "重庆市"
        },
        {
            "id": 3485,
            "name": "重庆能源职业学院",
            "website": "http://www.cqny.net/",
            "provinceId": 22,
            "level": "专科",
            "abbreviation": "cqny",
            "city": "重庆市"
        },
        {
            "id": 3486,
            "name": "重庆商务职业学院",
            "website": "http://www.cqswxy.cn/",
            "provinceId": 22,
            "level": "专科",
            "abbreviation": "cqswxy",
            "city": "重庆市"
        },
        {
            "id": 3487,
            "name": "重庆交通职业学院",
            "website": "http://www.cqjky.com/",
            "provinceId": 22,
            "level": "专科",
            "abbreviation": "cqjky",
            "city": "重庆市"
        },
        {
            "id": 3488,
            "name": "重庆化工职业学院",
            "website": "http://www.cqhgzy.com/",
            "provinceId": 22,
            "level": "专科",
            "abbreviation": "cqhgzy",
            "city": "重庆市"
        },
        {
            "id": 3489,
            "name": "重庆旅游职业学院",
            "website": "http://www.cqvit.com/",
            "provinceId": 22,
            "level": "专科",
            "abbreviation": "cqvit",
            "city": "重庆市"
        },
        {
            "id": 3490,
            "name": "重庆安全技术职业学院",
            "website": "http://www.cqvist.net/",
            "provinceId": 22,
            "level": "专科",
            "abbreviation": "cqvist",
            "city": "重庆市"
        },
        {
            "id": 3491,
            "name": "重庆公共运输职业学院",
            "website": "http://www.cqgyzy.com/",
            "provinceId": 22,
            "level": "专科",
            "abbreviation": "cqgyzy",
            "city": "重庆市"
        },
        {
            "id": 3492,
            "name": "重庆艺术工程职业学院",
            "website": "http://www.cqysxy.com/",
            "provinceId": 22,
            "level": "专科",
            "abbreviation": "cqysxy",
            "city": "重庆市"
        },
        {
            "id": 3493,
            "name": "重庆轻工职业学院",
            "website": "http://www.cqivc.com/",
            "provinceId": 22,
            "level": "专科",
            "abbreviation": "cqivc",
            "city": "重庆市"
        },
        {
            "id": 3494,
            "name": "重庆电信职业学院",
            "website": "http://www.cqtcedu.com/",
            "provinceId": 22,
            "level": "专科",
            "abbreviation": "cqtcedu",
            "city": "重庆市"
        },
        {
            "id": 3495,
            "name": "重庆经贸职业学院",
            "website": "http://www.cqvcet.com/",
            "provinceId": 22,
            "level": "专科",
            "abbreviation": "cqvcet",
            "city": "重庆市"
        },
        {
            "id": 3496,
            "name": "重庆幼儿师范高等专科学校",
            "website": "http://www.cqsxsf.com/",
            "provinceId": 22,
            "level": "专科",
            "abbreviation": "cqsxsf",
            "city": "重庆市"
        },
        {
            "id": 3497,
            "name": "重庆文化艺术职业学院",
            "website": "http://www.cqyixiao.com/",
            "provinceId": 22,
            "level": "专科",
            "abbreviation": "cqyixiao",
            "city": "重庆市"
        },
        {
            "id": 3498,
            "name": "重庆科技职业学院",
            "website": "http://www.cqfzgc.com/",
            "provinceId": 22,
            "level": "专科",
            "abbreviation": "cqfzgc",
            "city": "重庆市"
        },
        {
            "id": 3499,
            "name": "重庆资源与环境保护职业学院",
            "website": "http://www.cqcjxy.com/",
            "provinceId": 22,
            "level": "专科",
            "abbreviation": "cqcjxy",
            "city": "重庆市"
        }
    ]
}