{
    "university": [
        {
            "id": 2266,
            "name": "浙江师范大学",
            "website": "http://www.zjnu.edu.cn/",
            "provinceId": 11,
            "level": "本科",
            "abbreviation": "zjnu",
            "city": "金华市"
        },
        {
            "id": 2294,
            "name": "浙江师范大学行知学院",
            "website": "http://xz.zjnu.net.cn/",
            "provinceId": 11,
            "level": "本科",
            "abbreviation": "zjnu",
            "city": "金华市"
        },
        {
            "id": 2312,
            "name": "上海财经大学浙江学院",
            "website": "http://www.shufe-zj.edu.cn/",
            "provinceId": 11,
            "level": "本科",
            "abbreviation": "shufe-zj",
            "city": "金华市"
        },
        {
            "id": 2320,
            "name": "金华职业技术学院",
            "website": "http://www.jhc.cn/",
            "provinceId": 11,
            "level": "专科",
            "abbreviation": "jhc",
            "city": "金华市"
        }
    ]
}