{
    "university": [
        {
            "id": 1721,
            "name": "内蒙古民族大学",
            "website": "http://www.imun.edu.cn/",
            "provinceId": 5,
            "level": "本科",
            "abbreviation": "imun",
            "city": "通辽市"
        },
        {
            "id": 1746,
            "name": "通辽职业学院",
            "website": "http://www.tlzyxy.com/",
            "provinceId": 5,
            "level": "专科",
            "abbreviation": "tlzyxy",
            "city": "通辽市"
        },
        {
            "id": 1747,
            "name": "科尔沁艺术职业学院",
            "website": "http://www.keqysxy.com.cn/",
            "provinceId": 5,
            "level": "专科",
            "abbreviation": "keqysxy",
            "city": "通辽市"
        }
    ]
}