{
    "university": [
        {
            "id": 1535,
            "name": "邢台学院",
            "website": "http://www.xttc.edu.cn/",
            "provinceId": 3,
            "level": "本科",
            "abbreviation": "xttc",
            "city": "邢台市"
        },
        {
            "id": 1581,
            "name": "邢台职业技术学院",
            "website": "http://www.xpc.edu.cn/",
            "provinceId": 3,
            "level": "专科",
            "abbreviation": "xpc",
            "city": "邢台市"
        },
        {
            "id": 1596,
            "name": "邢台医学高等专科学校",
            "website": "http://www.xtmc.net/",
            "provinceId": 3,
            "level": "专科",
            "abbreviation": "xtmc",
            "city": "邢台市"
        },
        {
            "id": 1605,
            "name": "河北机电职业技术学院",
            "website": "http://www.hbjd.com.cn/",
            "provinceId": 3,
            "level": "专科",
            "abbreviation": "hbjd",
            "city": "邢台市"
        }
    ]
}