{
    "university": [
        {
            "id": 1516,
            "name": "河北工程大学",
            "website": "http://www.hebeu.edu.cn/",
            "provinceId": 3,
            "level": "本科",
            "abbreviation": "hebeu",
            "city": "邯郸市"
        },
        {
            "id": 1534,
            "name": "邯郸学院",
            "website": "http://www.hdc.edu.cn/",
            "provinceId": 3,
            "level": "本科",
            "abbreviation": "hdc",
            "city": "邯郸市"
        },
        {
            "id": 1561,
            "name": "河北工程大学科信学院",
            "website": "http://kexin.hebeu.edu.cn/",
            "provinceId": 3,
            "level": "本科",
            "abbreviation": "hebeu",
            "city": "邯郸市"
        },
        {
            "id": 1577,
            "name": "邯郸职业技术学院",
            "website": "http://www.hd-u.com/",
            "provinceId": 3,
            "level": "专科",
            "abbreviation": "hd-u",
            "city": "邯郸市"
        },
        {
            "id": 1614,
            "name": "河北司法警官职业学院",
            "website": "http://www.jjgxy.com.cn/",
            "provinceId": 3,
            "level": "专科",
            "abbreviation": "jjgxy",
            "city": "邯郸市"
        },
        {
            "id": 1622,
            "name": "河北劳动关系职业学院",
            "website": "http://www.hbgy.edu.cn/",
            "provinceId": 3,
            "level": "专科",
            "abbreviation": "hbgy",
            "city": "邯郸市"
        }
    ]
}