{
    "university": [
        {
            "id": 3088,
            "name": "邵阳学院",
            "website": "http://www.hnsyu.net/",
            "provinceId": 18,
            "level": "本科",
            "abbreviation": "hnsyu",
            "city": "邵阳市"
        },
        {
            "id": 3126,
            "name": "湘中幼儿师范高等专科学校",
            "website": "http://www.hnsysf.com/",
            "provinceId": 18,
            "level": "专科",
            "abbreviation": "hnsysf",
            "city": "邵阳市"
        },
        {
            "id": 3144,
            "name": "邵阳职业技术学院",
            "website": "http://www.syzyedu.com/",
            "provinceId": 18,
            "level": "专科",
            "abbreviation": "syzyedu",
            "city": "邵阳市"
        }
    ]
}