{
    "university": [
        {
            "id": 2094,
            "name": "江苏科技大学",
            "website": "http://www.just.edu.cn/",
            "provinceId": 10,
            "level": "本科",
            "abbreviation": "just",
            "city": "镇江市"
        },
        {
            "id": 2102,
            "name": "江苏大学",
            "website": "http://www.ujs.edu.cn/",
            "provinceId": 10,
            "level": "本科",
            "abbreviation": "ujs",
            "city": "镇江市"
        },
        {
            "id": 2153,
            "name": "江苏大学京江学院",
            "website": "http://jjxy.ujs.edu.cn/",
            "provinceId": 10,
            "level": "本科",
            "abbreviation": "ujs",
            "city": "镇江市"
        },
        {
            "id": 2157,
            "name": "南京财经大学红山学院",
            "website": "http://hs.njue.edu.cn/",
            "provinceId": 10,
            "level": "本科",
            "abbreviation": "njue",
            "city": "镇江市"
        },
        {
            "id": 2175,
            "name": "镇江市高等专科学校",
            "website": "http://www.zjc.edu.cn/",
            "provinceId": 10,
            "level": "专科",
            "abbreviation": "zjc",
            "city": "镇江市"
        },
        {
            "id": 2228,
            "name": "金山职业技术学院",
            "website": "http://www.jinshan-cn.com/",
            "provinceId": 10,
            "level": "专科",
            "abbreviation": "jinshan-cn",
            "city": "镇江市"
        },
        {
            "id": 2253,
            "name": "江苏航空职业技术学院",
            "website": "http://www.jatc.edu.cn/",
            "provinceId": 10,
            "level": "专科",
            "abbreviation": "jatc",
            "city": "镇江市"
        }
    ]
}