{
    "university": [
        {
            "id": 1882,
            "name": "吉林大学",
            "website": "http://www.jlu.edu.cn/",
            "provinceId": 7,
            "level": "本科",
            "abbreviation": "jlu",
            "city": "长春市"
        },
        {
            "id": 1884,
            "name": "长春理工大学",
            "website": "http://www.cust.edu.cn/",
            "provinceId": 7,
            "level": "本科",
            "abbreviation": "cust",
            "city": "长春市"
        },
        {
            "id": 1886,
            "name": "长春工业大学",
            "website": "http://www.ccut.edu.cn/",
            "provinceId": 7,
            "level": "本科",
            "abbreviation": "ccut",
            "city": "长春市"
        },
        {
            "id": 1887,
            "name": "吉林建筑大学",
            "website": "http://www.jliae.edu.cn/",
            "provinceId": 7,
            "level": "本科",
            "abbreviation": "jliae",
            "city": "长春市"
        },
        {
            "id": 1889,
            "name": "吉林农业大学",
            "website": "http://www.jlau.edu.cn/",
            "provinceId": 7,
            "level": "本科",
            "abbreviation": "jlau",
            "city": "长春市"
        },
        {
            "id": 1890,
            "name": "长春中医药大学",
            "website": "http://www.ccucm.edu.cn/",
            "provinceId": 7,
            "level": "本科",
            "abbreviation": "ccucm",
            "city": "长春市"
        },
        {
            "id": 1891,
            "name": "东北师范大学",
            "website": "http://www.nenu.edu.cn/",
            "provinceId": 7,
            "level": "本科",
            "abbreviation": "nenu",
            "city": "长春市"
        },
        {
            "id": 1895,
            "name": "吉林工程技术师范学院",
            "website": "http://www.jltiet.net/",
            "provinceId": 7,
            "level": "本科",
            "abbreviation": "jltiet",
            "city": "长春市"
        },
        {
            "id": 1896,
            "name": "长春师范大学",
            "website": "http://www.cncnc.edu.cn/",
            "provinceId": 7,
            "level": "本科",
            "abbreviation": "cncnc",
            "city": "长春市"
        },
        {
            "id": 1898,
            "name": "吉林财经大学",
            "website": "http://www.ctu.cc.jl.cn/",
            "provinceId": 7,
            "level": "本科",
            "abbreviation": "ctu",
            "city": "长春市"
        },
        {
            "id": 1899,
            "name": "吉林体育学院",
            "website": "http://www.jlsu.edu.cn/",
            "provinceId": 7,
            "level": "本科",
            "abbreviation": "jlsu",
            "city": "长春市"
        },
        {
            "id": 1900,
            "name": "吉林艺术学院",
            "website": "http://www.jlart.edu.cn/",
            "provinceId": 7,
            "level": "本科",
            "abbreviation": "jlart",
            "city": "长春市"
        },
        {
            "id": 1901,
            "name": "吉林华桥外国语学院",
            "website": "http://www.hqwy.com/",
            "provinceId": 7,
            "level": "本科",
            "abbreviation": "hqwy",
            "city": "长春市"
        },
        {
            "id": 1902,
            "name": "吉林工商学院",
            "website": "http://www.jlbtc.edu.cn/",
            "provinceId": 7,
            "level": "本科",
            "abbreviation": "jlbtc",
            "city": "长春市"
        },
        {
            "id": 1903,
            "name": "长春工程学院",
            "website": "http://www.ccit.edu.cn/",
            "provinceId": 7,
            "level": "本科",
            "abbreviation": "ccit",
            "city": "长春市"
        },
        {
            "id": 1905,
            "name": "吉林警察学院",
            "website": "http://www.jljcxy.com/",
            "provinceId": 7,
            "level": "本科",
            "abbreviation": "jljcxy",
            "city": "长春市"
        },
        {
            "id": 1906,
            "name": "长春大学",
            "website": "http://www.ccu.edu.cn/",
            "provinceId": 7,
            "level": "本科",
            "abbreviation": "ccu",
            "city": "长春市"
        },
        {
            "id": 1907,
            "name": "长春光华学院",
            "website": "http://www.ccughc.net/",
            "provinceId": 7,
            "level": "本科",
            "abbreviation": "ccughc",
            "city": "长春市"
        },
        {
            "id": 1908,
            "name": "长春工业大学人文信息学院",
            "website": "http://www.ccutchi.com/",
            "provinceId": 7,
            "level": "本科",
            "abbreviation": "ccutchi",
            "city": "长春市"
        },
        {
            "id": 1909,
            "name": "长春理工大学光电信息学院",
            "website": "http://www.csoei.com/",
            "provinceId": 7,
            "level": "本科",
            "abbreviation": "csoei",
            "city": "长春市"
        },
        {
            "id": 1910,
            "name": "长春财经学院",
            "website": "http://www.ccufe.com/",
            "provinceId": 7,
            "level": "本科",
            "abbreviation": "ccufe",
            "city": "长春市"
        },
        {
            "id": 1911,
            "name": "吉林建筑大学城建学院",
            "website": "http://www.jlucc.net/",
            "provinceId": 7,
            "level": "本科",
            "abbreviation": "jlucc",
            "city": "长春市"
        },
        {
            "id": 1912,
            "name": "长春建筑学院",
            "website": "http://www.jladi.com/",
            "provinceId": 7,
            "level": "本科",
            "abbreviation": "jladi",
            "city": "长春市"
        },
        {
            "id": 1913,
            "name": "长春科技学院",
            "website": "http://www.jlaudev.com.cn/",
            "provinceId": 7,
            "level": "本科",
            "abbreviation": "jlaudev",
            "city": "长春市"
        },
        {
            "id": 1914,
            "name": "吉林动画学院",
            "website": "http://www.jldh.com.cn/",
            "provinceId": 7,
            "level": "本科",
            "abbreviation": "jldh",
            "city": "长春市"
        },
        {
            "id": 1916,
            "name": "长春大学旅游学院",
            "website": "http://www.cctourcollege.com/",
            "provinceId": 7,
            "level": "本科",
            "abbreviation": "cctourcoll",
            "city": "长春市"
        },
        {
            "id": 1917,
            "name": "东北师范大学人文学院",
            "website": "http://www.chsnenu.edu.cn/",
            "provinceId": 7,
            "level": "本科",
            "abbreviation": "chsnenu",
            "city": "长春市"
        },
        {
            "id": 1919,
            "name": "长春师范高等专科学校",
            "website": "http://ccsfgz.com/",
            "provinceId": 7,
            "level": "专科",
            "abbreviation": "com/",
            "city": "长春市"
        },
        {
            "id": 1922,
            "name": "长春汽车工业高等专科学校",
            "website": "http://www.caii.edu.cn/",
            "provinceId": 7,
            "level": "专科",
            "abbreviation": "caii",
            "city": "长春市"
        },
        {
            "id": 1923,
            "name": "长春金融高等专科学校",
            "website": "http://www.cjgz.edu.cn/",
            "provinceId": 7,
            "level": "专科",
            "abbreviation": "cjgz",
            "city": "长春市"
        },
        {
            "id": 1924,
            "name": "长春医学高等专科学校",
            "website": "http://www.cmcedu.com/",
            "provinceId": 7,
            "level": "专科",
            "abbreviation": "cmcedu",
            "city": "长春市"
        },
        {
            "id": 1925,
            "name": "吉林交通职业技术学院",
            "website": "http://www.jjtc.com.cn/",
            "provinceId": 7,
            "level": "专科",
            "abbreviation": "jjtc",
            "city": "长春市"
        },
        {
            "id": 1926,
            "name": "长春东方职业学院",
            "website": "http://www.dfzyxy.net/",
            "provinceId": 7,
            "level": "专科",
            "abbreviation": "dfzyxy",
            "city": "长春市"
        },
        {
            "id": 1927,
            "name": "吉林司法警官职业学院",
            "website": "http://www.jlsfjy.cn/",
            "provinceId": 7,
            "level": "专科",
            "abbreviation": "jlsfjy",
            "city": "长春市"
        },
        {
            "id": 1931,
            "name": "长春职业技术学院",
            "website": "http://www.cvit.com.cn/",
            "provinceId": 7,
            "level": "专科",
            "abbreviation": "cvit",
            "city": "长春市"
        },
        {
            "id": 1933,
            "name": "长春信息技术职业学院",
            "website": "http://www.citpc.net/",
            "provinceId": 7,
            "level": "专科",
            "abbreviation": "citpc",
            "city": "长春市"
        },
        {
            "id": 1938,
            "name": "吉林科技职业技术学院",
            "website": "http://www.jilinkj.com/",
            "provinceId": 7,
            "level": "专科",
            "abbreviation": "jilinkj",
            "city": "长春市"
        },
        {
            "id": 1940,
            "name": "吉林城市职业技术学院",
            "website": "http://www.jlcsxy.com/",
            "provinceId": 7,
            "level": "专科",
            "abbreviation": "jlcsxy",
            "city": "长春市"
        },
        {
            "id": 1942,
            "name": "吉林水利电力职业学院",
            "website": "http://www.jlsdzy.cn/",
            "provinceId": 7,
            "level": "专科",
            "abbreviation": "jlsdzy",
            "city": "长春市"
        },
        {
            "id": 1943,
            "name": "吉林对外经贸职业学院",
            "website": "http://www.jvcfte.com.cn/",
            "provinceId": 7,
            "level": "专科",
            "abbreviation": "jvcfte",
            "city": "长春市"
        }
    ]
}