{
    "university": [
        {
            "id": 1642,
            "name": "长治医学院",
            "website": "http://www.czmc.com/",
            "provinceId": 4,
            "level": "本科",
            "abbreviation": "czmc",
            "city": "长治市"
        },
        {
            "id": 1647,
            "name": "长治学院",
            "website": "http://www.czc.edu.cn/",
            "provinceId": 4,
            "level": "本科",
            "abbreviation": "czc",
            "city": "长治市"
        },
        {
            "id": 1670,
            "name": "长治职业技术学院",
            "website": "http://www.czzy.cn/",
            "provinceId": 4,
            "level": "专科",
            "abbreviation": "czzy",
            "city": "长治市"
        },
        {
            "id": 1678,
            "name": "山西机电职业技术学院",
            "website": "http://www.sxjdxy.org/",
            "provinceId": 4,
            "level": "专科",
            "abbreviation": "sxjdxy",
            "city": "长治市"
        },
        {
            "id": 1693,
            "name": "潞安职业技术学院",
            "website": "http://sxlazy.cen114.com/",
            "provinceId": 4,
            "level": "专科",
            "abbreviation": "cen114",
            "city": "长治市"
        }
    ]
}