{
    "university": [
        {
            "id": 3077,
            "name": "湖南大学",
            "website": "http://www.hnu.cn/",
            "provinceId": 18,
            "level": "本科",
            "abbreviation": "hnu",
            "city": "长沙市"
        },
        {
            "id": 3078,
            "name": "中南大学",
            "website": "http://www.csu.edu.cn/",
            "provinceId": 18,
            "level": "本科",
            "abbreviation": "csu",
            "city": "长沙市"
        },
        {
            "id": 3080,
            "name": "长沙理工大学",
            "website": "http://www.csust.edu.cn/",
            "provinceId": 18,
            "level": "本科",
            "abbreviation": "csust",
            "city": "长沙市"
        },
        {
            "id": 3081,
            "name": "湖南农业大学",
            "website": "http://www.hunau.edu.cn/",
            "provinceId": 18,
            "level": "本科",
            "abbreviation": "hunau",
            "city": "长沙市"
        },
        {
            "id": 3082,
            "name": "中南林业科技大学",
            "website": "http://www.csuft.com/",
            "provinceId": 18,
            "level": "本科",
            "abbreviation": "csuft",
            "city": "长沙市"
        },
        {
            "id": 3083,
            "name": "湖南中医药大学",
            "website": "http://www.hnctcm.edu.cn/",
            "provinceId": 18,
            "level": "本科",
            "abbreviation": "hnctcm",
            "city": "长沙市"
        },
        {
            "id": 3084,
            "name": "湖南师范大学",
            "website": "http://www.hunnu.edu.cn/",
            "provinceId": 18,
            "level": "本科",
            "abbreviation": "hunnu",
            "city": "长沙市"
        },
        {
            "id": 3093,
            "name": "湖南商学院",
            "website": "http://www.hnuc.edu.cn/",
            "provinceId": 18,
            "level": "本科",
            "abbreviation": "hnuc",
            "city": "长沙市"
        },
        {
            "id": 3095,
            "name": "长沙医学院",
            "website": "http://www.csmu.edu.cn/",
            "provinceId": 18,
            "level": "本科",
            "abbreviation": "csmu",
            "city": "长沙市"
        },
        {
            "id": 3096,
            "name": "长沙学院",
            "website": "http://www.ccsu.cn/",
            "provinceId": 18,
            "level": "本科",
            "abbreviation": "ccsu",
            "city": "长沙市"
        },
        {
            "id": 3100,
            "name": "湖南财政经济学院",
            "website": "http://www.hufe.edu.cn/",
            "provinceId": 18,
            "level": "本科",
            "abbreviation": "hufe",
            "city": "长沙市"
        },
        {
            "id": 3101,
            "name": "湖南警察学院",
            "website": "http://www.hnpolice.com/",
            "provinceId": 18,
            "level": "本科",
            "abbreviation": "hnpolice",
            "city": "长沙市"
        },
        {
            "id": 3103,
            "name": "湖南女子学院",
            "website": "http://www.hnnd.com.cn/",
            "provinceId": 18,
            "level": "本科",
            "abbreviation": "hnnd",
            "city": "长沙市"
        },
        {
            "id": 3104,
            "name": "湖南第一师范学院",
            "website": "http://www.hnfnu.edu.cn/",
            "provinceId": 18,
            "level": "本科",
            "abbreviation": "hnfnu",
            "city": "长沙市"
        },
        {
            "id": 3106,
            "name": "湖南涉外经济学院",
            "website": "http://www.hunaneu.com/",
            "provinceId": 18,
            "level": "本科",
            "abbreviation": "hunaneu",
            "city": "长沙市"
        },
        {
            "id": 3111,
            "name": "湖南商学院北津学院",
            "website": "http://www.bjxy.net.cn/",
            "provinceId": 18,
            "level": "本科",
            "abbreviation": "bjxy",
            "city": "长沙市"
        },
        {
            "id": 3112,
            "name": "湖南师范大学树达学院",
            "website": "http://sdw.hunnu.edu.cn/",
            "provinceId": 18,
            "level": "本科",
            "abbreviation": "hunnu",
            "city": "长沙市"
        },
        {
            "id": 3113,
            "name": "湖南农业大学东方科技学院",
            "website": "http://www.hnaues.com/",
            "provinceId": 18,
            "level": "本科",
            "abbreviation": "hnaues",
            "city": "长沙市"
        },
        {
            "id": 3114,
            "name": "中南林业科技大学涉外学院",
            "website": "http://new.zswxy.cn/",
            "provinceId": 18,
            "level": "本科",
            "abbreviation": "zswxy",
            "city": "长沙市"
        },
        {
            "id": 3119,
            "name": "湖南中医药大学湘杏学院",
            "website": "http://www.hnzyxx.com/",
            "provinceId": 18,
            "level": "本科",
            "abbreviation": "hnzyxx",
            "city": "长沙市"
        },
        {
            "id": 3121,
            "name": "长沙理工大学城南学院",
            "website": "http://www.csust.edu.cn/pub/cn",
            "provinceId": 18,
            "level": "本科",
            "abbreviation": "csust",
            "city": "长沙市"
        },
        {
            "id": 3122,
            "name": "长沙师范学院",
            "website": "http://www.cssf.cn/",
            "provinceId": 18,
            "level": "本科",
            "abbreviation": "cssf",
            "city": "长沙市"
        },
        {
            "id": 3124,
            "name": "湖南信息学院",
            "website": "http://www.hnisc.com/",
            "provinceId": 18,
            "level": "本科",
            "abbreviation": "hnisc",
            "city": "长沙市"
        },
        {
            "id": 3127,
            "name": "长沙民政职业技术学院",
            "website": "http://www.csmzxy.com/",
            "provinceId": 18,
            "level": "专科",
            "abbreviation": "csmzxy",
            "city": "长沙市"
        },
        {
            "id": 3128,
            "name": "湖南工业职业技术学院",
            "website": "http://www.hunangy.com/",
            "provinceId": 18,
            "level": "专科",
            "abbreviation": "hunangy",
            "city": "长沙市"
        },
        {
            "id": 3129,
            "name": "湖南信息职业技术学院",
            "website": "http://www.hniu.com/",
            "provinceId": 18,
            "level": "专科",
            "abbreviation": "hniu",
            "city": "长沙市"
        },
        {
            "id": 3130,
            "name": "湖南税务高等专科学校",
            "website": "http://www.csttc.cn/",
            "provinceId": 18,
            "level": "专科",
            "abbreviation": "csttc",
            "city": "长沙市"
        },
        {
            "id": 3131,
            "name": "长沙航空职业技术学院",
            "website": "http://www.cavtc.cn/",
            "provinceId": 18,
            "level": "专科",
            "abbreviation": "cavtc",
            "city": "长沙市"
        },
        {
            "id": 3132,
            "name": "湖南大众传媒职业技术学院",
            "website": "http://www.hnmmc.cn/",
            "provinceId": 18,
            "level": "专科",
            "abbreviation": "hnmmc",
            "city": "长沙市"
        },
        {
            "id": 3135,
            "name": "湖南科技职业学院",
            "website": "http://www.hnkjxy.net.cn/",
            "provinceId": 18,
            "level": "专科",
            "abbreviation": "hnkjxy",
            "city": "长沙市"
        },
        {
            "id": 3136,
            "name": "湖南生物机电职业技术学院",
            "website": "http://www.hnbemc.com/",
            "provinceId": 18,
            "level": "专科",
            "abbreviation": "hnbemc",
            "city": "长沙市"
        },
        {
            "id": 3137,
            "name": "湖南交通职业技术学院",
            "website": "http://www.hnjtzy.com.cn/",
            "provinceId": 18,
            "level": "专科",
            "abbreviation": "hnjtzy",
            "city": "长沙市"
        },
        {
            "id": 3138,
            "name": "湖南商务职业技术学院",
            "website": "http://www.hnswxy.com/",
            "provinceId": 18,
            "level": "专科",
            "abbreviation": "hnswxy",
            "city": "长沙市"
        },
        {
            "id": 3139,
            "name": "湖南体育职业学院",
            "website": "http://tyzy.hnedu.cn/",
            "provinceId": 18,
            "level": "专科",
            "abbreviation": "hnedu",
            "city": "长沙市"
        },
        {
            "id": 3140,
            "name": "湖南工程职业技术学院",
            "website": "http://www.hngcjx.com.cn/",
            "provinceId": 18,
            "level": "专科",
            "abbreviation": "hngcjx",
            "city": "长沙市"
        },
        {
            "id": 3141,
            "name": "保险职业学院",
            "website": "http://www.bxxy.com/",
            "provinceId": 18,
            "level": "专科",
            "abbreviation": "bxxy",
            "city": "长沙市"
        },
        {
            "id": 3142,
            "name": "湖南外贸职业学院",
            "website": "http://www.hnwmxy.com/",
            "provinceId": 18,
            "level": "专科",
            "abbreviation": "hnwmxy",
            "city": "长沙市"
        },
        {
            "id": 3143,
            "name": "湖南网络工程职业学院",
            "website": "http://www.hnevc.com/",
            "provinceId": 18,
            "level": "专科",
            "abbreviation": "hnevc",
            "city": "长沙市"
        },
        {
            "id": 3145,
            "name": "湖南司法警官职业学院",
            "website": "http://www.jgzy.com/",
            "provinceId": 18,
            "level": "专科",
            "abbreviation": "jgzy",
            "city": "长沙市"
        },
        {
            "id": 3146,
            "name": "长沙商贸旅游职业技术学院",
            "website": "http://www.hncpu.com/",
            "provinceId": 18,
            "level": "专科",
            "abbreviation": "hncpu",
            "city": "长沙市"
        },
        {
            "id": 3148,
            "name": "湖南邮电职业技术学院",
            "website": "http://www.hnydxy.com/",
            "provinceId": 18,
            "level": "专科",
            "abbreviation": "hnydxy",
            "city": "长沙市"
        },
        {
            "id": 3153,
            "name": "长沙环境保护职业技术学院",
            "website": "http://www.hbcollege.com.cn/",
            "provinceId": 18,
            "level": "专科",
            "abbreviation": "hbcollege",
            "city": "长沙市"
        },
        {
            "id": 3154,
            "name": "湖南艺术职业学院",
            "website": "http://www.arthn.com/",
            "provinceId": 18,
            "level": "专科",
            "abbreviation": "arthn",
            "city": "长沙市"
        },
        {
            "id": 3155,
            "name": "湖南机电职业技术学院",
            "website": "http://www.hnjdzy.net/",
            "provinceId": 18,
            "level": "专科",
            "abbreviation": "hnjdzy",
            "city": "长沙市"
        },
        {
            "id": 3156,
            "name": "长沙职业技术学院",
            "website": "http://www.cszyedu.cn/",
            "provinceId": 18,
            "level": "专科",
            "abbreviation": "cszyedu",
            "city": "长沙市"
        },
        {
            "id": 3160,
            "name": "长沙南方职业学院",
            "website": "http://www.nfdx.net/",
            "provinceId": 18,
            "level": "专科",
            "abbreviation": "nfdx",
            "city": "长沙市"
        },
        {
            "id": 3175,
            "name": "长沙电力职业技术学院",
            "website": "http://www.cseptc.net/",
            "provinceId": 18,
            "level": "专科",
            "abbreviation": "cseptc",
            "city": "长沙市"
        },
        {
            "id": 3176,
            "name": "湖南水利水电职业技术学院",
            "website": "http://www.hnslsdxy.com/",
            "provinceId": 18,
            "level": "专科",
            "abbreviation": "hnslsdxy",
            "city": "长沙市"
        },
        {
            "id": 3177,
            "name": "湖南现代物流职业技术学院",
            "website": "http://www.56edu.com/",
            "provinceId": 18,
            "level": "专科",
            "abbreviation": "56edu",
            "city": "长沙市"
        },
        {
            "id": 3180,
            "name": "湖南安全技术职业学院",
            "website": "http://www.cssttc.gov.cn/",
            "provinceId": 18,
            "level": "专科",
            "abbreviation": "cssttc",
            "city": "长沙市"
        },
        {
            "id": 3182,
            "name": "湖南外国语职业学院",
            "website": "http://www.hnflc.cn/",
            "provinceId": 18,
            "level": "专科",
            "abbreviation": "hnflc",
            "city": "长沙市"
        },
        {
            "id": 3184,
            "name": "湖南都市职业学院",
            "website": "http://www.hnupc.net/",
            "provinceId": 18,
            "level": "专科",
            "abbreviation": "hnupc",
            "city": "长沙市"
        },
        {
            "id": 3185,
            "name": "湖南电子科技职业学院",
            "website": "http://www.8379888.com/",
            "provinceId": 18,
            "level": "专科",
            "abbreviation": "8379888",
            "city": "长沙市"
        },
        {
            "id": 3189,
            "name": "湖南三一工业职业技术学院",
            "website": "http://www.sanyedu.com/",
            "provinceId": 18,
            "level": "专科",
            "abbreviation": "sanyedu",
            "city": "长沙市"
        },
        {
            "id": 3190,
            "name": "长沙卫生职业学院",
            "website": "http://www.cswszy.com/",
            "provinceId": 18,
            "level": "专科",
            "abbreviation": "cswszy",
            "city": "长沙市"
        },
        {
            "id": 3191,
            "name": "湖南食品药品职业学院",
            "website": "http://www.hnyyxx.net/",
            "provinceId": 18,
            "level": "专科",
            "abbreviation": "hnyyxx",
            "city": "长沙市"
        },
        {
            "id": 3196,
            "name": "湖南劳动人事职业学院",
            "website": "http://www.hnlrx.net/",
            "provinceId": 18,
            "level": "专科",
            "abbreviation": "hnlrx",
            "city": "长沙市"
        }
    ]
}