{
    "university": [
        {
            "id": 3898,
            "name": "宁夏大学",
            "website": "http://www.nxu.edu.cn/",
            "provinceId": 30,
            "level": "本科",
            "abbreviation": "nxu",
            "city": "银川市"
        },
        {
            "id": 3899,
            "name": "宁夏医科大学",
            "website": "http://www.nxmu.edu.cn/",
            "provinceId": 30,
            "level": "本科",
            "abbreviation": "nxmu",
            "city": "银川市"
        },
        {
            "id": 3901,
            "name": "北方民族大学",
            "website": "http://www.nwsni.edu.cn/",
            "provinceId": 30,
            "level": "本科",
            "abbreviation": "nwsni",
            "city": "银川市"
        },
        {
            "id": 3903,
            "name": "宁夏大学新华学院",
            "website": "http://xinhua.nxu.edu.cn/",
            "provinceId": 30,
            "level": "本科",
            "abbreviation": "nxu",
            "city": "银川市"
        },
        {
            "id": 3904,
            "name": "银川能源学院",
            "website": "http://www.ycu.com.cn/",
            "provinceId": 30,
            "level": "本科",
            "abbreviation": "ycu",
            "city": "银川市"
        },
        {
            "id": 3905,
            "name": "中国矿业大学银川学院",
            "website": "http://www.cumtyc.com.cn/",
            "provinceId": 30,
            "level": "本科",
            "abbreviation": "cumtyc",
            "city": "银川市"
        },
        {
            "id": 3908,
            "name": "宁夏职业技术学院",
            "website": "http://www.nxtc.edu.cn/",
            "provinceId": 30,
            "level": "专科",
            "abbreviation": "nxtc",
            "city": "银川市"
        },
        {
            "id": 3909,
            "name": "宁夏工商职业技术学院",
            "website": "http://www.nxgs.edu.cn/",
            "provinceId": 30,
            "level": "专科",
            "abbreviation": "nxgs",
            "city": "银川市"
        },
        {
            "id": 3911,
            "name": "宁夏司法警官职业学院",
            "website": "http://www.nsjy.com.cn/",
            "provinceId": 30,
            "level": "专科",
            "abbreviation": "nsjy",
            "city": "银川市"
        },
        {
            "id": 3912,
            "name": "宁夏建设职业技术学院",
            "website": "http://www.nxjy.edu.cn/",
            "provinceId": 30,
            "level": "专科",
            "abbreviation": "nxjy",
            "city": "银川市"
        },
        {
            "id": 3913,
            "name": "宁夏葡萄酒与防沙治沙职业技术学院",
            "website": "http://www.nxfszs.com/",
            "provinceId": 30,
            "level": "专科",
            "abbreviation": "nxfszs",
            "city": "银川市"
        },
        {
            "id": 3914,
            "name": "宁夏幼儿师范高等专科学校",
            "website": "http://www.nxysedu.com/",
            "provinceId": 30,
            "level": "专科",
            "abbreviation": "nxysedu",
            "city": "银川市"
        },
        {
            "id": 3915,
            "name": "宁夏艺术职业学院",
            "website": "http://www.nxyx.cn/",
            "provinceId": 30,
            "level": "专科",
            "abbreviation": "nxyx",
            "city": "银川市"
        }
    ]
}