{
    "university": [
        {
            "id": 1836,
            "name": "铁岭师范高等专科学校",
            "website": "http://www.tlsz.com.cn/",
            "provinceId": 6,
            "level": "专科",
            "abbreviation": "tlsz",
            "city": "铁岭市"
        },
        {
            "id": 1846,
            "name": "辽宁职业学院",
            "website": "http://www.lnvc.cn/",
            "provinceId": 6,
            "level": "专科",
            "abbreviation": "lnvc",
            "city": "铁岭市"
        },
        {
            "id": 1872,
            "name": "辽宁工程职业学院",
            "website": "http://www.lngczyxy.com/",
            "provinceId": 6,
            "level": "专科",
            "abbreviation": "lngczyxy",
            "city": "铁岭市"
        },
        {
            "id": 1875,
            "name": "铁岭卫生职业学院",
            "website": "http://www.lntlhc.com/",
            "provinceId": 6,
            "level": "专科",
            "abbreviation": "lntlhc",
            "city": "铁岭市"
        }
    ]
}