{
    "university": [
        {
            "id": 2386,
            "name": "铜陵学院",
            "website": "http://www.tlc.edu.cn/",
            "provinceId": 12,
            "level": "本科",
            "abbreviation": "tlc",
            "city": "铜陵市"
        },
        {
            "id": 2416,
            "name": "铜陵职业技术学院",
            "website": "http://www.tlpt.net.cn/",
            "provinceId": 12,
            "level": "专科",
            "abbreviation": "tlpt",
            "city": "铜陵市"
        },
        {
            "id": 2456,
            "name": "安徽工业职业技术学院",
            "website": "http://www.ahip.cn/",
            "provinceId": 12,
            "level": "专科",
            "abbreviation": "ahip",
            "city": "铜陵市"
        }
    ]
}