{
    "university": [
        {
            "id": 3615,
            "name": "铜仁学院",
            "website": "http://www.gztrc.edu.cn/",
            "provinceId": 24,
            "level": "本科",
            "abbreviation": "gztrc",
            "city": "铜仁市"
        },
        {
            "id": 3649,
            "name": "铜仁职业技术学院",
            "website": "http://www.trzy.cn/",
            "provinceId": 24,
            "level": "专科",
            "abbreviation": "trzy",
            "city": "铜仁市"
        },
        {
            "id": 3666,
            "name": "贵州工程职业学院",
            "website": "http://www.gzieu.com/",
            "provinceId": 24,
            "level": "专科",
            "abbreviation": "gzieu",
            "city": "铜仁市"
        },
        {
            "id": 3670,
            "name": "贵州健康职业学院",
            "website": "http://www.gzjkzy.com/",
            "provinceId": 24,
            "level": "专科",
            "abbreviation": "gzjkzy",
            "city": "铜仁市"
        }
    ]
}