{
    "university": [
        {
            "id": 1782,
            "name": "辽宁工业大学",
            "website": "http://www.lnit.edu.cn/",
            "provinceId": 6,
            "level": "本科",
            "abbreviation": "lnit",
            "city": "锦州市"
        },
        {
            "id": 1786,
            "name": "锦州医科大学",
            "website": "http://www.lnmu.edu.cn/",
            "provinceId": 6,
            "level": "本科",
            "abbreviation": "lnmu",
            "city": "锦州市"
        },
        {
            "id": 1793,
            "name": "渤海大学",
            "website": "http://www.bhu.edu.cn/",
            "provinceId": 6,
            "level": "本科",
            "abbreviation": "bhu",
            "city": "锦州市"
        },
        {
            "id": 1818,
            "name": "锦州医科大学医疗学院",
            "website": "http://ylxy.lnmu.edu.cn/",
            "provinceId": 6,
            "level": "本科",
            "abbreviation": "lnmu",
            "city": "锦州市"
        },
        {
            "id": 1820,
            "name": "辽宁理工学院",
            "website": "http://www.lise.edu.cn/",
            "provinceId": 6,
            "level": "本科",
            "abbreviation": "lise",
            "city": "锦州市"
        },
        {
            "id": 1834,
            "name": "锦州师范高等专科学校",
            "website": "http://www.jzsz.com.cn/",
            "provinceId": 6,
            "level": "专科",
            "abbreviation": "jzsz",
            "city": "锦州市"
        },
        {
            "id": 1849,
            "name": "辽宁理工职业学院",
            "website": "http://www.lndhdx.com/",
            "provinceId": 6,
            "level": "专科",
            "abbreviation": "lndhdx",
            "city": "锦州市"
        },
        {
            "id": 1856,
            "name": "辽宁石化职业技术学院",
            "website": "http://www.lnpc.edu.cn/",
            "provinceId": 6,
            "level": "专科",
            "abbreviation": "lnpc",
            "city": "锦州市"
        },
        {
            "id": 1865,
            "name": "辽宁铁道职业技术学院",
            "website": "http://www.jztlyx.com/",
            "provinceId": 6,
            "level": "专科",
            "abbreviation": "jztlyx",
            "city": "锦州市"
        }
    ]
}