{
    "university": [
        {
            "id": 3611,
            "name": "遵义医学院",
            "website": "http://www.zmc.edu.cn/",
            "provinceId": 24,
            "level": "本科",
            "abbreviation": "zmc",
            "city": "遵义市"
        },
        {
            "id": 3614,
            "name": "遵义师范学院",
            "website": "http://www.zync.edu.cn/",
            "provinceId": 24,
            "level": "本科",
            "abbreviation": "zync",
            "city": "遵义市"
        },
        {
            "id": 3632,
            "name": "遵义医学院医学与科技学院",
            "website": "http://kj.zmc.edu.cn/",
            "provinceId": 24,
            "level": "本科",
            "abbreviation": "zmc",
            "city": "遵义市"
        },
        {
            "id": 3636,
            "name": "茅台学院",
            "website": "http://www.mtxy.cn/",
            "provinceId": 24,
            "level": "本科",
            "abbreviation": "mtxy",
            "city": "遵义市"
        },
        {
            "id": 3639,
            "name": "贵州航天职业技术学院",
            "website": "http://www.gzhtzy.com/",
            "provinceId": 24,
            "level": "专科",
            "abbreviation": "gzhtzy",
            "city": "遵义市"
        },
        {
            "id": 3644,
            "name": "遵义职业技术学院",
            "website": "http://www.zyzy.gov.cn/",
            "provinceId": 24,
            "level": "专科",
            "abbreviation": "zyzy",
            "city": "遵义市"
        },
        {
            "id": 3652,
            "name": "遵义医药高等专科学校",
            "website": "http://www.zunyiyizhuan.com/",
            "provinceId": 24,
            "level": "专科",
            "abbreviation": "zunyiyizhu",
            "city": "遵义市"
        }
    ]
}