{
    "university": [
        {
            "id": 2376,
            "name": "阜阳师范学院",
            "website": "http://www.fync.edu.cn/",
            "provinceId": 12,
            "level": "本科",
            "abbreviation": "fync",
            "city": "阜阳市"
        },
        {
            "id": 2405,
            "name": "阜阳师范学院信息工程学院",
            "website": "http://www.fync.edu.cn/cie/",
            "provinceId": 12,
            "level": "本科",
            "abbreviation": "fync",
            "city": "阜阳市"
        },
        {
            "id": 2415,
            "name": "阜阳职业技术学院",
            "website": "http://www.fyvtc.edu.cn/",
            "provinceId": 12,
            "level": "专科",
            "abbreviation": "fyvtc",
            "city": "阜阳市"
        },
        {
            "id": 2443,
            "name": "阜阳科技职业学院",
            "website": "http://www.fky.net.cn/",
            "provinceId": 12,
            "level": "专科",
            "abbreviation": "fky",
            "city": "阜阳市"
        },
        {
            "id": 2482,
            "name": "阜阳幼儿师范高等专科学校",
            "website": "http://www.fysf.net/",
            "provinceId": 12,
            "level": "专科",
            "abbreviation": "fysf",
            "city": "阜阳市"
        }
    ]
}