{
    "university": [
        {
            "id": 1775,
            "name": "辽宁工程技术大学",
            "website": "http://www.lntu.edu.cn/",
            "provinceId": 6,
            "level": "本科",
            "abbreviation": "lntu",
            "city": "阜新市"
        },
        {
            "id": 1841,
            "name": "阜新高等专科学校",
            "website": "http://www.fxgz.com.cn/",
            "provinceId": 6,
            "level": "专科",
            "abbreviation": "fxgz",
            "city": "阜新市"
        }
    ]
}