{
    "university": [
        {
            "id": 1667,
            "name": "山西工程技术学院",
            "website": "http://www.sxit.edu.cn/",
            "provinceId": 4,
            "level": "本科",
            "abbreviation": "sxit",
            "city": "阳泉市"
        },
        {
            "id": 1683,
            "name": "阳泉职业技术学院",
            "website": "http://www.tyutyqc.edu.cn/",
            "provinceId": 4,
            "level": "专科",
            "abbreviation": "tyutyqc",
            "city": "阳泉市"
        },
        {
            "id": 1710,
            "name": "阳泉师范高等专科学校",
            "website": "http://www.sxyqsz.cn/",
            "provinceId": 4,
            "level": "专科",
            "abbreviation": "sxyqsz",
            "city": "阳泉市"
        }
    ]
}