{
    "university": [
        {
            "id": 3208,
            "name": "韶关学院",
            "website": "http://www.sgu.edu.cn/",
            "provinceId": 19,
            "level": "本科",
            "abbreviation": "sgu",
            "city": "韶关市"
        },
        {
            "id": 3271,
            "name": "广东松山职业技术学院",
            "website": "http://www.gdsspt.net/",
            "provinceId": 19,
            "level": "专科",
            "abbreviation": "gdsspt",
            "city": "韶关市"
        }
    ]
}