{
    "university": [
        {
            "id": 1774,
            "name": "辽宁科技大学",
            "website": "http://www.ustl.edu.cn/",
            "provinceId": 6,
            "level": "本科",
            "abbreviation": "ustl",
            "city": "鞍山市"
        },
        {
            "id": 1794,
            "name": "鞍山师范学院",
            "website": "http://www.asnc.edu.cn/",
            "provinceId": 6,
            "level": "本科",
            "abbreviation": "asnc",
            "city": "鞍山市"
        }
    ]
}