{
    "university": [
        {
            "id": 2400,
            "name": "安徽工业大学工商学院",
            "website": "http://icc.ahut.edu.cn/",
            "provinceId": 12,
            "level": "本科",
            "abbreviation": "ahut",
            "city": "马鞍山市"
        },
        {
            "id": 2408,
            "name": "河海大学文天学院",
            "website": "http://wtian.hhu.edu.cn/",
            "provinceId": 12,
            "level": "本科",
            "abbreviation": "hhu",
            "city": "马鞍山市"
        }
    ]
}