{
    "university": [
        {
            "id": 2367,
            "name": "安徽工业大学",
            "website": "http://www.ahut.edu.cn/",
            "provinceId": 12,
            "level": "本科",
            "abbreviation": "ahut",
            "city": "马鞍山"
        },
        {
            "id": 2438,
            "name": "安徽冶金科技职业学院",
            "website": "http://www.ahyky.com/",
            "provinceId": 12,
            "level": "专科",
            "abbreviation": "ahyky",
            "city": "马鞍山"
        },
        {
            "id": 2448,
            "name": "马鞍山师范高等专科学校",
            "website": "http://www.massz.cn/",
            "provinceId": 12,
            "level": "专科",
            "abbreviation": "massz",
            "city": "马鞍山"
        },
        {
            "id": 2465,
            "name": "马鞍山职业技术学院",
            "website": "http://www.mastc.edu.cn/",
            "provinceId": 12,
            "level": "专科",
            "abbreviation": "mastc",
            "city": "马鞍山"
        }
    ]
}