{
    "university": [
        {
            "id": 2959,
            "name": "湖北师范大学",
            "website": "http://www.hbnu.edu.cn/",
            "provinceId": 17,
            "level": "本科",
            "abbreviation": "hbnu",
            "city": "黄石市"
        },
        {
            "id": 2970,
            "name": "湖北理工学院",
            "website": "http://www.hbpu.edu.cn/",
            "provinceId": 17,
            "level": "本科",
            "abbreviation": "hbpu",
            "city": "黄石市"
        },
        {
            "id": 3003,
            "name": "湖北师范大学文理学院",
            "website": "http://www.wlxy.hbnu.edu.cn/",
            "provinceId": 17,
            "level": "本科",
            "abbreviation": "wlxy",
            "city": "黄石市"
        },
        {
            "id": 3062,
            "name": "湖北工程职业学院",
            "website": "http://www.hspt.net.cn/",
            "provinceId": 17,
            "level": "专科",
            "abbreviation": "hspt",
            "city": "黄石市"
        },
        {
            "id": 3074,
            "name": "湖北师范学院文理学院",
            "website": "http://www.wlxy.hbnu.edu.cn/",
            "provinceId": 17,
            "level": "本科",
            "abbreviation": "wlxy",
            "city": "黄石市"
        }
    ]
}