{
    "university": [
        {
            "id": 1958,
            "name": "齐齐哈尔大学",
            "website": "http://www.qqhru.edu.cn/",
            "provinceId": 8,
            "level": "本科",
            "abbreviation": "qqhru",
            "city": "齐齐哈尔"
        },
        {
            "id": 1966,
            "name": "齐齐哈尔医学院",
            "website": "http://www.qqhrmu.cn/",
            "provinceId": 8,
            "level": "本科",
            "abbreviation": "qqhrmu",
            "city": "齐齐哈尔"
        },
        {
            "id": 1971,
            "name": "齐齐哈尔工程学院",
            "website": "http://www.qqhrit.com/",
            "provinceId": 8,
            "level": "本科",
            "abbreviation": "qqhrit",
            "city": "齐齐哈尔"
        },
        {
            "id": 1983,
            "name": "齐齐哈尔高等师范专科学校",
            "website": "http://www.qqhrtc.com/",
            "provinceId": 8,
            "level": "专科",
            "abbreviation": "qqhrtc",
            "city": "齐齐哈尔"
        },
        {
            "id": 2015,
            "name": "黑龙江交通职业技术学院",
            "website": "http://www.hlcp.com.cn/",
            "provinceId": 8,
            "level": "专科",
            "abbreviation": "hlcp",
            "city": "齐齐哈尔"
        },
        {
            "id": 2022,
            "name": "齐齐哈尔理工职业学院",
            "website": "http://www.qlgxy.com/",
            "provinceId": 8,
            "level": "专科",
            "abbreviation": "qlgxy",
            "city": "齐齐哈尔"
        }
    ]
}