{
    "university": [
        {
            "id": 2499,
            "name": "龙岩学院",
            "website": "http://www.lyun.edu.cn/",
            "provinceId": 13,
            "level": "本科",
            "abbreviation": "lyun",
            "city": "龙岩市"
        },
        {
            "id": 2522,
            "name": "闽西职业技术学院",
            "website": "http://www.mxdx.net/",
            "provinceId": 13,
            "level": "专科",
            "abbreviation": "mxdx",
            "city": "龙岩市"
        }
    ]
}