{
    "university": [
        {
            "id": 2960,
            "name": "黄冈师范学院",
            "website": "http://www.hgnu.cn/",
            "provinceId": 17,
            "level": "本科",
            "abbreviation": "hgnu",
            "city": "黄冈市"
        },
        {
            "id": 3014,
            "name": "黄冈职业技术学院",
            "website": "http://www.hbhgzy.com.cn/",
            "provinceId": 17,
            "level": "专科",
            "abbreviation": "hbhgzy",
            "city": "黄冈市"
        },
        {
            "id": 3054,
            "name": "鄂东职业技术学院",
            "website": "http://www.edzy.cn/",
            "provinceId": 17,
            "level": "专科",
            "abbreviation": "edzy",
            "city": "黄冈市"
        },
        {
            "id": 3056,
            "name": "黄冈科技职业学院",
            "website": "http://www.hbhgkj.com/",
            "provinceId": 17,
            "level": "专科",
            "abbreviation": "hbhgkj",
            "city": "黄冈市"
        }
    ]
}