{
    "university": [
        {
            "id": 2626,
            "name": "鹰潭职业技术学院",
            "website": "http://www.jxytxy.com.cn/",
            "provinceId": 14,
            "level": "专科",
            "abbreviation": "jxytxy",
            "city": "鹰潭市"
        },
        {
            "id": 2667,
            "name": "江西师范高等专科学校",
            "website": "http://www.jxsfgz.com/",
            "provinceId": 14,
            "level": "专科",
            "abbreviation": "jxsfgz",
            "city": "鹰潭市"
        }
    ]
}