{
    "university": [
        {
            "id": 2886,
            "name": "鹤壁职业技术学院",
            "website": "http://www.hbzy.edu.cn/",
            "provinceId": 16,
            "level": "专科",
            "abbreviation": "hbzy",
            "city": "鹤壁市"
        },
        {
            "id": 2929,
            "name": "鹤壁汽车工程职业学院",
            "website": "http://www.hbqcxy.com/",
            "provinceId": 16,
            "level": "专科",
            "abbreviation": "hbqcxy",
            "city": "鹤壁市"
        }
    ]
}