{
    "university": [
        {
            "id": 1571,
            "name": "北京交通大学海滨学院",
            "website": "http://www.bjtuhbxy.cn/",
            "provinceId": 3,
            "level": "本科",
            "abbreviation": "bjtuhbxy",
            "city": "黄骅市"
        },
        {
            "id": 1633,
            "name": "渤海理工职业学院",
            "website": "http://www.bhlgxy.com/",
            "provinceId": 3,
            "level": "专科",
            "abbreviation": "bhlgxy",
            "city": "黄骅市"
        }
    ]
}