{
    "university": [
        {
            "id": 2969,
            "name": "湖北工程学院",
            "website": "http://www.hbeu.cn/",
            "provinceId": 17,
            "level": "本科",
            "abbreviation": "hbeu",
            "city": "孝感市"
        },
        {
            "id": 3005,
            "name": "湖北工程学院新技术学院",
            "website": "http://www.hbeutc.cn/",
            "provinceId": 17,
            "level": "本科",
            "abbreviation": "hbeutc",
            "city": "孝感市"
        },
        {
            "id": 3020,
            "name": "湖北职业技术学院",
            "website": "http://www.hbvtc.edu.cn/",
            "provinceId": 17,
            "level": "专科",
            "abbreviation": "hbvtc",
            "city": "孝感市"
        }
    ]
}