{
    "university": [
        {
            "id": 1894,
            "name": "吉林师范大学",
            "website": "http://www.jlnu.edu.cn/",
            "provinceId": 7,
            "level": "本科",
            "abbreviation": "jlnu",
            "city": "四平市"
        },
        {
            "id": 1915,
            "name": "吉林师范大学博达学院",
            "website": "http://www.bdxy.com.cn/",
            "provinceId": 7,
            "level": "本科",
            "abbreviation": "bdxy",
            "city": "四平市"
        },
        {
            "id": 1921,
            "name": "四平职业大学",
            "website": "http://www.jlsppc.cn/",
            "provinceId": 7,
            "level": "专科",
            "abbreviation": "jlsppc",
            "city": "四平市"
        },
        {
            "id": 1930,
            "name": "吉林工程职业学院",
            "website": "http://www.jlevc.cn/",
            "provinceId": 7,
            "level": "专科",
            "abbreviation": "jlevc",
            "city": "四平市"
        }
    ]
}