{
    "university": [
        {
            "id": 3764,
            "name": "宝鸡文理学院",
            "website": "http://www.bjwlxy.edu.cn/",
            "provinceId": 27,
            "level": "本科",
            "abbreviation": "bjwlxy",
            "city": "宝鸡市"
        },
        {
            "id": 3814,
            "name": "宝鸡职业技术学院",
            "website": "http://www.bjvtc.com/",
            "provinceId": 27,
            "level": "专科",
            "abbreviation": "bjvtc",
            "city": "宝鸡市"
        }
    ]
}