{
    "university": [
        {
            "id": 2162,
            "name": "宿迁学院",
            "website": "http://www.sqc.edu.cn/",
            "provinceId": 10,
            "level": "本科",
            "abbreviation": "sqc",
            "city": "宿迁市"
        },
        {
            "id": 2221,
            "name": "宿迁职业技术学院",
            "website": "http://www.sqzyxy.com/",
            "provinceId": 10,
            "level": "专科",
            "abbreviation": "sqzyxy",
            "city": "宿迁市"
        },
        {
            "id": 2243,
            "name": "宿迁泽达职业技术学院",
            "website": "http://www.zdct.cn/",
            "provinceId": 10,
            "level": "专科",
            "abbreviation": "zdct",
            "city": "宿迁市"
        }
    ]
}