{
    "university": [
        {
            "id": 2494,
            "name": "宁德师范学院",
            "website": "http://www.ndsz.net/",
            "provinceId": 13,
            "level": "专科",
            "abbreviation": "ndsz",
            "city": "宁德市"
        },
        {
            "id": 2552,
            "name": "宁德职业技术学院",
            "website": "http://www.ndgzy.com/",
            "provinceId": 13,
            "level": "专科",
            "abbreviation": "ndgzy",
            "city": "宁德市"
        }
    ]
}