{
    "university": [
        {
            "id": 2582,
            "name": "宜春学院",
            "website": "http://www.ycu.jx.cn/",
            "provinceId": 14,
            "level": "本科",
            "abbreviation": "ycu",
            "city": "宜春市"
        },
        {
            "id": 2638,
            "name": "宜春职业技术学院",
            "website": "http://www.ycvc.jx.cn/",
            "provinceId": 14,
            "level": "专科",
            "abbreviation": "ycvc",
            "city": "宜春市"
        },
        {
            "id": 2664,
            "name": "宜春幼儿师范高等专科学校",
            "website": "http://www.gacycu.cn/",
            "provinceId": 14,
            "level": "专科",
            "abbreviation": "gacycu",
            "city": "宜春市"
        },
        {
            "id": 2666,
            "name": "江西洪州职业学院",
            "website": "http://www.jxhzzyxy.com/",
            "provinceId": 14,
            "level": "专科",
            "abbreviation": "jxhzzyxy",
            "city": "宜春市"
        }
    ]
}