{
    "university": [
        {
            "id": 2377,
            "name": "安庆师范大学",
            "website": "http://www.aqnu.edu.cn/",
            "provinceId": 12,
            "level": "本科",
            "abbreviation": "aqnu",
            "city": "安庆市"
        },
        {
            "id": 2446,
            "name": "安庆职业技术学院",
            "website": "http://www.aqvtc.cn/",
            "provinceId": 12,
            "level": "专科",
            "abbreviation": "aqvtc",
            "city": "安庆市"
        },
        {
            "id": 2469,
            "name": "桐城师范高等专科学校",
            "website": "http://www.tcsfgz.com/",
            "provinceId": 12,
            "level": "专科",
            "abbreviation": "tcsfgz",
            "city": "安庆市"
        },
        {
            "id": 2477,
            "name": "安徽黄梅戏艺术职业学院",
            "website": "http://www.ahmxx.cn/",
            "provinceId": 12,
            "level": "专科",
            "abbreviation": "ahmxx",
            "city": "安庆市"
        }
    ]
}