{
    "university": [
        {
            "id": 2830,
            "name": "安阳师范学院",
            "website": "http://www.aynu.edu.cn/",
            "provinceId": 16,
            "level": "本科",
            "abbreviation": "aynu",
            "city": "安阳市"
        },
        {
            "id": 2844,
            "name": "安阳工学院",
            "website": "http://www.ayit.edu.cn/",
            "provinceId": 16,
            "level": "本科",
            "abbreviation": "ayit",
            "city": "安阳市"
        },
        {
            "id": 2861,
            "name": "安阳学院",
            "website": "http://www.ayrwedu.cn/",
            "provinceId": 16,
            "level": "本科",
            "abbreviation": "ayrwedu",
            "city": "安阳市"
        },
        {
            "id": 2914,
            "name": "安阳职业技术学院",
            "website": "http://jsxy.anyangedu.com/",
            "provinceId": 16,
            "level": "专科",
            "abbreviation": "anyangedu",
            "city": "安阳市"
        },
        {
            "id": 2926,
            "name": "河南护理职业学院",
            "website": "http://www.hncedu.cn/",
            "provinceId": 16,
            "level": "专科",
            "abbreviation": "hncedu",
            "city": "安阳市"
        }
    ]
}