{
    "university": [
        {
            "id": 2277,
            "name": "公安海警学院",
            "website": "http://www.hjgz.net/",
            "provinceId": 11,
            "level": "本科",
            "abbreviation": "hjgz",
            "city": "宁波市"
        },
        {
            "id": 2278,
            "name": "浙江万里学院",
            "website": "http://www.zjwu.net/",
            "provinceId": 11,
            "level": "本科",
            "abbreviation": "zjwu",
            "city": "宁波市"
        },
        {
            "id": 2280,
            "name": "宁波工程学院",
            "website": "http://www.nbut.cn/",
            "provinceId": 11,
            "level": "本科",
            "abbreviation": "nbut",
            "city": "宁波市"
        },
        {
            "id": 2285,
            "name": "宁波大学",
            "website": "http://www.nbu.edu.cn/",
            "provinceId": 11,
            "level": "本科",
            "abbreviation": "nbu",
            "city": "宁波市"
        },
        {
            "id": 2289,
            "name": "宁波大红鹰学院",
            "website": "http://www.dhyedu.com/",
            "provinceId": 11,
            "level": "本科",
            "abbreviation": "dhyedu",
            "city": "宁波市"
        },
        {
            "id": 2291,
            "name": "浙江大学宁波理工学院",
            "website": "http://www.nit.net.cn/",
            "provinceId": 11,
            "level": "本科",
            "abbreviation": "nit",
            "city": "宁波市"
        },
        {
            "id": 2295,
            "name": "宁波大学科学技术学院",
            "website": "http://www.ndkjxy.net.cn/",
            "provinceId": 11,
            "level": "本科",
            "abbreviation": "ndkjxy",
            "city": "宁波市"
        },
        {
            "id": 2315,
            "name": "宁波诺丁汉大学",
            "website": "http://www.nottingham.edu.cn/",
            "provinceId": 11,
            "level": "本科",
            "abbreviation": "nottingham",
            "city": "宁波市"
        },
        {
            "id": 2317,
            "name": "宁波职业技术学院",
            "website": "http://www.nbptweb.net/",
            "provinceId": 11,
            "level": "专科",
            "abbreviation": "nbptweb",
            "city": "宁波市"
        },
        {
            "id": 2321,
            "name": "宁波城市职业技术学院",
            "website": "http://www.nbcc.cn/",
            "provinceId": 11,
            "level": "专科",
            "abbreviation": "nbcc",
            "city": "宁波市"
        },
        {
            "id": 2323,
            "name": "浙江工商职业技术学院",
            "website": "http://www.zjbti.net.cn/",
            "provinceId": 11,
            "level": "专科",
            "abbreviation": "zjbti",
            "city": "宁波市"
        },
        {
            "id": 2326,
            "name": "浙江医药高等专科学校",
            "website": "http://www.zjpc.net.cn/",
            "provinceId": 11,
            "level": "专科",
            "abbreviation": "zjpc",
            "city": "宁波市"
        },
        {
            "id": 2346,
            "name": "浙江纺织服装职业技术学院",
            "website": "http://www.zjff.net/",
            "provinceId": 11,
            "level": "专科",
            "abbreviation": "zjff",
            "city": "宁波市"
        },
        {
            "id": 2353,
            "name": "宁波卫生职业技术学院",
            "website": "http://www.nchs.net.cn/",
            "provinceId": 11,
            "level": "专科",
            "abbreviation": "nchs",
            "city": "宁波市"
        }
    ]
}