{
    "university": [
        {
            "id": 2383,
            "name": "宿州学院",
            "website": "http://www.ahsztc.edu.cn/",
            "provinceId": 12,
            "level": "本科",
            "abbreviation": "ahsztc",
            "city": "宿州市"
        },
        {
            "id": 2423,
            "name": "宿州职业技术学院",
            "website": "http://www.szzy.ah.cn/",
            "provinceId": 12,
            "level": "专科",
            "abbreviation": "szzy",
            "city": "宿州市"
        },
        {
            "id": 2481,
            "name": "皖北卫生职业学院",
            "website": "http://www.wbwsxy.com/",
            "provinceId": 12,
            "level": "专科",
            "abbreviation": "wbwsxy",
            "city": "宿州市"
        }
    ]
}