{
    "university": [
        {
            "id": 3617,
            "name": "安顺学院",
            "website": "http://www.asu.edu.cn/",
            "provinceId": 24,
            "level": "本科",
            "abbreviation": "asu",
            "city": "安顺市"
        },
        {
            "id": 3641,
            "name": "安顺职业技术学院",
            "website": "http://www.asotc.cn/",
            "provinceId": 24,
            "level": "专科",
            "abbreviation": "asotc",
            "city": "安顺市"
        }
    ]
}