{
    "university": [
        {
            "id": 2974,
            "name": "三峡大学",
            "website": "http://www.ctgu.edu.cn/",
            "provinceId": 17,
            "level": "本科",
            "abbreviation": "ctgu",
            "city": "宜昌市"
        },
        {
            "id": 2988,
            "name": "三峡大学科技学院",
            "website": "http://210.42.35.198/",
            "provinceId": 17,
            "level": "本科",
            "abbreviation": "42",
            "city": "宜昌市"
        },
        {
            "id": 3034,
            "name": "湖北三峡职业技术学院",
            "website": "http://www.tgc.edu.cn/",
            "provinceId": 17,
            "level": "专科",
            "abbreviation": "tgc",
            "city": "宜昌市"
        },
        {
            "id": 3059,
            "name": "三峡电力职业学院",
            "website": "http://www.tgcep.cn/",
            "provinceId": 17,
            "level": "专科",
            "abbreviation": "tgcep",
            "city": "宜昌市"
        },
        {
            "id": 3063,
            "name": "三峡旅游职业技术学院",
            "website": "http://www.sxlyzy.edu.cn/",
            "provinceId": 17,
            "level": "专科",
            "abbreviation": "sxlyzy",
            "city": "宜昌市"
        }
    ]
}