{
    "university": [
        {
            "id": 3519,
            "name": "宜宾学院",
            "website": "http://www.yibinu.cn/",
            "provinceId": 23,
            "level": "本科",
            "abbreviation": "yibinu",
            "city": "宜宾市"
        },
        {
            "id": 3572,
            "name": "宜宾职业技术学院",
            "website": "http://www.ybzy.cn/",
            "provinceId": 23,
            "level": "专科",
            "abbreviation": "ybzy",
            "city": "宜宾市"
        }
    ]
}