{
    "university": [
        {
            "id": 3775,
            "name": "安康学院",
            "website": "http://www.aku.edu.cn/",
            "provinceId": 27,
            "level": "本科",
            "abbreviation": "aku",
            "city": "安康市"
        },
        {
            "id": 3830,
            "name": "安康职业技术学院",
            "website": "http://www.ak321.com/",
            "provinceId": 27,
            "level": "专科",
            "abbreviation": "ak321",
            "city": "安康市"
        }
    ]
}