{
    "university": [
        {
            "id": 3092,
            "name": "湖南人文科技学院",
            "website": "http://www.hnrku.net.cn/",
            "provinceId": 18,
            "level": "本科",
            "abbreviation": "hnrku",
            "city": "娄底市"
        },
        {
            "id": 3151,
            "name": "娄底职业技术学院",
            "website": "http://www.ldzy.com/",
            "provinceId": 18,
            "level": "专科",
            "abbreviation": "ldzy",
            "city": "娄底市"
        },
        {
            "id": 3161,
            "name": "潇湘职业学院",
            "website": "http://www.hnxxc.com/",
            "provinceId": 18,
            "level": "专科",
            "abbreviation": "hnxxc",
            "city": "娄底市"
        }
    ]
}