{
    "university": [
        {
            "id": 2743,
            "name": "威海职业学院",
            "website": "http://www.weihaicollege.com/",
            "provinceId": 15,
            "level": "专科",
            "abbreviation": "weihaicoll",
            "city": "威海市"
        },
        {
            "id": 2788,
            "name": "山东外事翻译职业学院",
            "website": "http://www.wsfy.cn/",
            "provinceId": 15,
            "level": "专科",
            "abbreviation": "wsfy",
            "city": "威海市"
        },
        {
            "id": 2789,
            "name": "山东药品食品职业学院",
            "website": "http://www.sddfvc.cn/",
            "provinceId": 15,
            "level": "专科",
            "abbreviation": "sddfvc",
            "city": "威海市"
        },
        {
            "id": 2810,
            "name": "威海海洋职业学院",
            "website": "http://www.whovc.cn/",
            "provinceId": 15,
            "level": "专科",
            "abbreviation": "whovc",
            "city": "威海市"
        }
    ]
}