{
    "university": [
        {
            "id": 3840,
            "name": "兰州大学",
            "website": "http://www.lzu.edu.cn/",
            "provinceId": 28,
            "level": "本科",
            "abbreviation": "lzu",
            "city": "兰州市"
        },
        {
            "id": 3841,
            "name": "兰州理工大学",
            "website": "http://www.lut.cn/",
            "provinceId": 28,
            "level": "本科",
            "abbreviation": "lut",
            "city": "兰州市"
        },
        {
            "id": 3842,
            "name": "兰州交通大学",
            "website": "http://www.lzjtu.edu.cn/",
            "provinceId": 28,
            "level": "本科",
            "abbreviation": "lzjtu",
            "city": "兰州市"
        },
        {
            "id": 3843,
            "name": "甘肃农业大学",
            "website": "http://www.gsau.edu.cn/",
            "provinceId": 28,
            "level": "本科",
            "abbreviation": "gsau",
            "city": "兰州市"
        },
        {
            "id": 3844,
            "name": "甘肃中医药大学",
            "website": "http://www.gszy.edu.cn/",
            "provinceId": 28,
            "level": "本科",
            "abbreviation": "gszy",
            "city": "兰州市"
        },
        {
            "id": 3845,
            "name": "西北师范大学",
            "website": "http://www.nwnu.edu.cn/",
            "provinceId": 28,
            "level": "本科",
            "abbreviation": "nwnu",
            "city": "兰州市"
        },
        {
            "id": 3846,
            "name": "兰州城市学院",
            "website": "http://www.lztc.edu.cn/",
            "provinceId": 28,
            "level": "本科",
            "abbreviation": "lztc",
            "city": "兰州市"
        },
        {
            "id": 3850,
            "name": "兰州财经大学",
            "website": "http://www.lzcc.edu.cn/",
            "provinceId": 28,
            "level": "本科",
            "abbreviation": "lzcc",
            "city": "兰州市"
        },
        {
            "id": 3851,
            "name": "西北民族大学",
            "website": "http://www.xbmu.edu.cn/",
            "provinceId": 28,
            "level": "本科",
            "abbreviation": "xbmu",
            "city": "兰州市"
        },
        {
            "id": 3852,
            "name": "甘肃政法学院",
            "website": "http://www.gsli.edu.cn/",
            "provinceId": 28,
            "level": "本科",
            "abbreviation": "gsli",
            "city": "兰州市"
        },
        {
            "id": 3854,
            "name": "兰州文理学院",
            "website": "http://www.luas.edu.cn/",
            "provinceId": 28,
            "level": "本科",
            "abbreviation": "luas",
            "city": "兰州市"
        },
        {
            "id": 3856,
            "name": "兰州工业学院",
            "website": "http://www.lzptc.edu.cn/",
            "provinceId": 28,
            "level": "本科",
            "abbreviation": "lzptc",
            "city": "兰州市"
        },
        {
            "id": 3857,
            "name": "西北师范大学知行学院",
            "website": "http://zxxy.nwnu.edu.cn/",
            "provinceId": 28,
            "level": "本科",
            "abbreviation": "nwnu",
            "city": "兰州市"
        },
        {
            "id": 3858,
            "name": "兰州商学院陇桥学院",
            "website": "http://www.lzlqc.com/",
            "provinceId": 28,
            "level": "本科",
            "abbreviation": "lzlqc",
            "city": "兰州市"
        },
        {
            "id": 3859,
            "name": "兰州财经大学长青学院",
            "website": "http://changqing.lzcc.edu.cn/",
            "provinceId": 28,
            "level": "本科",
            "abbreviation": "lzcc",
            "city": "兰州市"
        },
        {
            "id": 3860,
            "name": "兰州交通大学博文学院",
            "website": "http://www.bowenedu.cn/",
            "provinceId": 28,
            "level": "本科",
            "abbreviation": "bowenedu",
            "city": "兰州市"
        },
        {
            "id": 3861,
            "name": "兰州理工大学技术工程学院",
            "website": "http://www.lutcte.cn/",
            "provinceId": 28,
            "level": "本科",
            "abbreviation": "lutcte",
            "city": "兰州市"
        },
        {
            "id": 3862,
            "name": "兰州石化职业技术学院",
            "website": "http://www.lzpcc.com.cn/",
            "provinceId": 28,
            "level": "专科",
            "abbreviation": "lzpcc",
            "city": "兰州市"
        },
        {
            "id": 3865,
            "name": "甘肃建筑职业技术学院",
            "website": "http://www.gcvtc.gsedu.cn/",
            "provinceId": 28,
            "level": "专科",
            "abbreviation": "gcvtc",
            "city": "兰州市"
        },
        {
            "id": 3867,
            "name": "兰州外语职业学院",
            "website": "http://www.lzwyedu.com/",
            "provinceId": 28,
            "level": "专科",
            "abbreviation": "lzwyedu",
            "city": "兰州市"
        },
        {
            "id": 3868,
            "name": "兰州职业技术学院",
            "website": "http://www.lvu.edu.cn/",
            "provinceId": 28,
            "level": "专科",
            "abbreviation": "lvu",
            "city": "兰州市"
        },
        {
            "id": 3869,
            "name": "甘肃警察职业学院",
            "website": "http://www.gs-police.com/",
            "provinceId": 28,
            "level": "专科",
            "abbreviation": "gs-police",
            "city": "兰州市"
        },
        {
            "id": 3873,
            "name": "甘肃交通职业技术学院",
            "website": "http://www.gsjtxy.edu.cn/",
            "provinceId": 28,
            "level": "专科",
            "abbreviation": "gsjtxy",
            "city": "兰州市"
        },
        {
            "id": 3874,
            "name": "兰州资源环境职业技术学院",
            "website": "http://www.lzre.edu.cn/",
            "provinceId": 28,
            "level": "专科",
            "abbreviation": "lzre",
            "city": "兰州市"
        },
        {
            "id": 3875,
            "name": "甘肃农业职业技术学院",
            "website": "http://www.gscat.cn/",
            "provinceId": 28,
            "level": "专科",
            "abbreviation": "gscat",
            "city": "兰州市"
        },
        {
            "id": 3881,
            "name": "甘肃卫生职业学院",
            "website": "http://www.gswx.com.cn/",
            "provinceId": 28,
            "level": "专科",
            "abbreviation": "gswx",
            "city": "兰州市"
        },
        {
            "id": 3882,
            "name": "兰州科技职业学院",
            "website": "http://www.lzust.com/",
            "provinceId": 28,
            "level": "专科",
            "abbreviation": "lzust",
            "city": "兰州市"
        },
        {
            "id": 3885,
            "name": "甘肃能源化工职业学院",
            "website": "http://www.gsnyedu.cn/",
            "provinceId": 28,
            "level": "专科",
            "abbreviation": "gsnyedu",
            "city": "兰州市"
        }
    ]
}