{
    "university": [
        {
            "id": 2600,
            "name": "南昌大学共青学院",
            "website": "http://www.ndgy.net/",
            "provinceId": 14,
            "level": "本科",
            "abbreviation": "ndgy",
            "city": "共青城"
        },
        {
            "id": 2661,
            "name": "共青科技职业学院",
            "website": "http://www.gqkj.com.cn/",
            "provinceId": 14,
            "level": "专科",
            "abbreviation": "gqkj",
            "city": "共青城"
        }
    ]
}