{
    "university": [
        {
            "id": 2380,
            "name": "皖西学院",
            "website": "http://www.wxc.edu.cn/",
            "provinceId": 12,
            "level": "本科",
            "abbreviation": "wxc",
            "city": "六安市"
        },
        {
            "id": 2424,
            "name": "六安职业技术学院",
            "website": "http://www.lvtc.edu.cn/",
            "provinceId": 12,
            "level": "专科",
            "abbreviation": "lvtc",
            "city": "六安市"
        },
        {
            "id": 2445,
            "name": "安徽国防科技职业学院",
            "website": "http://www.ahgf.com.cn/",
            "provinceId": 12,
            "level": "专科",
            "abbreviation": "ahgf",
            "city": "六安市"
        },
        {
            "id": 2473,
            "name": "皖西卫生职业学院",
            "website": "http://www.wxwsxy.cn/",
            "provinceId": 12,
            "level": "专科",
            "abbreviation": "wxwsxy",
            "city": "六安市"
        }
    ]
}