{
    "university": [
        {
            "id": 3624,
            "name": "六盘水师范学院",
            "website": "http://www.lpssy.edu.cn/",
            "provinceId": 24,
            "level": "本科",
            "abbreviation": "lpssy",
            "city": "六盘水市"
        },
        {
            "id": 3648,
            "name": "六盘水职业技术学院",
            "website": "http://www.lpszy.cn/",
            "provinceId": 24,
            "level": "专科",
            "abbreviation": "lpszy",
            "city": "六盘水市"
        }
    ]
}