{
    "university": [
        {
            "id": 3616,
            "name": "兴义民族师范学院",
            "website": "http://www.qxntc.edu.cn/",
            "provinceId": 24,
            "level": "本科",
            "abbreviation": "qxntc",
            "city": "兴义市"
        },
        {
            "id": 3650,
            "name": "黔西南民族职业技术学院",
            "website": "http://www.qxnzy.net/",
            "provinceId": 24,
            "level": "专科",
            "abbreviation": "qxnzy",
            "city": "兴义市"
        }
    ]
}