{
    "university": [
        {
            "id": 2483,
            "name": "厦门大学",
            "website": "http://www.xmu.edu.cn/",
            "provinceId": 13,
            "level": "本科",
            "abbreviation": "xmu",
            "city": "厦门市"
        },
        {
            "id": 2488,
            "name": "集美大学",
            "website": "http://www.jmu.edu.cn/",
            "provinceId": 13,
            "level": "本科",
            "abbreviation": "jmu",
            "city": "厦门市"
        },
        {
            "id": 2497,
            "name": "厦门理工学院",
            "website": "http://www.xmut.edu.cn/",
            "provinceId": 13,
            "level": "本科",
            "abbreviation": "xmut",
            "city": "厦门市"
        },
        {
            "id": 2505,
            "name": "厦门华厦学院",
            "website": "http://www.hxxy.edu.cn/",
            "provinceId": 13,
            "level": "本科",
            "abbreviation": "hxxy",
            "city": "厦门市"
        },
        {
            "id": 2509,
            "name": "厦门工学院",
            "website": "http://www.xit.edu.cn/",
            "provinceId": 13,
            "level": "本科",
            "abbreviation": "xit",
            "city": "厦门市"
        },
        {
            "id": 2511,
            "name": "厦门大学嘉庚学院",
            "website": "http://jgxy.xmu.edu.cn/",
            "provinceId": 13,
            "level": "本科",
            "abbreviation": "xmu",
            "city": "厦门市"
        },
        {
            "id": 2513,
            "name": "集美大学诚毅学院",
            "website": "http://chengyi.jmu.edu.cn/",
            "provinceId": 13,
            "level": "本科",
            "abbreviation": "jmu",
            "city": "厦门市"
        },
        {
            "id": 2530,
            "name": "厦门海洋职业技术学院",
            "website": "http://www.xmoc.cn/",
            "provinceId": 13,
            "level": "专科",
            "abbreviation": "xmoc",
            "city": "厦门市"
        },
        {
            "id": 2540,
            "name": "厦门演艺职业学院",
            "website": "http://www.xmyanyi.com/",
            "provinceId": 13,
            "level": "专科",
            "abbreviation": "xmyanyi",
            "city": "厦门市"
        },
        {
            "id": 2541,
            "name": "厦门华天涉外职业技术学院",
            "website": "http://www.xmht.com/",
            "provinceId": 13,
            "level": "专科",
            "abbreviation": "xmht",
            "city": "厦门市"
        },
        {
            "id": 2549,
            "name": "厦门城市职业学院",
            "website": "http://www.xmcu.cn/",
            "provinceId": 13,
            "level": "专科",
            "abbreviation": "xmcu",
            "city": "厦门市"
        },
        {
            "id": 2554,
            "name": "厦门兴才职业技术学院",
            "website": "http://www.xmxc.com/",
            "provinceId": 13,
            "level": "专科",
            "abbreviation": "xmxc",
            "city": "厦门市"
        },
        {
            "id": 2555,
            "name": "厦门软件职业技术学院",
            "website": "http://www.xmstc.cn/",
            "provinceId": 13,
            "level": "专科",
            "abbreviation": "xmstc",
            "city": "厦门市"
        },
        {
            "id": 2558,
            "name": "厦门南洋职业学院",
            "website": "http://www.ny2000.com/",
            "provinceId": 13,
            "level": "专科",
            "abbreviation": "ny2000",
            "city": "厦门市"
        },
        {
            "id": 2559,
            "name": "厦门东海职业技术学院",
            "website": "http://www.xmdh.com/",
            "provinceId": 13,
            "level": "专科",
            "abbreviation": "xmdh",
            "city": "厦门市"
        },
        {
            "id": 2566,
            "name": "厦门安防科技职业学院",
            "website": "http://www.xmafkj.com/",
            "provinceId": 13,
            "level": "专科",
            "abbreviation": "xmafkj",
            "city": "厦门市"
        }
    ]
}