{
    "university": [
        {
            "id": 3518,
            "name": "内江师范学院",
            "website": "http://www.njtc.edu.cn/",
            "provinceId": 23,
            "level": "本科",
            "abbreviation": "njtc",
            "city": "内江市"
        },
        {
            "id": 3559,
            "name": "内江职业技术学院",
            "website": "http://www.njvtc.cn/",
            "provinceId": 23,
            "level": "专科",
            "abbreviation": "njvtc",
            "city": "内江市"
        }
    ]
}