{
    "university": [
        {
            "id": 2322,
            "name": "浙江同济科技职业学院",
            "website": "http://www.zjtongji.edu.cn/",
            "provinceId": 11,
            "level": "专科",
            "abbreviation": "zjtongji",
            "city": "台州市"
        },
        {
            "id": 2324,
            "name": "台州职业技术学院",
            "website": "http://www.tzvtc.com/",
            "provinceId": 11,
            "level": "专科",
            "abbreviation": "tzvtc",
            "city": "台州市"
        },
        {
            "id": 2354,
            "name": "台州科技职业学院",
            "website": "http://www.tzvcst.net/",
            "provinceId": 11,
            "level": "专科",
            "abbreviation": "tzvcst",
            "city": "台州市"
        }
    ]
}