{
    "university": [
        {
            "id": 2829,
            "name": "周口师范学院",
            "website": "http://www.zknu.edu.cn/",
            "provinceId": 16,
            "level": "本科",
            "abbreviation": "zknu",
            "city": "周口市"
        },
        {
            "id": 2883,
            "name": "周口职业技术学院",
            "website": "http://www.zkvtc.edu.cn/",
            "provinceId": 16,
            "level": "专科",
            "abbreviation": "zkvtc",
            "city": "周口市"
        },
        {
            "id": 2910,
            "name": "周口科技职业学院",
            "website": "http://www.zkkjxy.net/",
            "provinceId": 16,
            "level": "专科",
            "abbreviation": "zkkjxy",
            "city": "周口市"
        }
    ]
}