{
    "university": [
        {
            "id": 2971,
            "name": "湖北科技学院",
            "website": "http://www.hbust.com.cn/",
            "provinceId": 17,
            "level": "本科",
            "abbreviation": "hbust",
            "city": "咸宁市"
        },
        {
            "id": 3049,
            "name": "咸宁职业技术学院",
            "website": "http://www.xnec.cn/",
            "provinceId": 17,
            "level": "专科",
            "abbreviation": "xnec",
            "city": "咸宁市"
        }
    ]
}