{
    "university": [
        {
            "id": 3741,
            "name": "西藏民族大学",
            "website": "http://www.xzmy.edu.cn/",
            "provinceId": 26,
            "level": "本科",
            "abbreviation": "xzmy",
            "city": "咸阳市"
        },
        {
            "id": 3760,
            "name": "陕西中医药大学",
            "website": "http://www.sntcm.edu.cn/",
            "provinceId": 27,
            "level": "本科",
            "abbreviation": "sntcm",
            "city": "咸阳市"
        },
        {
            "id": 3765,
            "name": "咸阳师范学院",
            "website": "http://www.xysfxy.cn/",
            "provinceId": 27,
            "level": "本科",
            "abbreviation": "xysfxy",
            "city": "咸阳市"
        },
        {
            "id": 3802,
            "name": "陕西工业职业技术学院",
            "website": "http://www.sxpi.com.cn/",
            "provinceId": 27,
            "level": "专科",
            "abbreviation": "sxpi",
            "city": "咸阳市"
        },
        {
            "id": 3805,
            "name": "陕西能源职业技术学院",
            "website": "http://www.sxny.cn/",
            "provinceId": 27,
            "level": "专科",
            "abbreviation": "sxny",
            "city": "咸阳市"
        },
        {
            "id": 3808,
            "name": "陕西财经职业技术学院",
            "website": "http://www.sxptife.net/",
            "provinceId": 27,
            "level": "专科",
            "abbreviation": "sxptife",
            "city": "咸阳市"
        },
        {
            "id": 3824,
            "name": "咸阳职业技术学院",
            "website": "http://www.xianyangzhiyuan.cn/",
            "provinceId": 27,
            "level": "专科",
            "abbreviation": "xianyangzh",
            "city": "咸阳市"
        }
    ]
}