{
    "university": [
        {
            "id": 1715,
            "name": "内蒙古大学",
            "website": "http://www.imu.edu.cn/",
            "provinceId": 5,
            "level": "本科",
            "abbreviation": "imu",
            "city": "呼和浩特"
        },
        {
            "id": 1717,
            "name": "内蒙古工业大学",
            "website": "http://www.imut.edu.cn/",
            "provinceId": 5,
            "level": "本科",
            "abbreviation": "imut",
            "city": "呼和浩特"
        },
        {
            "id": 1718,
            "name": "内蒙古农业大学",
            "website": "http://www.imau.edu.cn/",
            "provinceId": 5,
            "level": "本科",
            "abbreviation": "imau",
            "city": "呼和浩特"
        },
        {
            "id": 1719,
            "name": "内蒙古医科大学",
            "website": "http://www.immc.edu.cn/",
            "provinceId": 5,
            "level": "本科",
            "abbreviation": "immc",
            "city": "呼和浩特"
        },
        {
            "id": 1720,
            "name": "内蒙古师范大学",
            "website": "http://www.imnu.edu.cn/",
            "provinceId": 5,
            "level": "本科",
            "abbreviation": "imnu",
            "city": "呼和浩特"
        },
        {
            "id": 1723,
            "name": "内蒙古财经大学",
            "website": "http://www.imufe.edu.cn/",
            "provinceId": 5,
            "level": "本科",
            "abbreviation": "imufe",
            "city": "呼和浩特"
        },
        {
            "id": 1727,
            "name": "呼和浩特民族学院",
            "website": "http://www.imnc.edu.cn/",
            "provinceId": 5,
            "level": "本科",
            "abbreviation": "imnc",
            "city": "呼和浩特"
        },
        {
            "id": 1728,
            "name": "内蒙古大学创业学院",
            "website": "http://www.imuchuangye.cn/",
            "provinceId": 5,
            "level": "本科",
            "abbreviation": "imuchuangy",
            "city": "呼和浩特"
        },
        {
            "id": 1729,
            "name": "内蒙古师范大学鸿德学院",
            "website": "http://www.honder.com/",
            "provinceId": 5,
            "level": "本科",
            "abbreviation": "honder",
            "city": "呼和浩特"
        },
        {
            "id": 1730,
            "name": "内蒙古艺术学院",
            "website": "http://www.imac.edu.cn/",
            "provinceId": 5,
            "level": "本科",
            "abbreviation": "imac",
            "city": "呼和浩特"
        },
        {
            "id": 1732,
            "name": "内蒙古建筑职业技术学院",
            "website": "http://www.imaa.edu.cn/",
            "provinceId": 5,
            "level": "专科",
            "abbreviation": "imaa",
            "city": "呼和浩特"
        },
        {
            "id": 1733,
            "name": "内蒙古丰州职业学院",
            "website": "http://www.qcdx.net/",
            "provinceId": 5,
            "level": "专科",
            "abbreviation": "qcdx",
            "city": "呼和浩特"
        },
        {
            "id": 1736,
            "name": "呼和浩特职业学院",
            "website": "http://www.hhvc.net.cn/",
            "provinceId": 5,
            "level": "专科",
            "abbreviation": "hhvc",
            "city": "呼和浩特"
        },
        {
            "id": 1738,
            "name": "内蒙古电子信息职业技术学院",
            "website": "http://www.imeic.cn/",
            "provinceId": 5,
            "level": "专科",
            "abbreviation": "imeic",
            "city": "呼和浩特"
        },
        {
            "id": 1739,
            "name": "内蒙古机电职业技术学院",
            "website": "http://www.nmgjdxy.com/",
            "provinceId": 5,
            "level": "专科",
            "abbreviation": "nmgjdxy",
            "city": "呼和浩特"
        },
        {
            "id": 1740,
            "name": "内蒙古化工职业学院",
            "website": "http://www.hgzyxy.com.cn/",
            "provinceId": 5,
            "level": "专科",
            "abbreviation": "hgzyxy",
            "city": "呼和浩特"
        },
        {
            "id": 1741,
            "name": "内蒙古商贸职业学院",
            "website": "http://www.imvcc.com/",
            "provinceId": 5,
            "level": "专科",
            "abbreviation": "imvcc",
            "city": "呼和浩特"
        },
        {
            "id": 1743,
            "name": "内蒙古警察职业学院",
            "website": "http://www.imppc.cn/",
            "provinceId": 5,
            "level": "专科",
            "abbreviation": "imppc",
            "city": "呼和浩特"
        },
        {
            "id": 1744,
            "name": "内蒙古体育职业学院",
            "website": "http://www.nmtyxy.com/",
            "provinceId": 5,
            "level": "专科",
            "abbreviation": "nmtyxy",
            "city": "呼和浩特"
        },
        {
            "id": 1751,
            "name": "内蒙古科技职业学院",
            "website": "http://www.imstu.org.cn/",
            "provinceId": 5,
            "level": "专科",
            "abbreviation": "imstu",
            "city": "呼和浩特"
        },
        {
            "id": 1752,
            "name": "内蒙古北方职业技术学院",
            "website": "http://www.nmbfxy.com/",
            "provinceId": 5,
            "level": "专科",
            "abbreviation": "nmbfxy",
            "city": "呼和浩特"
        },
        {
            "id": 1758,
            "name": "内蒙古工业职业学院",
            "website": "http://www.nmxuanyuan.cn/",
            "provinceId": 5,
            "level": "专科",
            "abbreviation": "nmxuanyuan",
            "city": "呼和浩特"
        },
        {
            "id": 1761,
            "name": "内蒙古能源职业学院",
            "website": "http://www.nmpower.cn/",
            "provinceId": 5,
            "level": "专科",
            "abbreviation": "nmpower",
            "city": "呼和浩特"
        }
    ]
}