{
    "university": [
        {
            "id": 1724,
            "name": "呼伦贝尔学院",
            "website": "http://www.hlbrc.cn/",
            "provinceId": 5,
            "level": "本科",
            "abbreviation": "hlbrc",
            "city": "呼伦贝尔"
        },
        {
            "id": 1759,
            "name": "呼伦贝尔职业技术学院",
            "website": "http://www.hlbrzy.com/",
            "provinceId": 5,
            "level": "专科",
            "abbreviation": "hlbrzy",
            "city": "呼伦贝尔"
        }
    ]
}