{
    "university": [
        {
            "id": 3934,
            "name": "和田师范专科学校",
            "website": "http://www.htszedu.cn/",
            "provinceId": 31,
            "level": "专科",
            "abbreviation": "htszedu",
            "city": "和田市"
        },
        {
            "id": 3937,
            "name": "新疆维吾尔医学专科学校",
            "website": "http://www.xjumc.com/",
            "provinceId": 31,
            "level": "专科",
            "abbreviation": "xjumc",
            "city": "和田市"
        }
    ]
}