{
    "university": [
        {
            "id": 3619,
            "name": "凯里学院",
            "website": "http://www.kluniv.cn/",
            "provinceId": 24,
            "level": "本科",
            "abbreviation": "kluniv",
            "city": "凯里市"
        },
        {
            "id": 3640,
            "name": "贵州电子信息职业技术学院",
            "website": "http://www.gzeic.com/",
            "provinceId": 24,
            "level": "专科",
            "abbreviation": "gzeic",
            "city": "凯里市"
        },
        {
            "id": 3642,
            "name": "黔东南民族职业技术学院",
            "website": "http://www.qdnpt.com/",
            "provinceId": 24,
            "level": "专科",
            "abbreviation": "qdnpt",
            "city": "凯里市"
        }
    ]
}