{
    "university": [
        {
            "id": 2584,
            "name": "井冈山大学",
            "website": "http://www.jgsu.edu.cn/",
            "provinceId": 14,
            "level": "本科",
            "abbreviation": "jgsu",
            "city": "吉安市"
        },
        {
            "id": 2665,
            "name": "吉安职业技术学院",
            "website": "http://www.japt.com.cn/",
            "provinceId": 14,
            "level": "专科",
            "abbreviation": "japt",
            "city": "吉安市"
        }
    ]
}