{
    "university": [
        {
            "id": 2364,
            "name": "安徽大学",
            "website": "http://www.ahu.edu.cn/",
            "provinceId": 12,
            "level": "本科",
            "abbreviation": "ahu",
            "city": "合肥市"
        },
        {
            "id": 2365,
            "name": "中国科学技术大学",
            "website": "http://www.ustc.edu.cn/",
            "provinceId": 12,
            "level": "本科",
            "abbreviation": "ustc",
            "city": "合肥市"
        },
        {
            "id": 2366,
            "name": "合肥工业大学",
            "website": "http://www.hfut.edu.cn/",
            "provinceId": 12,
            "level": "本科",
            "abbreviation": "hfut",
            "city": "合肥市"
        },
        {
            "id": 2370,
            "name": "安徽农业大学",
            "website": "http://www.ahau.edu.cn/",
            "provinceId": 12,
            "level": "本科",
            "abbreviation": "ahau",
            "city": "合肥市"
        },
        {
            "id": 2371,
            "name": "安徽医科大学",
            "website": "http://www.ahmu.edu.cn/",
            "provinceId": 12,
            "level": "本科",
            "abbreviation": "ahmu",
            "city": "合肥市"
        },
        {
            "id": 2374,
            "name": "安徽中医药大学",
            "website": "http://www.ahtcm.edu.cn/",
            "provinceId": 12,
            "level": "本科",
            "abbreviation": "ahtcm",
            "city": "合肥市"
        },
        {
            "id": 2387,
            "name": "安徽建筑大学",
            "website": "http://www.ahjzu.edu.cn/",
            "provinceId": 12,
            "level": "本科",
            "abbreviation": "ahjzu",
            "city": "合肥市"
        },
        {
            "id": 2389,
            "name": "安徽三联学院",
            "website": "http://www.sanlian.net.cn/",
            "provinceId": 12,
            "level": "本科",
            "abbreviation": "sanlian",
            "city": "合肥市"
        },
        {
            "id": 2390,
            "name": "合肥学院",
            "website": "http://www.hfuu.edu.cn/",
            "provinceId": 12,
            "level": "本科",
            "abbreviation": "hfuu",
            "city": "合肥市"
        },
        {
            "id": 2393,
            "name": "安徽新华学院",
            "website": "http://www.axhu.cn/",
            "provinceId": 12,
            "level": "本科",
            "abbreviation": "axhu",
            "city": "合肥市"
        },
        {
            "id": 2394,
            "name": "安徽文达信息工程学院",
            "website": "http://www.wendaedu.com.cn/",
            "provinceId": 12,
            "level": "本科",
            "abbreviation": "wendaedu",
            "city": "合肥市"
        },
        {
            "id": 2396,
            "name": "安徽外国语学院",
            "website": "http://www.aflc.com.cn/",
            "provinceId": 12,
            "level": "本科",
            "abbreviation": "aflc",
            "city": "合肥市"
        },
        {
            "id": 2398,
            "name": "安徽大学江淮学院",
            "website": "http://www.ahujhc.cn/",
            "provinceId": 12,
            "level": "本科",
            "abbreviation": "ahujhc",
            "city": "合肥市"
        },
        {
            "id": 2401,
            "name": "安徽建筑大学城市建设学院",
            "website": "http://www.aiai.edu.cn/cjxy/",
            "provinceId": 12,
            "level": "本科",
            "abbreviation": "aiai",
            "city": "合肥市"
        },
        {
            "id": 2402,
            "name": "安徽农业大学经济技术学院",
            "website": "http://jjjs.ahau.edu.cn/",
            "provinceId": 12,
            "level": "本科",
            "abbreviation": "ahau",
            "city": "合肥市"
        },
        {
            "id": 2404,
            "name": "安徽医科大学临床医学院",
            "website": "http://cc.ahmu.edu.cn/",
            "provinceId": 12,
            "level": "本科",
            "abbreviation": "ahmu",
            "city": "合肥市"
        },
        {
            "id": 2407,
            "name": "合肥师范学院",
            "website": "http://www.hfnu.edu.cn/",
            "provinceId": 12,
            "level": "本科",
            "abbreviation": "hfnu",
            "city": "合肥市"
        },
        {
            "id": 2409,
            "name": "安徽职业技术学院",
            "website": "http://www.ahzybys.com/",
            "provinceId": 12,
            "level": "专科",
            "abbreviation": "ahzybys",
            "city": "合肥市"
        },
        {
            "id": 2413,
            "name": "安徽商贸职业技术学院",
            "website": "http://www.abc.edu.cn/",
            "provinceId": 12,
            "level": "专科",
            "abbreviation": "abc",
            "city": "合肥市"
        },
        {
            "id": 2414,
            "name": "安徽水利水电职业技术学院",
            "website": "http://www.ahsdxy.ah.edu.cn/",
            "provinceId": 12,
            "level": "专科",
            "abbreviation": "ahsdxy",
            "city": "合肥市"
        },
        {
            "id": 2417,
            "name": "民办万博科技职业学院",
            "website": "http://www.wbc.edu.cn/",
            "provinceId": 12,
            "level": "专科",
            "abbreviation": "wbc",
            "city": "合肥市"
        },
        {
            "id": 2418,
            "name": "安徽警官职业学院",
            "website": "http://www.ahjgxy.com/",
            "provinceId": 12,
            "level": "专科",
            "abbreviation": "ahjgxy",
            "city": "合肥市"
        },
        {
            "id": 2420,
            "name": "安徽工业经济职业技术学院",
            "website": "http://www.ahiec.net/",
            "provinceId": 12,
            "level": "专科",
            "abbreviation": "ahiec",
            "city": "合肥市"
        },
        {
            "id": 2421,
            "name": "合肥通用职业技术学院",
            "website": "http://www.hftyxy.com/",
            "provinceId": 12,
            "level": "专科",
            "abbreviation": "hftyxy",
            "city": "合肥市"
        },
        {
            "id": 2426,
            "name": "民办合肥经济技术职业学院",
            "website": "http://www.hfet.com/",
            "provinceId": 12,
            "level": "专科",
            "abbreviation": "hfet",
            "city": "合肥市"
        },
        {
            "id": 2427,
            "name": "安徽交通职业技术学院",
            "website": "http://www.ahctc.com/",
            "provinceId": 12,
            "level": "专科",
            "abbreviation": "ahctc",
            "city": "合肥市"
        },
        {
            "id": 2428,
            "name": "安徽体育运动职业技术学院",
            "website": "http://www.ahty.net/",
            "provinceId": 12,
            "level": "专科",
            "abbreviation": "ahty",
            "city": "合肥市"
        },
        {
            "id": 2430,
            "name": "安徽医学高等专科学校",
            "website": "http://www.ahyz.cn/",
            "provinceId": 12,
            "level": "专科",
            "abbreviation": "ahyz",
            "city": "合肥市"
        },
        {
            "id": 2435,
            "name": "安徽广播影视职业技术学院",
            "website": "http://www.amtc.cn/",
            "provinceId": 12,
            "level": "专科",
            "abbreviation": "amtc",
            "city": "合肥市"
        },
        {
            "id": 2436,
            "name": "民办合肥滨湖职业技术学院",
            "website": "http://www.hfbhxy.com/",
            "provinceId": 12,
            "level": "专科",
            "abbreviation": "hfbhxy",
            "city": "合肥市"
        },
        {
            "id": 2437,
            "name": "安徽电气工程职业技术学院",
            "website": "http://www.aepu.com.cn/",
            "provinceId": 12,
            "level": "专科",
            "abbreviation": "aepu",
            "city": "合肥市"
        },
        {
            "id": 2439,
            "name": "安徽城市管理职业学院",
            "website": "http://www.cmoc.cn/",
            "provinceId": 12,
            "level": "专科",
            "abbreviation": "cmoc",
            "city": "合肥市"
        },
        {
            "id": 2441,
            "name": "安徽工商职业学院",
            "website": "http://www.ahbvc.cn/",
            "provinceId": 12,
            "level": "专科",
            "abbreviation": "ahbvc",
            "city": "合肥市"
        },
        {
            "id": 2442,
            "name": "安徽中澳科技职业学院",
            "website": "http://www.acac.cn/",
            "provinceId": 12,
            "level": "专科",
            "abbreviation": "acac",
            "city": "合肥市"
        },
        {
            "id": 2447,
            "name": "安徽艺术职业学院",
            "website": "http://www.artah.cn/",
            "provinceId": 12,
            "level": "专科",
            "abbreviation": "artah",
            "city": "合肥市"
        },
        {
            "id": 2449,
            "name": "安徽财贸职业学院",
            "website": "http://www.aftvc.com/",
            "provinceId": 12,
            "level": "专科",
            "abbreviation": "aftvc",
            "city": "合肥市"
        },
        {
            "id": 2450,
            "name": "安徽国际商务职业学院",
            "website": "http://www.ahiib.com/",
            "provinceId": 12,
            "level": "专科",
            "abbreviation": "ahiib",
            "city": "合肥市"
        },
        {
            "id": 2451,
            "name": "安徽公安职业学院",
            "website": "http://www.ahgaxy.com.cn/",
            "provinceId": 12,
            "level": "专科",
            "abbreviation": "ahgaxy",
            "city": "合肥市"
        },
        {
            "id": 2452,
            "name": "安徽林业职业技术学院",
            "website": "http://www.ahlyxy.cn/",
            "provinceId": 12,
            "level": "专科",
            "abbreviation": "ahlyxy",
            "city": "合肥市"
        },
        {
            "id": 2453,
            "name": "安徽审计职业学院",
            "website": "http://www.ahsjxy.cn/",
            "provinceId": 12,
            "level": "专科",
            "abbreviation": "ahsjxy",
            "city": "合肥市"
        },
        {
            "id": 2454,
            "name": "安徽新闻出版职业技术学院",
            "website": "http://www.ahcbxy.cn/",
            "provinceId": 12,
            "level": "专科",
            "abbreviation": "ahcbxy",
            "city": "合肥市"
        },
        {
            "id": 2455,
            "name": "安徽邮电职业技术学院",
            "website": "http://www.ahptc.cn/",
            "provinceId": 12,
            "level": "专科",
            "abbreviation": "ahptc",
            "city": "合肥市"
        },
        {
            "id": 2457,
            "name": "民办合肥财经职业学院",
            "website": "http://www.hffe.cn/",
            "provinceId": 12,
            "level": "专科",
            "abbreviation": "hffe",
            "city": "合肥市"
        },
        {
            "id": 2459,
            "name": "安徽涉外经济职业学院",
            "website": "http://www.ahaec-edu.cn/",
            "provinceId": 12,
            "level": "专科",
            "abbreviation": "ahaec-edu",
            "city": "合肥市"
        },
        {
            "id": 2460,
            "name": "安徽绿海商务职业学院",
            "website": "http://www.lhub.cn/",
            "provinceId": 12,
            "level": "专科",
            "abbreviation": "lhub",
            "city": "合肥市"
        },
        {
            "id": 2461,
            "name": "合肥共达职业技术学院",
            "website": "http://gdxy.hfut.edu.cn/",
            "provinceId": 12,
            "level": "专科",
            "abbreviation": "hfut",
            "city": "合肥市"
        },
        {
            "id": 2464,
            "name": "徽商职业学院",
            "website": "http://www.huishangedu.cn/",
            "provinceId": 12,
            "level": "专科",
            "abbreviation": "huishanged",
            "city": "合肥市"
        },
        {
            "id": 2468,
            "name": "合肥信息技术职业学院",
            "website": "http://www.hfitu.cn/",
            "provinceId": 12,
            "level": "专科",
            "abbreviation": "hfitu",
            "city": "合肥市"
        },
        {
            "id": 2472,
            "name": "安徽汽车职业技术学院",
            "website": "http://www.jacedu.cn/",
            "provinceId": 12,
            "level": "专科",
            "abbreviation": "jacedu",
            "city": "合肥市"
        },
        {
            "id": 2474,
            "name": "合肥幼儿师范高等专科学校",
            "website": "http://www.hfpec.edu.cn/",
            "provinceId": 12,
            "level": "专科",
            "abbreviation": "hfpec",
            "city": "合肥市"
        },
        {
            "id": 2475,
            "name": "安徽长江职业学院",
            "website": "http://www.ahcjxy.com/",
            "provinceId": 12,
            "level": "专科",
            "abbreviation": "ahcjxy",
            "city": "合肥市"
        },
        {
            "id": 2478,
            "name": "安徽粮食工程职业学院",
            "website": "http://www.ahlsxy.cn/",
            "provinceId": 12,
            "level": "专科",
            "abbreviation": "ahlsxy",
            "city": "合肥市"
        },
        {
            "id": 2480,
            "name": "合肥科技职业学院",
            "website": "http://www.hstu.edu.cn/",
            "provinceId": 12,
            "level": "专科",
            "abbreviation": "hstu",
            "city": "合肥市"
        }
    ]
}