{
    "university": [
        {
            "id": 3076,
            "name": "吉首大学",
            "website": "http://www.jsu.edu.cn",
            "provinceId": 18,
            "level": "本科",
            "abbreviation": "jsu",
            "city": "吉首市"
        },
        {
            "id": 3167,
            "name": "湘西民族职业技术学院",
            "website": "http://www.xxmzy.com/",
            "provinceId": 18,
            "level": "专科",
            "abbreviation": "xxmzy",
            "city": "吉首市"
        }
    ]
}