{
    "university": [
        {
            "id": 1885,
            "name": "东北电力大学",
            "website": "http://www.nedu.edu.cn/",
            "provinceId": 7,
            "level": "本科",
            "abbreviation": "nedu",
            "city": "吉林市"
        },
        {
            "id": 1888,
            "name": "吉林化工学院",
            "website": "http://www.jlict.edu.cn/",
            "provinceId": 7,
            "level": "本科",
            "abbreviation": "jlict",
            "city": "吉林市"
        },
        {
            "id": 1892,
            "name": "北华大学",
            "website": "http://www.beihua.edu.cn/",
            "provinceId": 7,
            "level": "本科",
            "abbreviation": "beihua",
            "city": "吉林市"
        },
        {
            "id": 1904,
            "name": "吉林农业科技学院",
            "website": "http://www.jlnku.com/",
            "provinceId": 7,
            "level": "本科",
            "abbreviation": "jlnku",
            "city": "吉林市"
        },
        {
            "id": 1918,
            "name": "吉林医药学院",
            "website": "http://www.jlmu.cn/",
            "provinceId": 7,
            "level": "本科",
            "abbreviation": "jlmu",
            "city": "吉林市"
        },
        {
            "id": 1928,
            "name": "吉林电子信息职业技术学院",
            "website": "http://www.jltc.edu.cn/",
            "provinceId": 7,
            "level": "专科",
            "abbreviation": "jltc",
            "city": "吉林市"
        },
        {
            "id": 1929,
            "name": "吉林工业职业技术学院",
            "website": "http://www.jvcit.edu.cn/",
            "provinceId": 7,
            "level": "专科",
            "abbreviation": "jvcit",
            "city": "吉林市"
        },
        {
            "id": 1935,
            "name": "吉林铁道职业技术学院",
            "website": "http://www.jtpt.cn/",
            "provinceId": 7,
            "level": "专科",
            "abbreviation": "jtpt",
            "city": "吉林市"
        }
    ]
}