{
    "university": [
        {
            "id": 2962,
            "name": "汉江师范学院",
            "website": "http://www.hjnu.edu.cn/",
            "provinceId": 17,
            "level": "本科",
            "abbreviation": "hjnu",
            "city": "十堰市"
        },
        {
            "id": 2968,
            "name": "湖北汽车工业学院",
            "website": "http://www.huat.edu.cn/",
            "provinceId": 17,
            "level": "本科",
            "abbreviation": "huat",
            "city": "十堰市"
        },
        {
            "id": 2972,
            "name": "湖北医药学院",
            "website": "http://www.hbmu.edu.cn/",
            "provinceId": 17,
            "level": "本科",
            "abbreviation": "hbmu",
            "city": "十堰市"
        },
        {
            "id": 2998,
            "name": "湖北汽车工业学院科技学院",
            "website": "http://kjxy.huat.edu.cn/",
            "provinceId": 17,
            "level": "本科",
            "abbreviation": "huat",
            "city": "十堰市"
        },
        {
            "id": 2999,
            "name": "湖北医药学院药护学院",
            "website": "http://yhgj.hbmu.edu.cn/struct",
            "provinceId": 17,
            "level": "本科",
            "abbreviation": "hbmu",
            "city": "十堰市"
        },
        {
            "id": 3017,
            "name": "湖北工业职业技术学院",
            "website": "http://www.syzy.com.cn/",
            "provinceId": 17,
            "level": "专科",
            "abbreviation": "syzy",
            "city": "十堰市"
        },
        {
            "id": 3070,
            "name": "长江艺术工程职业学院",
            "website": "http://www.cj-cx.com/",
            "provinceId": 17,
            "level": "专科",
            "abbreviation": "cj-cx",
            "city": "十堰市"
        }
    ]
}