{
    "university": [
        {
            "id": 3514,
            "name": "川北医学院",
            "website": "http://www.nsmc.edu.cn/",
            "provinceId": 23,
            "level": "本科",
            "abbreviation": "nsmc",
            "city": "南充市"
        },
        {
            "id": 3516,
            "name": "西华师范大学",
            "website": "http://www.cwnu.edu.cn/",
            "provinceId": 23,
            "level": "本科",
            "abbreviation": "cwnu",
            "city": "南充市"
        },
        {
            "id": 3548,
            "name": "西南交通大学希望学院",
            "website": "http://www.swjtuhc.cn/",
            "provinceId": 23,
            "level": "本科",
            "abbreviation": "swjtuhc",
            "city": "南充市"
        },
        {
            "id": 3558,
            "name": "南充职业技术学院",
            "website": "http://www.nczy.com/",
            "provinceId": 23,
            "level": "专科",
            "abbreviation": "nczy",
            "city": "南充市"
        }
    ]
}