{
    "university": [
        {
            "id": 2571,
            "name": "南昌大学",
            "website": "http://www.ncu.edu.cn/",
            "provinceId": 14,
            "level": "本科",
            "abbreviation": "ncu",
            "city": "南昌市"
        },
        {
            "id": 2572,
            "name": "华东交通大学",
            "website": "http://www.ecjtu.jx.cn/",
            "provinceId": 14,
            "level": "本科",
            "abbreviation": "ecjtu",
            "city": "南昌市"
        },
        {
            "id": 2574,
            "name": "南昌航空大学",
            "website": "http://www.nchu.edu.cn/",
            "provinceId": 14,
            "level": "本科",
            "abbreviation": "nchu",
            "city": "南昌市"
        },
        {
            "id": 2577,
            "name": "江西农业大学",
            "website": "http://www.jxau.edu.cn/",
            "provinceId": 14,
            "level": "本科",
            "abbreviation": "jxau",
            "city": "南昌市"
        },
        {
            "id": 2578,
            "name": "江西中医药大学",
            "website": "http://www.jxtcmi.com/",
            "provinceId": 14,
            "level": "本科",
            "abbreviation": "jxtcmi",
            "city": "南昌市"
        },
        {
            "id": 2580,
            "name": "江西师范大学",
            "website": "http://www.jxnu.edu.cn/",
            "provinceId": 14,
            "level": "本科",
            "abbreviation": "jxnu",
            "city": "南昌市"
        },
        {
            "id": 2585,
            "name": "江西财经大学",
            "website": "http://www.jxufe.edu.cn/",
            "provinceId": 14,
            "level": "本科",
            "abbreviation": "jxufe",
            "city": "南昌市"
        },
        {
            "id": 2586,
            "name": "江西科技学院",
            "website": "http://www.jxut.edu.cn/",
            "provinceId": 14,
            "level": "本科",
            "abbreviation": "jxut",
            "city": "南昌市"
        },
        {
            "id": 2589,
            "name": "江西科技师范大学",
            "website": "http://www.jxstnu.cn/",
            "provinceId": 14,
            "level": "本科",
            "abbreviation": "jxstnu",
            "city": "南昌市"
        },
        {
            "id": 2590,
            "name": "南昌工程学院",
            "website": "http://www.nit.edu.cn/",
            "provinceId": 14,
            "level": "本科",
            "abbreviation": "nit",
            "city": "南昌市"
        },
        {
            "id": 2591,
            "name": "江西警察学院",
            "website": "http://www.jxga.com/",
            "provinceId": 14,
            "level": "本科",
            "abbreviation": "jxga",
            "city": "南昌市"
        },
        {
            "id": 2595,
            "name": "南昌理工学院",
            "website": "http://www.nclg.com.cn/",
            "provinceId": 14,
            "level": "本科",
            "abbreviation": "nclg",
            "city": "南昌市"
        },
        {
            "id": 2596,
            "name": "江西应用科技学院",
            "website": "http://www.jxcsedu.com/",
            "provinceId": 14,
            "level": "本科",
            "abbreviation": "jxcsedu",
            "city": "南昌市"
        },
        {
            "id": 2597,
            "name": "江西服装学院",
            "website": "http://www.fuzhuang.com.cn/",
            "provinceId": 14,
            "level": "本科",
            "abbreviation": "fuzhuang",
            "city": "南昌市"
        },
        {
            "id": 2598,
            "name": "南昌工学院",
            "website": "http://www.ncgxy.com/",
            "provinceId": 14,
            "level": "本科",
            "abbreviation": "ncgxy",
            "city": "南昌市"
        },
        {
            "id": 2599,
            "name": "南昌大学科学技术学院",
            "website": "http://www.ndkj.com.cn/",
            "provinceId": 14,
            "level": "本科",
            "abbreviation": "ndkj",
            "city": "南昌市"
        },
        {
            "id": 2601,
            "name": "华东交通大学理工学院",
            "website": "http://www.ecjtuit.com.cn/",
            "provinceId": 14,
            "level": "本科",
            "abbreviation": "ecjtuit",
            "city": "南昌市"
        },
        {
            "id": 2603,
            "name": "南昌航空大学科技学院",
            "website": "http://www.nckjxy.cn/",
            "provinceId": 14,
            "level": "本科",
            "abbreviation": "nckjxy",
            "city": "南昌市"
        },
        {
            "id": 2606,
            "name": "江西农业大学南昌商学院",
            "website": "http://www.ncsxy.com/",
            "provinceId": 14,
            "level": "本科",
            "abbreviation": "ncsxy",
            "city": "南昌市"
        },
        {
            "id": 2607,
            "name": "江西中医药大学科技学院",
            "website": "http://www.jxtcmstc.com/",
            "provinceId": 14,
            "level": "本科",
            "abbreviation": "jxtcmstc",
            "city": "南昌市"
        },
        {
            "id": 2608,
            "name": "江西师范大学科学技术学院",
            "website": "http://kjxy.jxnu.edu.cn/",
            "provinceId": 14,
            "level": "本科",
            "abbreviation": "jxnu",
            "city": "南昌市"
        },
        {
            "id": 2610,
            "name": "江西科技师范大学理工学院",
            "website": "http://www.jxstnupi.cn/",
            "provinceId": 14,
            "level": "本科",
            "abbreviation": "jxstnupi",
            "city": "南昌市"
        },
        {
            "id": 2611,
            "name": "江西财经大学现代经济管理学院",
            "website": "http://xjg.jxufe.cn/",
            "provinceId": 14,
            "level": "本科",
            "abbreviation": "jxufe",
            "city": "南昌市"
        },
        {
            "id": 2612,
            "name": "豫章师范学院",
            "website": "http://www.nctc.com.cn/",
            "provinceId": 14,
            "level": "本科",
            "abbreviation": "nctc",
            "city": "南昌市"
        },
        {
            "id": 2613,
            "name": "南昌师范学院",
            "website": "http:/www.jxie.edu.cn/",
            "provinceId": 14,
            "level": "本科",
            "abbreviation": "jxie",
            "city": "南昌市"
        },
        {
            "id": 2616,
            "name": "江西工业职业技术学院",
            "website": "http://www.jxgzy.cn/",
            "provinceId": 14,
            "level": "专科",
            "abbreviation": "jxgzy",
            "city": "南昌市"
        },
        {
            "id": 2620,
            "name": "江西司法警官职业学院",
            "website": "http://218.65.115.100/",
            "provinceId": 14,
            "level": "专科",
            "abbreviation": "65",
            "city": "南昌市"
        },
        {
            "id": 2622,
            "name": "江西旅游商贸职业学院",
            "website": "http://www.jxlsxy.com/",
            "provinceId": 14,
            "level": "专科",
            "abbreviation": "jxlsxy",
            "city": "南昌市"
        },
        {
            "id": 2623,
            "name": "江西电力职业技术学院",
            "website": "http://www.dlzy.jx.sgcc.com.cn",
            "provinceId": 14,
            "level": "专科",
            "abbreviation": "dlzy",
            "city": "南昌市"
        },
        {
            "id": 2625,
            "name": "江西艺术职业学院",
            "website": "http://www.jxysedu.com/",
            "provinceId": 14,
            "level": "专科",
            "abbreviation": "jxysedu",
            "city": "南昌市"
        },
        {
            "id": 2627,
            "name": "江西信息应用职业技术学院",
            "website": "http://www.jxcia.com/",
            "provinceId": 14,
            "level": "专科",
            "abbreviation": "jxcia",
            "city": "南昌市"
        },
        {
            "id": 2628,
            "name": "江西交通职业技术学院",
            "website": "http://www.jxjtxy.com/",
            "provinceId": 14,
            "level": "专科",
            "abbreviation": "jxjtxy",
            "city": "南昌市"
        },
        {
            "id": 2631,
            "name": "江西现代职业技术学院",
            "website": "http://www.jxxdxy.com/",
            "provinceId": 14,
            "level": "专科",
            "abbreviation": "jxxdxy",
            "city": "南昌市"
        },
        {
            "id": 2633,
            "name": "江西机电职业技术学院",
            "website": "http://www.jxjdxy.com/",
            "provinceId": 14,
            "level": "专科",
            "abbreviation": "jxjdxy",
            "city": "南昌市"
        },
        {
            "id": 2634,
            "name": "江西科技职业学院",
            "website": "http://www.jxkeda.com/",
            "provinceId": 14,
            "level": "专科",
            "abbreviation": "jxkeda",
            "city": "南昌市"
        },
        {
            "id": 2635,
            "name": "南昌职业学院",
            "website": "http://www.nczyxy.com/",
            "provinceId": 14,
            "level": "专科",
            "abbreviation": "nczyxy",
            "city": "南昌市"
        },
        {
            "id": 2636,
            "name": "江西外语外贸职业学院",
            "website": "http://www.jxcfs.com/",
            "provinceId": 14,
            "level": "专科",
            "abbreviation": "jxcfs",
            "city": "南昌市"
        },
        {
            "id": 2637,
            "name": "江西工业贸易职业技术学院",
            "website": "http://www.jxgmxy.com/",
            "provinceId": 14,
            "level": "专科",
            "abbreviation": "jxgmxy",
            "city": "南昌市"
        },
        {
            "id": 2640,
            "name": "江西生物科技职业学院",
            "website": "http://www.jxswkj.com/",
            "provinceId": 14,
            "level": "专科",
            "abbreviation": "jxswkj",
            "city": "南昌市"
        },
        {
            "id": 2641,
            "name": "江西建设职业技术学院",
            "website": "http://www.jxjsxy.com/",
            "provinceId": 14,
            "level": "专科",
            "abbreviation": "jxjsxy",
            "city": "南昌市"
        },
        {
            "id": 2644,
            "name": "江西先锋软件职业技术学院",
            "website": "http://www.aheadedu.com/",
            "provinceId": 14,
            "level": "专科",
            "abbreviation": "aheadedu",
            "city": "南昌市"
        },
        {
            "id": 2645,
            "name": "江西经济管理职业学院",
            "website": "http://www.jiea.cn/",
            "provinceId": 14,
            "level": "专科",
            "abbreviation": "jiea",
            "city": "南昌市"
        },
        {
            "id": 2646,
            "name": "江西制造职业技术学院",
            "website": "http://www.jxmtc.com/",
            "provinceId": 14,
            "level": "专科",
            "abbreviation": "jxmtc",
            "city": "南昌市"
        },
        {
            "id": 2647,
            "name": "江西工程职业学院",
            "website": "http://www.jxgcxy.com/",
            "provinceId": 14,
            "level": "专科",
            "abbreviation": "jxgcxy",
            "city": "南昌市"
        },
        {
            "id": 2648,
            "name": "江西青年职业学院",
            "website": "http://www.jxqy.com.cn/",
            "provinceId": 14,
            "level": "专科",
            "abbreviation": "jxqy",
            "city": "南昌市"
        },
        {
            "id": 2650,
            "name": "江西航空职业技术学院",
            "website": "http://www.jhxy.com.cn/",
            "provinceId": 14,
            "level": "专科",
            "abbreviation": "jhxy",
            "city": "南昌市"
        },
        {
            "id": 2653,
            "name": "江西卫生职业学院",
            "website": "http://www.jxhlxy.com.cn/",
            "provinceId": 14,
            "level": "专科",
            "abbreviation": "jxhlxy",
            "city": "南昌市"
        },
        {
            "id": 2656,
            "name": "江西泰豪动漫职业学院",
            "website": "http://www.tellhowedu.com/",
            "provinceId": 14,
            "level": "专科",
            "abbreviation": "tellhowedu",
            "city": "南昌市"
        },
        {
            "id": 2658,
            "name": "江西传媒职业学院",
            "website": "http://www.jxcb.com/",
            "provinceId": 14,
            "level": "专科",
            "abbreviation": "jxcb",
            "city": "南昌市"
        },
        {
            "id": 2659,
            "name": "江西工商职业技术学院",
            "website": "http://www.jxgsxy.cn/",
            "provinceId": 14,
            "level": "专科",
            "abbreviation": "jxgsxy",
            "city": "南昌市"
        },
        {
            "id": 2663,
            "name": "江西水利职业学院",
            "website": "http://www.jxslsd.com/",
            "provinceId": 14,
            "level": "专科",
            "abbreviation": "jxslsd",
            "city": "南昌市"
        },
        {
            "id": 2668,
            "name": "南昌影视传播职业学院",
            "website": "http://www.ncyscb.com/",
            "provinceId": 14,
            "level": "专科",
            "abbreviation": "ncyscb",
            "city": "南昌市"
        }
    ]
}