{
    "university": [
        {
            "id": 2493,
            "name": "武夷学院",
            "website": "http://www.nptc.edu.cn/",
            "provinceId": 13,
            "level": "本科",
            "abbreviation": "nptc",
            "city": "南平市"
        },
        {
            "id": 2526,
            "name": "福建林业职业技术学院",
            "website": "http://www.fjlzy.com/",
            "provinceId": 13,
            "level": "专科",
            "abbreviation": "fjlzy",
            "city": "南平市"
        },
        {
            "id": 2538,
            "name": "闽北职业技术学院",
            "website": "http://www.mbu.cn/",
            "provinceId": 13,
            "level": "专科",
            "abbreviation": "mbu",
            "city": "南平市"
        }
    ]
}