{
    "university": [
        {
            "id": 3345,
            "name": "广西大学",
            "website": "http://www.gxu.edu.cn/",
            "provinceId": 20,
            "level": "本科",
            "abbreviation": "gxu",
            "city": "南宁市"
        },
        {
            "id": 3349,
            "name": "广西医科大学",
            "website": "http://www.gxmu.edu.cn/",
            "provinceId": 20,
            "level": "本科",
            "abbreviation": "gxmu",
            "city": "南宁市"
        },
        {
            "id": 3351,
            "name": "广西中医药大学",
            "website": "http://www.gxtcmu.edu.cn/",
            "provinceId": 20,
            "level": "本科",
            "abbreviation": "gxtcmu",
            "city": "南宁市"
        },
        {
            "id": 3354,
            "name": "广西师范学院",
            "website": "http://www.gxtc.edu.cn/",
            "provinceId": 20,
            "level": "本科",
            "abbreviation": "gxtc",
            "city": "南宁市"
        },
        {
            "id": 3358,
            "name": "广西艺术学院",
            "website": "http://www.gxau.edu.cn/",
            "provinceId": 20,
            "level": "本科",
            "abbreviation": "gxau",
            "city": "南宁市"
        },
        {
            "id": 3359,
            "name": "广西民族大学",
            "website": "http://www.gxun.edu.cn/",
            "provinceId": 20,
            "level": "本科",
            "abbreviation": "gxun",
            "city": "南宁市"
        },
        {
            "id": 3363,
            "name": "广西财经学院",
            "website": "http://www.gxufe.cn/",
            "provinceId": 20,
            "level": "本科",
            "abbreviation": "gxufe",
            "city": "南宁市"
        },
        {
            "id": 3364,
            "name": "南宁学院",
            "website": "http://www.nnxy.cn/",
            "provinceId": 20,
            "level": "本科",
            "abbreviation": "nnxy",
            "city": "南宁市"
        },
        {
            "id": 3369,
            "name": "广西警察学院",
            "website": "http://www.gagx.com.cn/",
            "provinceId": 20,
            "level": "本科",
            "abbreviation": "gagx",
            "city": "南宁市"
        },
        {
            "id": 3371,
            "name": "广西大学行健文理学院",
            "website": "http://xingjian.gxu.edu.cn/",
            "provinceId": 20,
            "level": "本科",
            "abbreviation": "gxu",
            "city": "南宁市"
        },
        {
            "id": 3373,
            "name": "广西民族大学相思湖学院",
            "website": "http://xshxy.gxun.edu.cn/",
            "provinceId": 20,
            "level": "本科",
            "abbreviation": "gxun",
            "city": "南宁市"
        },
        {
            "id": 3375,
            "name": "广西师范学院师园学院",
            "website": "http://www.gxsyu.com/",
            "provinceId": 20,
            "level": "本科",
            "abbreviation": "gxsyu",
            "city": "南宁市"
        },
        {
            "id": 3376,
            "name": "广西中医学院赛恩斯新医药学院",
            "website": "http://www.gxzyxysy.com/",
            "provinceId": 20,
            "level": "本科",
            "abbreviation": "gxzyxysy",
            "city": "南宁市"
        },
        {
            "id": 3379,
            "name": "广西外国语学院",
            "website": "http://www.gxufl.com/",
            "provinceId": 20,
            "level": "本科",
            "abbreviation": "gxufl",
            "city": "南宁市"
        },
        {
            "id": 3381,
            "name": "广西机电职业技术学院",
            "website": "http://www.gxcme.edu.cn/",
            "provinceId": 20,
            "level": "专科",
            "abbreviation": "gxcme",
            "city": "南宁市"
        },
        {
            "id": 3382,
            "name": "广西体育高等专科学校",
            "website": "http://www.gxtznn.com/",
            "provinceId": 20,
            "level": "专科",
            "abbreviation": "gxtznn",
            "city": "南宁市"
        },
        {
            "id": 3383,
            "name": "南宁职业技术学院",
            "website": "http://www.ncvt.net",
            "provinceId": 20,
            "level": "专科",
            "abbreviation": "ncvt",
            "city": "南宁市"
        },
        {
            "id": 3384,
            "name": "广西水利电力职业技术学院",
            "website": "http://www.gxsdxy.cn/",
            "provinceId": 20,
            "level": "专科",
            "abbreviation": "gxsdxy",
            "city": "南宁市"
        },
        {
            "id": 3386,
            "name": "广西职业技术学院",
            "website": "http://www.gxzjy.com/",
            "provinceId": 20,
            "level": "专科",
            "abbreviation": "gxzjy",
            "city": "南宁市"
        },
        {
            "id": 3389,
            "name": "广西交通职业技术学院",
            "website": "http://www.gxjzy.com/",
            "provinceId": 20,
            "level": "专科",
            "abbreviation": "gxjzy",
            "city": "南宁市"
        },
        {
            "id": 3390,
            "name": "广西工业职业技术学院",
            "website": "http://www.gxic.net/",
            "provinceId": 20,
            "level": "专科",
            "abbreviation": "gxic",
            "city": "南宁市"
        },
        {
            "id": 3391,
            "name": "广西国际商务职业技术学院",
            "website": "http://www.gxibvc.net/",
            "provinceId": 20,
            "level": "专科",
            "abbreviation": "gxibvc",
            "city": "南宁市"
        },
        {
            "id": 3392,
            "name": "广西农业职业技术学院",
            "website": "http://www.gxnyxy.com.cn/",
            "provinceId": 20,
            "level": "专科",
            "abbreviation": "gxnyxy",
            "city": "南宁市"
        },
        {
            "id": 3394,
            "name": "广西建设职业技术学院",
            "website": "http://www.gxjsxy.cn/",
            "provinceId": 20,
            "level": "专科",
            "abbreviation": "gxjsxy",
            "city": "南宁市"
        },
        {
            "id": 3398,
            "name": "广西经贸职业技术学院",
            "website": "http://www.gxjmzy.com/",
            "provinceId": 20,
            "level": "专科",
            "abbreviation": "gxjmzy",
            "city": "南宁市"
        },
        {
            "id": 3399,
            "name": "广西工商职业技术学院",
            "website": "http://www.gxgsxy.com/",
            "provinceId": 20,
            "level": "专科",
            "abbreviation": "gxgsxy",
            "city": "南宁市"
        },
        {
            "id": 3400,
            "name": "广西演艺职业学院",
            "website": "http://www.gxart.cn/",
            "provinceId": 20,
            "level": "专科",
            "abbreviation": "gxart",
            "city": "南宁市"
        },
        {
            "id": 3401,
            "name": "广西电力职业技术学院",
            "website": "http://www.gxdlxy.com/",
            "provinceId": 20,
            "level": "专科",
            "abbreviation": "gxdlxy",
            "city": "南宁市"
        },
        {
            "id": 3409,
            "name": "广西经济职业学院",
            "website": "http://www.gxevc.com/",
            "provinceId": 20,
            "level": "专科",
            "abbreviation": "gxevc",
            "city": "南宁市"
        },
        {
            "id": 3410,
            "name": "广西幼儿师范高等专科学校",
            "website": "http://www.gxyesf.com/",
            "provinceId": 20,
            "level": "专科",
            "abbreviation": "gxyesf",
            "city": "南宁市"
        },
        {
            "id": 3411,
            "name": "广西科技职业学院",
            "website": "http://www.gxkjzy.com/",
            "provinceId": 20,
            "level": "专科",
            "abbreviation": "gxkjzy",
            "city": "南宁市"
        },
        {
            "id": 3412,
            "name": "广西卫生职业技术学院",
            "website": "http://www.gxwzy.com.cn/",
            "provinceId": 20,
            "level": "专科",
            "abbreviation": "gxwzy",
            "city": "南宁市"
        },
        {
            "id": 3414,
            "name": "广西金融职业技术学院",
            "website": "http://www.gxjrxy.com/",
            "provinceId": 20,
            "level": "专科",
            "abbreviation": "gxjrxy",
            "city": "南宁市"
        },
        {
            "id": 3416,
            "name": "广西安全工程职业技术学院",
            "website": "http://www.gxazy.com/",
            "provinceId": 20,
            "level": "专科",
            "abbreviation": "gxazy",
            "city": "南宁市"
        }
    ]
}