{
    "university": [
        {
            "id": 2832,
            "name": "南阳师范学院",
            "website": "http://www.nynu.edu.cn/",
            "provinceId": 16,
            "level": "本科",
            "abbreviation": "nynu",
            "city": "南阳市"
        },
        {
            "id": 2847,
            "name": "南阳理工学院",
            "website": "http://www.nyist.net/",
            "provinceId": 16,
            "level": "本科",
            "abbreviation": "nyist",
            "city": "南阳市"
        },
        {
            "id": 2887,
            "name": "河南工业职业技术学院",
            "website": "http://www.hnpi.cn/",
            "provinceId": 16,
            "level": "专科",
            "abbreviation": "hnpi",
            "city": "南阳市"
        },
        {
            "id": 2894,
            "name": "南阳医学高等专科学校",
            "website": "http://www.nymc.cn/",
            "provinceId": 16,
            "level": "专科",
            "abbreviation": "nymc",
            "city": "南阳市"
        },
        {
            "id": 2930,
            "name": "南阳职业学院",
            "website": "http://www.nyzyxy.com/",
            "provinceId": 16,
            "level": "专科",
            "abbreviation": "nyzyxy",
            "city": "南阳市"
        },
        {
            "id": 2939,
            "name": "南阳农业职业学院",
            "website": "http://www.nyac.cn/nzy/",
            "provinceId": 16,
            "level": "专科",
            "abbreviation": "nyac",
            "city": "南阳市"
        }
    ]
}