{
    "university": [
        {
            "id": 2104,
            "name": "南通大学",
            "website": "http://www.ntu.edu.cn/",
            "provinceId": 10,
            "level": "本科",
            "abbreviation": "ntu",
            "city": "南通市"
        },
        {
            "id": 2132,
            "name": "南通理工学院",
            "website": "http://www.zlvc.edu.cn/",
            "provinceId": 10,
            "level": "本科",
            "abbreviation": "zlvc",
            "city": "南通市"
        },
        {
            "id": 2160,
            "name": "南通大学杏林学院",
            "website": "http://xlxy.ntu.edu.cn/",
            "provinceId": 10,
            "level": "本科",
            "abbreviation": "ntu",
            "city": "南通市"
        },
        {
            "id": 2172,
            "name": "江苏工程职业技术学院",
            "website": "http://www.nttec.edu.cn/",
            "provinceId": 10,
            "level": "专科",
            "abbreviation": "nttec",
            "city": "南通市"
        },
        {
            "id": 2176,
            "name": "南通职业大学",
            "website": "http://www.ntvc.edu.cn/",
            "provinceId": 10,
            "level": "专科",
            "abbreviation": "ntvc",
            "city": "南通市"
        },
        {
            "id": 2192,
            "name": "南通科技职业学院",
            "website": "http://www.ntac.edu.cn/",
            "provinceId": 10,
            "level": "专科",
            "abbreviation": "ntac",
            "city": "南通市"
        },
        {
            "id": 2198,
            "name": "南通航运职业技术学院",
            "website": "http://www.ntsc.edu.cn/",
            "provinceId": 10,
            "level": "专科",
            "abbreviation": "ntsc",
            "city": "南通市"
        },
        {
            "id": 2247,
            "name": "江苏商贸职业学院",
            "website": "http://www.ntgx.edu.cn/",
            "provinceId": 10,
            "level": "专科",
            "abbreviation": "ntgx",
            "city": "南通市"
        },
        {
            "id": 2248,
            "name": "南通师范高等专科学校",
            "website": "http://www.ntgs.com.cn/",
            "provinceId": 10,
            "level": "专科",
            "abbreviation": "ntgs",
            "city": "南通市"
        },
        {
            "id": 2250,
            "name": "江苏护理职业学院",
            "website": "http://www.jshywx.com/",
            "provinceId": 10,
            "level": "专科",
            "abbreviation": "jshywx",
            "city": "南通市"
        },
        {
            "id": 2251,
            "name": "江苏财会职业学院",
            "website": "http://www.lygcx.net/",
            "provinceId": 10,
            "level": "专科",
            "abbreviation": "lygcx",
            "city": "南通市"
        }
    ]
}