{
    "university": [
        {
            "id": 2089,
            "name": "南京大学",
            "website": "http://www.nju.edu.cn/",
            "provinceId": 10,
            "level": "本科",
            "abbreviation": "nju",
            "city": "南京市"
        },
        {
            "id": 2091,
            "name": "东南大学",
            "website": "http://www.seu.edu.cn/",
            "provinceId": 10,
            "level": "本科",
            "abbreviation": "seu",
            "city": "南京市"
        },
        {
            "id": 2092,
            "name": "南京航空航天大学",
            "website": "http://www.nuaa.edu.cn/",
            "provinceId": 10,
            "level": "本科",
            "abbreviation": "nuaa",
            "city": "南京市"
        },
        {
            "id": 2093,
            "name": "南京理工大学",
            "website": "http://www.njust.edu.cn/",
            "provinceId": 10,
            "level": "本科",
            "abbreviation": "njust",
            "city": "南京市"
        },
        {
            "id": 2096,
            "name": "南京工业大学",
            "website": "http://www.njtech.edu.cn/",
            "provinceId": 10,
            "level": "本科",
            "abbreviation": "njtech",
            "city": "南京市"
        },
        {
            "id": 2098,
            "name": "南京邮电大学",
            "website": "http://www.njupt.edu.cn/",
            "provinceId": 10,
            "level": "本科",
            "abbreviation": "njupt",
            "city": "南京市"
        },
        {
            "id": 2099,
            "name": "河海大学",
            "website": "http://www.hhu.edu.cn/",
            "provinceId": 10,
            "level": "本科",
            "abbreviation": "hhu",
            "city": "南京市"
        },
        {
            "id": 2101,
            "name": "南京林业大学",
            "website": "http://www.njfu.edu.cn/",
            "provinceId": 10,
            "level": "本科",
            "abbreviation": "njfu",
            "city": "南京市"
        },
        {
            "id": 2103,
            "name": "南京信息工程大学",
            "website": "http://www.nuist.edu.cn/",
            "provinceId": 10,
            "level": "本科",
            "abbreviation": "nuist",
            "city": "南京市"
        },
        {
            "id": 2106,
            "name": "南京农业大学",
            "website": "http://www.njau.edu.cn/",
            "provinceId": 10,
            "level": "本科",
            "abbreviation": "njau",
            "city": "南京市"
        },
        {
            "id": 2107,
            "name": "南京医科大学",
            "website": "http://www.njmu.edu.cn/",
            "provinceId": 10,
            "level": "本科",
            "abbreviation": "njmu",
            "city": "南京市"
        },
        {
            "id": 2109,
            "name": "南京中医药大学",
            "website": "http://www.njutcm.edu.cn/",
            "provinceId": 10,
            "level": "本科",
            "abbreviation": "njutcm",
            "city": "南京市"
        },
        {
            "id": 2110,
            "name": "中国药科大学",
            "website": "http://www.cpu.edu.cn/",
            "provinceId": 10,
            "level": "本科",
            "abbreviation": "cpu",
            "city": "南京市"
        },
        {
            "id": 2111,
            "name": "南京师范大学",
            "website": "http://www.njnu.edu.cn/",
            "provinceId": 10,
            "level": "本科",
            "abbreviation": "njnu",
            "city": "南京市"
        },
        {
            "id": 2115,
            "name": "南京财经大学",
            "website": "http://www.njue.edu.cn/",
            "provinceId": 10,
            "level": "本科",
            "abbreviation": "njue",
            "city": "南京市"
        },
        {
            "id": 2116,
            "name": "江苏警官学院",
            "website": "http://www.jspi.cn/",
            "provinceId": 10,
            "level": "本科",
            "abbreviation": "jspi",
            "city": "南京市"
        },
        {
            "id": 2117,
            "name": "南京体育学院",
            "website": "http://www.nipes.cn/",
            "provinceId": 10,
            "level": "本科",
            "abbreviation": "nipes",
            "city": "南京市"
        },
        {
            "id": 2118,
            "name": "南京艺术学院",
            "website": "http://www.nua.edu.cn/",
            "provinceId": 10,
            "level": "本科",
            "abbreviation": "nua",
            "city": "南京市"
        },
        {
            "id": 2124,
            "name": "三江学院",
            "website": "http://www.sju.edu.cn/",
            "provinceId": 10,
            "level": "本科",
            "abbreviation": "sju",
            "city": "南京市"
        },
        {
            "id": 2125,
            "name": "南京工程学院",
            "website": "http://www.njit.edu.cn/",
            "provinceId": 10,
            "level": "本科",
            "abbreviation": "njit",
            "city": "南京市"
        },
        {
            "id": 2126,
            "name": "南京审计大学",
            "website": "http://www.nau.edu.cn/",
            "provinceId": 10,
            "level": "本科",
            "abbreviation": "nau",
            "city": "南京市"
        },
        {
            "id": 2127,
            "name": "南京晓庄学院",
            "website": "http://www.njxzc.edu.cn/",
            "provinceId": 10,
            "level": "本科",
            "abbreviation": "njxzc",
            "city": "南京市"
        },
        {
            "id": 2131,
            "name": "南京特殊教育师范学院",
            "website": "http://www.njts.edu.cn/",
            "provinceId": 10,
            "level": "本科",
            "abbreviation": "njts",
            "city": "南京市"
        },
        {
            "id": 2133,
            "name": "南京森林警察学院",
            "website": "http://www.forestpolice.net/",
            "provinceId": 10,
            "level": "本科",
            "abbreviation": "forestpoli",
            "city": "南京市"
        },
        {
            "id": 2134,
            "name": "东南大学成贤学院",
            "website": "http://cxxy.seu.edu.cn/",
            "provinceId": 10,
            "level": "本科",
            "abbreviation": "seu",
            "city": "南京市"
        },
        {
            "id": 2137,
            "name": "金陵科技学院",
            "website": "http://www.jit.edu.cn/",
            "provinceId": 10,
            "level": "本科",
            "abbreviation": "jit",
            "city": "南京市"
        },
        {
            "id": 2139,
            "name": "南京大学金陵学院",
            "website": "http://www.jlxy.nju.edu.cn/",
            "provinceId": 10,
            "level": "本科",
            "abbreviation": "jlxy",
            "city": "南京市"
        },
        {
            "id": 2140,
            "name": "南京理工大学紫金学院",
            "website": "http://zj.njust.edu.cn/",
            "provinceId": 10,
            "level": "本科",
            "abbreviation": "njust",
            "city": "南京市"
        },
        {
            "id": 2141,
            "name": "南京航空航天大学金城学院",
            "website": "http://jc.nuaa.edu.cn/",
            "provinceId": 10,
            "level": "本科",
            "abbreviation": "nuaa",
            "city": "南京市"
        },
        {
            "id": 2142,
            "name": "中国传媒大学南广学院",
            "website": "http://www.cucn.edu.cn/",
            "provinceId": 10,
            "level": "本科",
            "abbreviation": "cucn",
            "city": "南京市"
        },
        {
            "id": 2145,
            "name": "南京工业大学浦江学院",
            "website": "http://www.njpji.cn/",
            "provinceId": 10,
            "level": "本科",
            "abbreviation": "njpji",
            "city": "南京市"
        },
        {
            "id": 2146,
            "name": "南京师范大学中北学院",
            "website": "http://zbzs.njnu.edu.cn/",
            "provinceId": 10,
            "level": "本科",
            "abbreviation": "njnu",
            "city": "南京市"
        },
        {
            "id": 2147,
            "name": "南京医科大学康达学院",
            "website": "http://kdc.njmu.edu.cn/",
            "provinceId": 10,
            "level": "本科",
            "abbreviation": "njmu",
            "city": "南京市"
        },
        {
            "id": 2149,
            "name": "南京信息工程大学滨江学院",
            "website": "http://www.bjxy.cn/",
            "provinceId": 10,
            "level": "本科",
            "abbreviation": "bjxy",
            "city": "南京市"
        },
        {
            "id": 2150,
            "name": "苏州大学文正学院",
            "website": "http://www.sdwz.cn/",
            "provinceId": 10,
            "level": "本科",
            "abbreviation": "sdwz",
            "city": "南京市"
        },
        {
            "id": 2156,
            "name": "南京邮电大学通达学院",
            "website": "http://www.tdxy.com.cn/",
            "provinceId": 10,
            "level": "本科",
            "abbreviation": "tdxy",
            "city": "南京市"
        },
        {
            "id": 2161,
            "name": "南京审计学院金审学院",
            "website": "http://jsxy.nau.edu.cn/",
            "provinceId": 10,
            "level": "本科",
            "abbreviation": "nau",
            "city": "南京市"
        },
        {
            "id": 2163,
            "name": "江苏第二师范学院",
            "website": "http://www.jssnu.edu.cn/",
            "provinceId": 10,
            "level": "本科",
            "abbreviation": "jssnu",
            "city": "南京市"
        },
        {
            "id": 2171,
            "name": "南京工业职业技术学院",
            "website": "http://www.niit.edu.cn/",
            "provinceId": 10,
            "level": "专科",
            "abbreviation": "niit",
            "city": "南京市"
        },
        {
            "id": 2181,
            "name": "江苏经贸职业技术学院",
            "website": "http://www.jseti.edu.cn/",
            "provinceId": 10,
            "level": "专科",
            "abbreviation": "jseti",
            "city": "南京市"
        },
        {
            "id": 2186,
            "name": "江苏联合职业技术学院",
            "website": "http://www.juti.cn/",
            "provinceId": 10,
            "level": "专科",
            "abbreviation": "juti",
            "city": "南京市"
        },
        {
            "id": 2187,
            "name": "江苏海事职业技术学院",
            "website": "http://www.jmi.edu.cn/",
            "provinceId": 10,
            "level": "专科",
            "abbreviation": "jmi",
            "city": "南京市"
        },
        {
            "id": 2188,
            "name": "应天职业技术学院",
            "website": "http://www.ytc.edu.cn/",
            "provinceId": 10,
            "level": "专科",
            "abbreviation": "ytc",
            "city": "南京市"
        },
        {
            "id": 2199,
            "name": "南京交通职业技术学院",
            "website": "http://www.njci.cn/",
            "provinceId": 10,
            "level": "专科",
            "abbreviation": "njci",
            "city": "南京市"
        },
        {
            "id": 2207,
            "name": "南京科技职业学院",
            "website": "http://www.njcc.edu.cn/",
            "provinceId": 10,
            "level": "专科",
            "abbreviation": "njcc",
            "city": "南京市"
        },
        {
            "id": 2208,
            "name": "正德职业技术学院",
            "website": "http://www.zdxy.cn/",
            "provinceId": 10,
            "level": "专科",
            "abbreviation": "zdxy",
            "city": "南京市"
        },
        {
            "id": 2209,
            "name": "钟山职业技术学院",
            "website": "http://www.zscollege.com/",
            "provinceId": 10,
            "level": "专科",
            "abbreviation": "zscollege",
            "city": "南京市"
        },
        {
            "id": 2212,
            "name": "金肯职业技术学院",
            "website": "http://www.jku.edu.cn/",
            "provinceId": 10,
            "level": "专科",
            "abbreviation": "jku",
            "city": "南京市"
        },
        {
            "id": 2218,
            "name": "南京铁道职业技术学院",
            "website": "http://www.njrts.edu.cn/",
            "provinceId": 10,
            "level": "专科",
            "abbreviation": "njrts",
            "city": "南京市"
        },
        {
            "id": 2222,
            "name": "南京信息职业技术学院",
            "website": "http://www.njcit.edu.cn/",
            "provinceId": 10,
            "level": "专科",
            "abbreviation": "njcit",
            "city": "南京市"
        },
        {
            "id": 2235,
            "name": "南京视觉艺术职业学院",
            "website": "http://www.niva.cn/",
            "provinceId": 10,
            "level": "专科",
            "abbreviation": "niva",
            "city": "南京市"
        },
        {
            "id": 2236,
            "name": "江苏城市职业学院",
            "website": "http://www.jscvc.cn/",
            "provinceId": 10,
            "level": "专科",
            "abbreviation": "jscvc",
            "city": "南京市"
        },
        {
            "id": 2237,
            "name": "南京城市职业学院",
            "website": "http://www.ncc.com.cn/",
            "provinceId": 10,
            "level": "专科",
            "abbreviation": "ncc",
            "city": "南京市"
        },
        {
            "id": 2238,
            "name": "南京机电职业技术学院",
            "website": "http://www.njcmee.net/",
            "provinceId": 10,
            "level": "专科",
            "abbreviation": "njcmee",
            "city": "南京市"
        },
        {
            "id": 2240,
            "name": "南京旅游职业学院",
            "website": "http://www.jltu.net/",
            "provinceId": 10,
            "level": "专科",
            "abbreviation": "jltu",
            "city": "南京市"
        },
        {
            "id": 2241,
            "name": "江苏卫生健康职业学院",
            "website": "http://www.jssmu.edu.cn/",
            "provinceId": 10,
            "level": "专科",
            "abbreviation": "jssmu",
            "city": "南京市"
        },
        {
            "id": 2257,
            "name": "南京视觉艺术职业学院",
            "website": "http://www.niva.cn/",
            "provinceId": 10,
            "level": "专科",
            "abbreviation": "niva",
            "city": "南京市"
        }
    ]
}