{
    "university": [
        {
            "id": 1716,
            "name": "内蒙古科技大学",
            "website": "http://www.imust.cn/",
            "provinceId": 5,
            "level": "本科",
            "abbreviation": "imust",
            "city": "包头市"
        },
        {
            "id": 1734,
            "name": "包头职业技术学院",
            "website": "http://www.btzyjsxy.cn/",
            "provinceId": 5,
            "level": "专科",
            "abbreviation": "btzyjsxy",
            "city": "包头市"
        },
        {
            "id": 1737,
            "name": "包头轻工职业技术学院",
            "website": "http://www.btqy.com.cn/",
            "provinceId": 5,
            "level": "专科",
            "abbreviation": "btqy",
            "city": "包头市"
        },
        {
            "id": 1749,
            "name": "包头钢铁职业技术学院",
            "website": "http://www.btsvc.edu.cn/",
            "provinceId": 5,
            "level": "专科",
            "abbreviation": "btsvc",
            "city": "包头市"
        },
        {
            "id": 1754,
            "name": "内蒙古经贸外语职业学院",
            "website": "http://www.nmgjwy.com/",
            "provinceId": 5,
            "level": "专科",
            "abbreviation": "nmgjwy",
            "city": "包头市"
        },
        {
            "id": 1755,
            "name": "包头铁道职业技术学院",
            "website": "http://www.btgx.com/",
            "provinceId": 5,
            "level": "专科",
            "abbreviation": "btgx",
            "city": "包头市"
        }
    ]
}