{
    "university": [
        {
            "id": 3370,
            "name": "北海艺术设计学院",
            "website": "http://www.sszss.com/",
            "provinceId": 20,
            "level": "本科",
            "abbreviation": "sszss",
            "city": "北海市"
        },
        {
            "id": 3380,
            "name": "北京航空航天大学北海学院",
            "website": "http://www.bhbhxy.com/",
            "provinceId": 20,
            "level": "本科",
            "abbreviation": "bhbhxy",
            "city": "北海市"
        },
        {
            "id": 3396,
            "name": "北海职业学院",
            "website": "http://www.bhzyxy.net/",
            "provinceId": 20,
            "level": "专科",
            "abbreviation": "bhzyxy",
            "city": "北海市"
        }
    ]
}