{
    "university": [
        {
            "id": 1367,
            "name": "北京大学",
            "website": "http://www.pku.edu.cn/",
            "provinceId": 1,
            "level": "本科",
            "abbreviation": "pku",
            "city": "北京市"
        },
        {
            "id": 1368,
            "name": "中国人民大学",
            "website": "http://www.ruc.edu.cn/",
            "provinceId": 1,
            "level": "本科",
            "abbreviation": "ruc",
            "city": "北京市"
        },
        {
            "id": 1369,
            "name": "清华大学",
            "website": "http://www.tsinghua.edu.cn/",
            "provinceId": 1,
            "level": "本科",
            "abbreviation": "tsinghua",
            "city": "北京市"
        },
        {
            "id": 1370,
            "name": "北京交通大学",
            "website": "http://www.njtu.edu.cn/",
            "provinceId": 1,
            "level": "本科",
            "abbreviation": "njtu",
            "city": "北京市"
        },
        {
            "id": 1371,
            "name": "北京工业大学",
            "website": "http://www.bjut.edu.cn/",
            "provinceId": 1,
            "level": "本科",
            "abbreviation": "bjut",
            "city": "北京市"
        },
        {
            "id": 1372,
            "name": "北京航空航天大学",
            "website": "http://www.buaa.edu.cn/",
            "provinceId": 1,
            "level": "本科",
            "abbreviation": "buaa",
            "city": "北京市"
        },
        {
            "id": 1373,
            "name": "北京理工大学",
            "website": "http://www.bit.edu.cn/",
            "provinceId": 1,
            "level": "本科",
            "abbreviation": "bit",
            "city": "北京市"
        },
        {
            "id": 1374,
            "name": "北京科技大学",
            "website": "http://www.ustb.edu.cn/",
            "provinceId": 1,
            "level": "本科",
            "abbreviation": "ustb",
            "city": "北京市"
        },
        {
            "id": 1375,
            "name": "北方工业大学",
            "website": "http://www.ncut.edu.cn/",
            "provinceId": 1,
            "level": "本科",
            "abbreviation": "ncut",
            "city": "北京市"
        },
        {
            "id": 1376,
            "name": "北京化工大学",
            "website": "http://www.buct.edu.cn/",
            "provinceId": 1,
            "level": "本科",
            "abbreviation": "buct",
            "city": "北京市"
        },
        {
            "id": 1377,
            "name": "北京工商大学",
            "website": "http://www.btbu.edu.cn/",
            "provinceId": 1,
            "level": "本科",
            "abbreviation": "btbu",
            "city": "北京市"
        },
        {
            "id": 1378,
            "name": "北京服装学院",
            "website": "http://www.bift.edu.cn/",
            "provinceId": 1,
            "level": "本科",
            "abbreviation": "bift",
            "city": "北京市"
        },
        {
            "id": 1379,
            "name": "北京邮电大学",
            "website": "http://www.bupt.edu.cn/",
            "provinceId": 1,
            "level": "本科",
            "abbreviation": "bupt",
            "city": "北京市"
        },
        {
            "id": 1380,
            "name": "北京印刷学院",
            "website": "http://www.bigc.edu.cn/",
            "provinceId": 1,
            "level": "本科",
            "abbreviation": "bigc",
            "city": "北京市"
        },
        {
            "id": 1381,
            "name": "北京建筑大学",
            "website": "http://www.bucea.edu.cn/",
            "provinceId": 1,
            "level": "本科",
            "abbreviation": "bucea",
            "city": "北京市"
        },
        {
            "id": 1382,
            "name": "北京石油化工学院",
            "website": "http://www.bipt.edu.cn/",
            "provinceId": 1,
            "level": "本科",
            "abbreviation": "bipt",
            "city": "北京市"
        },
        {
            "id": 1383,
            "name": "北京电子科技学院",
            "website": "http://www.besti.edu.cn/",
            "provinceId": 1,
            "level": "本科",
            "abbreviation": "besti",
            "city": "北京市"
        },
        {
            "id": 1384,
            "name": "中国农业大学",
            "website": "http://www.cau.edu.cn/",
            "provinceId": 1,
            "level": "本科",
            "abbreviation": "cau",
            "city": "北京市"
        },
        {
            "id": 1385,
            "name": "北京农学院",
            "website": "http://www.bac.edu.cn/",
            "provinceId": 1,
            "level": "本科",
            "abbreviation": "bac",
            "city": "北京市"
        },
        {
            "id": 1386,
            "name": "北京林业大学",
            "website": "http://www.bjfu.edu.cn/",
            "provinceId": 1,
            "level": "本科",
            "abbreviation": "bjfu",
            "city": "北京市"
        },
        {
            "id": 1387,
            "name": "北京协和医学院",
            "website": "http://www.cams.ac.cn/",
            "provinceId": 1,
            "level": "本科",
            "abbreviation": "cams",
            "city": "北京市"
        },
        {
            "id": 1388,
            "name": "首都医科大学",
            "website": "http://www.ccmu.edu.cn/",
            "provinceId": 1,
            "level": "本科",
            "abbreviation": "ccmu",
            "city": "北京市"
        },
        {
            "id": 1389,
            "name": "北京中医药大学",
            "website": "http://www.bucm.edu.cn/",
            "provinceId": 1,
            "level": "本科",
            "abbreviation": "bucm",
            "city": "北京市"
        },
        {
            "id": 1390,
            "name": "北京师范大学",
            "website": "http://www.bnu.edu.cn/",
            "provinceId": 1,
            "level": "本科",
            "abbreviation": "bnu",
            "city": "北京市"
        },
        {
            "id": 1391,
            "name": "首都师范大学",
            "website": "http://www.cnu.edu.cn/",
            "provinceId": 1,
            "level": "本科",
            "abbreviation": "cnu",
            "city": "北京市"
        },
        {
            "id": 1392,
            "name": "首都体育学院",
            "website": "http://www.cupes.edu.cn/",
            "provinceId": 1,
            "level": "本科",
            "abbreviation": "cupes",
            "city": "北京市"
        },
        {
            "id": 1393,
            "name": "北京外国语大学",
            "website": "http://www.bfsu.edu.cn/",
            "provinceId": 1,
            "level": "本科",
            "abbreviation": "bfsu",
            "city": "北京市"
        },
        {
            "id": 1394,
            "name": "北京第二外国语学院",
            "website": "http://www.bisu.edu.cn/",
            "provinceId": 1,
            "level": "本科",
            "abbreviation": "bisu",
            "city": "北京市"
        },
        {
            "id": 1395,
            "name": "北京语言大学",
            "website": "http://www.blcu.edu.cn/",
            "provinceId": 1,
            "level": "本科",
            "abbreviation": "blcu",
            "city": "北京市"
        },
        {
            "id": 1396,
            "name": "中国传媒大学",
            "website": "http://www.cuc.edu.cn/",
            "provinceId": 1,
            "level": "本科",
            "abbreviation": "cuc",
            "city": "北京市"
        },
        {
            "id": 1397,
            "name": "中央财经大学",
            "website": "http://www.cufe.edu.cn/",
            "provinceId": 1,
            "level": "本科",
            "abbreviation": "cufe",
            "city": "北京市"
        },
        {
            "id": 1398,
            "name": "对外经济贸易大学",
            "website": "http://www.uibe.edu.cn/",
            "provinceId": 1,
            "level": "本科",
            "abbreviation": "uibe",
            "city": "北京市"
        },
        {
            "id": 1399,
            "name": "北京物资学院",
            "website": "http://www.bwu.edu.cn/",
            "provinceId": 1,
            "level": "本科",
            "abbreviation": "bwu",
            "city": "北京市"
        },
        {
            "id": 1400,
            "name": "首都经济贸易大学",
            "website": "http://www.cueb.edu.cn/",
            "provinceId": 1,
            "level": "本科",
            "abbreviation": "cueb",
            "city": "北京市"
        },
        {
            "id": 1401,
            "name": "外交学院",
            "website": "http://www.cfau.edu.cn/",
            "provinceId": 1,
            "level": "本科",
            "abbreviation": "cfau",
            "city": "北京市"
        },
        {
            "id": 1402,
            "name": "中国人民公安大学",
            "website": "http://www.cppsu.edu.cn/",
            "provinceId": 1,
            "level": "本科",
            "abbreviation": "cppsu",
            "city": "北京市"
        },
        {
            "id": 1403,
            "name": "国际关系学院",
            "website": "http://www.uir.cn/",
            "provinceId": 1,
            "level": "本科",
            "abbreviation": "uir",
            "city": "北京市"
        },
        {
            "id": 1404,
            "name": "北京体育大学",
            "website": "http://www.bsu.edu.cn/",
            "provinceId": 1,
            "level": "本科",
            "abbreviation": "bsu",
            "city": "北京市"
        },
        {
            "id": 1405,
            "name": "中央音乐学院",
            "website": "http://www.ccom.edu.cn/",
            "provinceId": 1,
            "level": "本科",
            "abbreviation": "ccom",
            "city": "北京市"
        },
        {
            "id": 1406,
            "name": "中国音乐学院",
            "website": "http://www.ccmusic.edu.cn/",
            "provinceId": 1,
            "level": "本科",
            "abbreviation": "ccmusic",
            "city": "北京市"
        },
        {
            "id": 1407,
            "name": "中央美术学院",
            "website": "http://www.cafa.edu.cn/",
            "provinceId": 1,
            "level": "本科",
            "abbreviation": "cafa",
            "city": "北京市"
        },
        {
            "id": 1408,
            "name": "中央戏剧学院",
            "website": "http://www.chntheatre.edu.cn/",
            "provinceId": 1,
            "level": "本科",
            "abbreviation": "chntheatre",
            "city": "北京市"
        },
        {
            "id": 1409,
            "name": "中国戏曲学院",
            "website": "http://www.nacta.edu.cn/",
            "provinceId": 1,
            "level": "本科",
            "abbreviation": "nacta",
            "city": "北京市"
        },
        {
            "id": 1410,
            "name": "北京电影学院",
            "website": "http://www.bfa.edu.cn/",
            "provinceId": 1,
            "level": "本科",
            "abbreviation": "bfa",
            "city": "北京市"
        },
        {
            "id": 1411,
            "name": "北京舞蹈学院",
            "website": "http://www.bda.edu.cn/",
            "provinceId": 1,
            "level": "本科",
            "abbreviation": "bda",
            "city": "北京市"
        },
        {
            "id": 1412,
            "name": "中央民族大学",
            "website": "http://www.muc.edu.cn/",
            "provinceId": 1,
            "level": "本科",
            "abbreviation": "muc",
            "city": "北京市"
        },
        {
            "id": 1413,
            "name": "中国政法大学",
            "website": "http://www.cupl.edu.cn/",
            "provinceId": 1,
            "level": "本科",
            "abbreviation": "cupl",
            "city": "北京市"
        },
        {
            "id": 1414,
            "name": "华北电力大学",
            "website": "http://www.ncepu.edu.cn/",
            "provinceId": 1,
            "level": "本科",
            "abbreviation": "ncepu",
            "city": "北京市"
        },
        {
            "id": 1415,
            "name": "中华女子学院",
            "website": "http://www.cwu.edu.cn/",
            "provinceId": 1,
            "level": "本科",
            "abbreviation": "cwu",
            "city": "北京市"
        },
        {
            "id": 1416,
            "name": "北京信息科技大学",
            "website": "http://www.bistu.edu.cn/",
            "provinceId": 1,
            "level": "本科",
            "abbreviation": "bistu",
            "city": "北京市"
        },
        {
            "id": 1417,
            "name": "中国矿业大学（北京）",
            "website": "http://www.cumtb.edu.cn/",
            "provinceId": 1,
            "level": "本科",
            "abbreviation": "cumtb",
            "city": "北京市"
        },
        {
            "id": 1418,
            "name": "中国石油大学（北京）",
            "website": "http://www.cup.edu.cn/",
            "provinceId": 1,
            "level": "本科",
            "abbreviation": "cup",
            "city": "北京市"
        },
        {
            "id": 1419,
            "name": "中国地质大学（北京）",
            "website": "http://www.cugb.edu.cn/",
            "provinceId": 1,
            "level": "本科",
            "abbreviation": "cugb",
            "city": "北京市"
        },
        {
            "id": 1420,
            "name": "北京联合大学",
            "website": "http://www.buu.edu.cn/",
            "provinceId": 1,
            "level": "本科",
            "abbreviation": "buu",
            "city": "北京市"
        },
        {
            "id": 1421,
            "name": "北京城市学院",
            "website": "http://www.bcu.edu.cn/",
            "provinceId": 1,
            "level": "本科",
            "abbreviation": "bcu",
            "city": "北京市"
        },
        {
            "id": 1422,
            "name": "中国青年政治学院",
            "website": "http://www.cyu.edu.cn/",
            "provinceId": 1,
            "level": "本科",
            "abbreviation": "cyu",
            "city": "北京市"
        },
        {
            "id": 1423,
            "name": "首钢工学院",
            "website": "http://www.sgit.edu.cn/",
            "provinceId": 1,
            "level": "本科",
            "abbreviation": "sgit",
            "city": "北京市"
        },
        {
            "id": 1424,
            "name": "中国劳动关系学院",
            "website": "http://www.ciir.edu.cn/",
            "provinceId": 1,
            "level": "本科",
            "abbreviation": "ciir",
            "city": "北京市"
        },
        {
            "id": 1425,
            "name": "北京吉利学院",
            "website": "http://www.bgu.edu.cn/",
            "provinceId": 1,
            "level": "本科",
            "abbreviation": "bgu",
            "city": "北京市"
        },
        {
            "id": 1426,
            "name": "首都师范大学科德学院",
            "website": "http://www.kdcnu.com/",
            "provinceId": 1,
            "level": "本科",
            "abbreviation": "kdcnu",
            "city": "北京市"
        },
        {
            "id": 1427,
            "name": "北京工商大学嘉华学院",
            "website": "http://www.canvard.com.cn/",
            "provinceId": 1,
            "level": "本科",
            "abbreviation": "canvard",
            "city": "北京市"
        },
        {
            "id": 1428,
            "name": "北京邮电大学世纪学院",
            "website": "http://www.ccbupt.cn/",
            "provinceId": 1,
            "level": "本科",
            "abbreviation": "ccbupt",
            "city": "北京市"
        },
        {
            "id": 1429,
            "name": "北京工业大学耿丹学院",
            "website": "http://www.gengdan.cn/",
            "provinceId": 1,
            "level": "本科",
            "abbreviation": "gengdan",
            "city": "北京市"
        },
        {
            "id": 1430,
            "name": "北京警察学院",
            "website": "http://www.bjpc.edu.cn/",
            "provinceId": 1,
            "level": "本科",
            "abbreviation": "bjpc",
            "city": "北京市"
        },
        {
            "id": 1431,
            "name": "北京第二外国语学院中瑞酒店管理学院",
            "website": "http://www.bhi.edu.cn/",
            "provinceId": 1,
            "level": "本科",
            "abbreviation": "bhi",
            "city": "北京市"
        },
        {
            "id": 1432,
            "name": "中国科学院大学",
            "website": "http://www.gucas.ac.cn/",
            "provinceId": 1,
            "level": "本科",
            "abbreviation": "gucas",
            "city": "北京市"
        },
        {
            "id": 1433,
            "name": "中国社会科学院大学",
            "website": "http://ucass.gscass.cn/",
            "provinceId": 1,
            "level": "本科",
            "abbreviation": "gscass",
            "city": "北京市"
        },
        {
            "id": 1434,
            "name": "北京工业职业技术学院",
            "website": "http://www.bgy.org.cn/",
            "provinceId": 1,
            "level": "专科",
            "abbreviation": "bgy",
            "city": "北京市"
        },
        {
            "id": 1435,
            "name": "北京信息职业技术学院",
            "website": "http://www.bitc.edu.cn/",
            "provinceId": 1,
            "level": "专科",
            "abbreviation": "bitc",
            "city": "北京市"
        },
        {
            "id": 1436,
            "name": "北京电子科技职业学院",
            "website": "http://www.dky.bjedu.cn/",
            "provinceId": 1,
            "level": "专科",
            "abbreviation": "dky",
            "city": "北京市"
        },
        {
            "id": 1437,
            "name": "北京京北职业技术学院",
            "website": "http://www.jbzy.com.cn/",
            "provinceId": 1,
            "level": "专科",
            "abbreviation": "jbzy",
            "city": "北京市"
        },
        {
            "id": 1438,
            "name": "北京交通职业技术学院",
            "website": "http://www.jtxy.com.cn/",
            "provinceId": 1,
            "level": "专科",
            "abbreviation": "jtxy",
            "city": "北京市"
        },
        {
            "id": 1439,
            "name": "北京青年政治学院",
            "website": "http://www.bjypc.edu.cn/",
            "provinceId": 1,
            "level": "专科",
            "abbreviation": "bjypc",
            "city": "北京市"
        },
        {
            "id": 1440,
            "name": "北京农业职业学院",
            "website": "http://www.bvca.edu.cn/",
            "provinceId": 1,
            "level": "专科",
            "abbreviation": "bvca",
            "city": "北京市"
        },
        {
            "id": 1441,
            "name": "北京政法职业学院",
            "website": "http://www.bcpl.cn/",
            "provinceId": 1,
            "level": "专科",
            "abbreviation": "bcpl",
            "city": "北京市"
        },
        {
            "id": 1442,
            "name": "北京财贸职业学院",
            "website": "http://www.bjczy.edu.cn/",
            "provinceId": 1,
            "level": "专科",
            "abbreviation": "bjczy",
            "city": "北京市"
        },
        {
            "id": 1443,
            "name": "北京北大方正软件职业技术学院",
            "website": "http://www.pfc.edu.cn/",
            "provinceId": 1,
            "level": "专科",
            "abbreviation": "pfc",
            "city": "北京市"
        },
        {
            "id": 1444,
            "name": "北京经贸职业学院",
            "website": "http://www.csuedu.com/",
            "provinceId": 1,
            "level": "专科",
            "abbreviation": "csuedu",
            "city": "北京市"
        },
        {
            "id": 1445,
            "name": "北京经济技术职业学院",
            "website": "http://www.tangedu.cn/",
            "provinceId": 1,
            "level": "专科",
            "abbreviation": "tangedu",
            "city": "北京市"
        },
        {
            "id": 1446,
            "name": "北京戏曲艺术职业学院",
            "website": "http://www.bjxx.com.cn/",
            "provinceId": 1,
            "level": "专科",
            "abbreviation": "bjxx",
            "city": "北京市"
        },
        {
            "id": 1447,
            "name": "北京汇佳职业学院",
            "website": "http://www.hju.net.cn/",
            "provinceId": 1,
            "level": "专科",
            "abbreviation": "hju",
            "city": "北京市"
        },
        {
            "id": 1448,
            "name": "北京科技经营管理学院",
            "website": "http://www.bjjsy1985.cn/",
            "provinceId": 1,
            "level": "专科",
            "abbreviation": "bjjsy1985",
            "city": "北京市"
        },
        {
            "id": 1449,
            "name": "北京科技职业学院",
            "website": "http://www.5aaa.com/",
            "provinceId": 1,
            "level": "专科",
            "abbreviation": "5aaa",
            "city": "北京市"
        },
        {
            "id": 1450,
            "name": "北京培黎职业学院",
            "website": "http://www.bjpldx.edu.cn/",
            "provinceId": 1,
            "level": "专科",
            "abbreviation": "bjpldx",
            "city": "北京市"
        },
        {
            "id": 1451,
            "name": "北京经济管理职业学院",
            "website": "http://www.biem.edu.cn/",
            "provinceId": 1,
            "level": "专科",
            "abbreviation": "biem",
            "city": "北京市"
        },
        {
            "id": 1452,
            "name": "北京劳动保障职业学院",
            "website": "http://www.bvclss.cn/",
            "provinceId": 1,
            "level": "专科",
            "abbreviation": "bvclss",
            "city": "北京市"
        },
        {
            "id": 1453,
            "name": "北京社会管理职业学院",
            "website": "http://www.bcsa.edu.cn/",
            "provinceId": 1,
            "level": "专科",
            "abbreviation": "bcsa",
            "city": "北京市"
        },
        {
            "id": 1454,
            "name": "北京艺术传媒职业学院",
            "website": "http://www.bjamu.cn/",
            "provinceId": 1,
            "level": "专科",
            "abbreviation": "bjamu",
            "city": "北京市"
        },
        {
            "id": 1455,
            "name": "北京体育职业学院",
            "website": "http://www.bjtzhy.org/",
            "provinceId": 1,
            "level": "专科",
            "abbreviation": "bjtzhy",
            "city": "北京市"
        },
        {
            "id": 1456,
            "name": "北京交通运输职业学院",
            "website": "http://www.bjjtxx.com/",
            "provinceId": 1,
            "level": "专科",
            "abbreviation": "bjjtxx",
            "city": "北京市"
        },
        {
            "id": 1457,
            "name": "北京卫生职业学院",
            "website": "http://www.bjwsxx.com/",
            "provinceId": 1,
            "level": "专科",
            "abbreviation": "bjwsxx",
            "city": "北京市"
        },
        {
            "id": 1458,
            "name": "北京网络职业学院",
            "website": "http://www.bjwlxy.org.cn/",
            "provinceId": 1,
            "level": "专科",
            "abbreviation": "bjwlxy",
            "city": "北京市"
        }
    ]
}