{
    "university": [
        {
            "id": 1636,
            "name": "山西大学",
            "website": "http://www.sxu.edu.cn/",
            "provinceId": 4,
            "level": "本科",
            "abbreviation": "sxu",
            "city": "太原市"
        },
        {
            "id": 1637,
            "name": "太原科技大学",
            "website": "http://www.tyust.edu.cn/",
            "provinceId": 4,
            "level": "本科",
            "abbreviation": "tyust",
            "city": "太原市"
        },
        {
            "id": 1638,
            "name": "中北大学",
            "website": "http://www.nuc.edu.cn/",
            "provinceId": 4,
            "level": "本科",
            "abbreviation": "nuc",
            "city": "太原市"
        },
        {
            "id": 1639,
            "name": "太原理工大学",
            "website": "http://www.tyut.edu.cn/",
            "provinceId": 4,
            "level": "本科",
            "abbreviation": "tyut",
            "city": "太原市"
        },
        {
            "id": 1641,
            "name": "山西医科大学",
            "website": "http://www.sxmu.edu.cn/",
            "provinceId": 4,
            "level": "本科",
            "abbreviation": "sxmu",
            "city": "太原市"
        },
        {
            "id": 1644,
            "name": "太原师范学院",
            "website": "http://www.tynu.edu.cn/",
            "provinceId": 4,
            "level": "本科",
            "abbreviation": "tynu",
            "city": "太原市"
        },
        {
            "id": 1650,
            "name": "山西财经大学",
            "website": "http://www.sxufe.edu.cn/",
            "provinceId": 4,
            "level": "本科",
            "abbreviation": "sxufe",
            "city": "太原市"
        },
        {
            "id": 1651,
            "name": "山西中医药大学",
            "website": "http://www.sxtcm.com/",
            "provinceId": 4,
            "level": "本科",
            "abbreviation": "sxtcm",
            "city": "太原市"
        },
        {
            "id": 1653,
            "name": "太原学院",
            "website": "http://www.sxtyu.com/",
            "provinceId": 4,
            "level": "本科",
            "abbreviation": "sxtyu",
            "city": "太原市"
        },
        {
            "id": 1654,
            "name": "山西警察学院",
            "website": "http://www.sxpc.edu.cn/",
            "provinceId": 4,
            "level": "本科",
            "abbreviation": "sxpc",
            "city": "太原市"
        },
        {
            "id": 1655,
            "name": "山西应用科技学院",
            "website": "http://www.sxxh.org/",
            "provinceId": 4,
            "level": "本科",
            "abbreviation": "sxxh",
            "city": "太原市"
        },
        {
            "id": 1656,
            "name": "山西大学商务学院",
            "website": "http://www.sdsy.sxu.edu.cn/",
            "provinceId": 4,
            "level": "本科",
            "abbreviation": "sdsy",
            "city": "太原市"
        },
        {
            "id": 1657,
            "name": "太原理工大学现代科技学院",
            "website": "http://www.xdkj.tyut.edu.cn/",
            "provinceId": 4,
            "level": "本科",
            "abbreviation": "xdkj",
            "city": "太原市"
        },
        {
            "id": 1660,
            "name": "中北大学信息商务学院",
            "website": "http://xxsw.nuc.edu.cn/",
            "provinceId": 4,
            "level": "本科",
            "abbreviation": "nuc",
            "city": "太原市"
        },
        {
            "id": 1661,
            "name": "太原科技大学华科学院",
            "website": "http://www.kdhk.cn/",
            "provinceId": 4,
            "level": "本科",
            "abbreviation": "kdhk",
            "city": "太原市"
        },
        {
            "id": 1662,
            "name": "山西医科大学晋祠学院",
            "website": "http://www.sxmu-jcc.com/",
            "provinceId": 4,
            "level": "本科",
            "abbreviation": "sxmu-jcc",
            "city": "太原市"
        },
        {
            "id": 1663,
            "name": "山西财经大学华商学院",
            "website": "http://www.schsxy.com/",
            "provinceId": 4,
            "level": "本科",
            "abbreviation": "schsxy",
            "city": "太原市"
        },
        {
            "id": 1664,
            "name": "山西工商学院",
            "website": "http://www.sxtbu.net/",
            "provinceId": 4,
            "level": "本科",
            "abbreviation": "sxtbu",
            "city": "太原市"
        },
        {
            "id": 1665,
            "name": "太原工业学院",
            "website": "http://www.tit.edu.cn/",
            "provinceId": 4,
            "level": "本科",
            "abbreviation": "tit",
            "city": "太原市"
        },
        {
            "id": 1666,
            "name": "山西传媒学院",
            "website": "http://www.arft.net/",
            "provinceId": 4,
            "level": "本科",
            "abbreviation": "arft",
            "city": "太原市"
        },
        {
            "id": 1669,
            "name": "山西省财政税务专科学校",
            "website": "http://www.sxftc.edu.cn/",
            "provinceId": 4,
            "level": "专科",
            "abbreviation": "sxftc",
            "city": "太原市"
        },
        {
            "id": 1671,
            "name": "山西艺术职业学院",
            "website": "http://www.sxyz.com/",
            "provinceId": 4,
            "level": "专科",
            "abbreviation": "sxyz",
            "city": "太原市"
        },
        {
            "id": 1673,
            "name": "山西建筑职业技术学院",
            "website": "http://www.sxatc.com/",
            "provinceId": 4,
            "level": "专科",
            "abbreviation": "sxatc",
            "city": "太原市"
        },
        {
            "id": 1674,
            "name": "山西药科职业学院",
            "website": "http://www.sxbac.net.cn/",
            "provinceId": 4,
            "level": "专科",
            "abbreviation": "sxbac",
            "city": "太原市"
        },
        {
            "id": 1675,
            "name": "山西工程职业技术学院",
            "website": "http://www.sxgy.edu.cn/",
            "provinceId": 4,
            "level": "专科",
            "abbreviation": "sxgy",
            "city": "太原市"
        },
        {
            "id": 1676,
            "name": "山西交通职业技术学院",
            "website": "http://www.sxjt.edu.cn/",
            "provinceId": 4,
            "level": "专科",
            "abbreviation": "sxjt",
            "city": "太原市"
        },
        {
            "id": 1679,
            "name": "山西戏剧职业学院",
            "website": "http://www.shanxixjxy.com/",
            "provinceId": 4,
            "level": "专科",
            "abbreviation": "shanxixjxy",
            "city": "太原市"
        },
        {
            "id": 1680,
            "name": "山西财贸职业技术学院",
            "website": "http://www.sxcmvc.com/",
            "provinceId": 4,
            "level": "专科",
            "abbreviation": "sxcmvc",
            "city": "太原市"
        },
        {
            "id": 1681,
            "name": "山西林业职业技术学院",
            "website": "http://www.sxly.com.cn/",
            "provinceId": 4,
            "level": "专科",
            "abbreviation": "sxly",
            "city": "太原市"
        },
        {
            "id": 1682,
            "name": "山西水利职业技术学院",
            "website": "http://www.sxsy.com.cn/",
            "provinceId": 4,
            "level": "专科",
            "abbreviation": "sxsy",
            "city": "太原市"
        },
        {
            "id": 1685,
            "name": "山西职业技术学院",
            "website": "http://www.sxzzy.cn/",
            "provinceId": 4,
            "level": "专科",
            "abbreviation": "sxzzy",
            "city": "太原市"
        },
        {
            "id": 1686,
            "name": "山西煤炭职业技术学院",
            "website": "http://www.sxmtxy.com.cn/",
            "provinceId": 4,
            "level": "专科",
            "abbreviation": "sxmtxy",
            "city": "太原市"
        },
        {
            "id": 1687,
            "name": "山西金融职业学院",
            "website": "http://www.sxjrzyxy.com/",
            "provinceId": 4,
            "level": "专科",
            "abbreviation": "sxjrzyxy",
            "city": "太原市"
        },
        {
            "id": 1688,
            "name": "太原城市职业技术学院",
            "website": "http://www.cntcvc.com/",
            "provinceId": 4,
            "level": "专科",
            "abbreviation": "cntcvc",
            "city": "太原市"
        },
        {
            "id": 1690,
            "name": "山西体育职业学院",
            "website": "http://www.sxptc.com/",
            "provinceId": 4,
            "level": "专科",
            "abbreviation": "sxptc",
            "city": "太原市"
        },
        {
            "id": 1691,
            "name": "山西警官职业学院",
            "website": "http://www.sxpolice.cn/",
            "provinceId": 4,
            "level": "专科",
            "abbreviation": "sxpolice",
            "city": "太原市"
        },
        {
            "id": 1692,
            "name": "山西国际商务职业学院",
            "website": "http://www.sxibs.com/",
            "provinceId": 4,
            "level": "专科",
            "abbreviation": "sxibs",
            "city": "太原市"
        },
        {
            "id": 1694,
            "name": "太原旅游职业学院",
            "website": "http://www.tylyzyxy.com/",
            "provinceId": 4,
            "level": "专科",
            "abbreviation": "tylyzyxy",
            "city": "太原市"
        },
        {
            "id": 1695,
            "name": "山西旅游职业学院",
            "website": "http://www.sxtvi.com.cn/",
            "provinceId": 4,
            "level": "专科",
            "abbreviation": "sxtvi",
            "city": "太原市"
        },
        {
            "id": 1697,
            "name": "山西电力职业技术学院",
            "website": "http://www.vtep.edu.cn/",
            "provinceId": 4,
            "level": "专科",
            "abbreviation": "vtep",
            "city": "太原市"
        },
        {
            "id": 1701,
            "name": "山西华澳商贸职业学院",
            "website": "http://www.huaao.sx.cn/",
            "provinceId": 4,
            "level": "专科",
            "abbreviation": "huaao",
            "city": "太原市"
        },
        {
            "id": 1704,
            "name": "山西老区职业技术学院",
            "website": "http://www.sxlqzy.cn/",
            "provinceId": 4,
            "level": "专科",
            "abbreviation": "sxlqzy",
            "city": "太原市"
        },
        {
            "id": 1705,
            "name": "山西经贸职业学院",
            "website": "http://www.sxemc.com/",
            "provinceId": 4,
            "level": "专科",
            "abbreviation": "sxemc",
            "city": "太原市"
        },
        {
            "id": 1708,
            "name": "山西轻工职业技术学院",
            "website": "http://www.sxqgzy.cn/",
            "provinceId": 4,
            "level": "专科",
            "abbreviation": "sxqgzy",
            "city": "太原市"
        },
        {
            "id": 1711,
            "name": "山西青年职业学院",
            "website": "http://www.sxqzy.cn/",
            "provinceId": 4,
            "level": "专科",
            "abbreviation": "sxqzy",
            "city": "太原市"
        }
    ]
}