{
    "university": [
        {
            "id": 1769,
            "name": "大连理工大学",
            "website": "http://www.dlut.edu.cn/",
            "provinceId": 6,
            "level": "本科",
            "abbreviation": "dlut",
            "city": "大连市"
        },
        {
            "id": 1778,
            "name": "大连交通大学",
            "website": "http://www.djtu.edu.cn/",
            "provinceId": 6,
            "level": "本科",
            "abbreviation": "djtu",
            "city": "大连市"
        },
        {
            "id": 1779,
            "name": "大连海事大学",
            "website": "http://www.dlmu.edu.cn/",
            "provinceId": 6,
            "level": "本科",
            "abbreviation": "dlmu",
            "city": "大连市"
        },
        {
            "id": 1780,
            "name": "大连工业大学",
            "website": "http://www.dlpu.edu.cn/",
            "provinceId": 6,
            "level": "本科",
            "abbreviation": "dlpu",
            "city": "大连市"
        },
        {
            "id": 1784,
            "name": "大连海洋大学",
            "website": "http://www.dlou.edu.cn/",
            "provinceId": 6,
            "level": "本科",
            "abbreviation": "dlou",
            "city": "大连市"
        },
        {
            "id": 1787,
            "name": "大连医科大学",
            "website": "http://www.dlmedu.edu.cn/",
            "provinceId": 6,
            "level": "本科",
            "abbreviation": "dlmedu",
            "city": "大连市"
        },
        {
            "id": 1791,
            "name": "辽宁师范大学",
            "website": "http://www.lnnu.edu.cn/",
            "provinceId": 6,
            "level": "本科",
            "abbreviation": "lnnu",
            "city": "大连市"
        },
        {
            "id": 1795,
            "name": "大连外国语大学",
            "website": "http://www.dlufl.edu.cn",
            "provinceId": 6,
            "level": "本科",
            "abbreviation": "dlufl",
            "city": "大连市"
        },
        {
            "id": 1796,
            "name": "东北财经大学",
            "website": "http://www.dufe.edu.cn/",
            "provinceId": 6,
            "level": "本科",
            "abbreviation": "dufe",
            "city": "大连市"
        },
        {
            "id": 1801,
            "name": "辽宁对外经贸学院",
            "website": "http://www.luibe.edu.cn/",
            "provinceId": 6,
            "level": "本科",
            "abbreviation": "luibe",
            "city": "大连市"
        },
        {
            "id": 1803,
            "name": "大连大学",
            "website": "http://www.dlu.edu.cn/",
            "provinceId": 6,
            "level": "本科",
            "abbreviation": "dlu",
            "city": "大连市"
        },
        {
            "id": 1805,
            "name": "辽宁警察学院",
            "website": "http://www.lnpc.cn/",
            "provinceId": 6,
            "level": "本科",
            "abbreviation": "lnpc",
            "city": "大连市"
        },
        {
            "id": 1808,
            "name": "大连民族大学",
            "website": "http://www.dlnu.edu.cn/",
            "provinceId": 6,
            "level": "本科",
            "abbreviation": "dlnu",
            "city": "大连市"
        },
        {
            "id": 1809,
            "name": "大连理工大学城市学院",
            "website": "http://city.dlut.edu.cn/",
            "provinceId": 6,
            "level": "本科",
            "abbreviation": "dlut",
            "city": "大连市"
        },
        {
            "id": 1813,
            "name": "大连工业大学艺术与信息工程学院",
            "website": "http://www.caie.org/",
            "provinceId": 6,
            "level": "本科",
            "abbreviation": "caie",
            "city": "大连市"
        },
        {
            "id": 1814,
            "name": "大连科技学院",
            "website": "http://www.dist.edu.cn/",
            "provinceId": 6,
            "level": "本科",
            "abbreviation": "dist",
            "city": "大连市"
        },
        {
            "id": 1817,
            "name": "大连医科大学中山学院",
            "website": "http://www.dmuzs.edu.cn/",
            "provinceId": 6,
            "level": "本科",
            "abbreviation": "dmuzs",
            "city": "大连市"
        },
        {
            "id": 1819,
            "name": "辽宁师范大学海华学院",
            "website": "http://haihua.lnnu.edu.cn/",
            "provinceId": 6,
            "level": "本科",
            "abbreviation": "lnnu",
            "city": "大连市"
        },
        {
            "id": 1821,
            "name": "大连财经学院",
            "website": "http://www.kingbridge.net/",
            "provinceId": 6,
            "level": "本科",
            "abbreviation": "kingbridge",
            "city": "大连市"
        },
        {
            "id": 1824,
            "name": "大连艺术学院",
            "website": "http://www.dac.edu.cn/",
            "provinceId": 6,
            "level": "本科",
            "abbreviation": "dac",
            "city": "大连市"
        },
        {
            "id": 1828,
            "name": "大连东软信息学院",
            "website": "http://www.neusoft.edu.cn/",
            "provinceId": 6,
            "level": "本科",
            "abbreviation": "neusoft",
            "city": "大连市"
        },
        {
            "id": 1837,
            "name": "大连职业技术学院",
            "website": "http://www.dlvtc.edu.cn/",
            "provinceId": 6,
            "level": "专科",
            "abbreviation": "dlvtc",
            "city": "大连市"
        },
        {
            "id": 1843,
            "name": "辽宁税务高等专科学校",
            "website": "http://www.dltaxedu.com/",
            "provinceId": 6,
            "level": "专科",
            "abbreviation": "dltaxedu",
            "city": "大连市"
        },
        {
            "id": 1850,
            "name": "大连商务职业学院",
            "website": "http://www.dlswedu.com/",
            "provinceId": 6,
            "level": "专科",
            "abbreviation": "dlswedu",
            "city": "大连市"
        },
        {
            "id": 1858,
            "name": "大连软件职业学院",
            "website": "http://www.rjedu.com/",
            "provinceId": 6,
            "level": "专科",
            "abbreviation": "rjedu",
            "city": "大连市"
        },
        {
            "id": 1859,
            "name": "大连翻译职业学院",
            "website": "http://www.dltcedu.org/",
            "provinceId": 6,
            "level": "专科",
            "abbreviation": "dltcedu",
            "city": "大连市"
        },
        {
            "id": 1861,
            "name": "大连枫叶职业技术学院",
            "website": "http://www.dmlit.cn/",
            "provinceId": 6,
            "level": "专科",
            "abbreviation": "dmlit",
            "city": "大连市"
        },
        {
            "id": 1867,
            "name": "大连航运职业技术学院",
            "website": "http://www.dlsc.net.cn/",
            "provinceId": 6,
            "level": "专科",
            "abbreviation": "dlsc",
            "city": "大连市"
        },
        {
            "id": 1868,
            "name": "大连装备制造职业技术学院",
            "website": "http://www.dlzbzzedu.com/",
            "provinceId": 6,
            "level": "专科",
            "abbreviation": "dlzbzzedu",
            "city": "大连市"
        },
        {
            "id": 1869,
            "name": "大连汽车职业技术学院",
            "website": "http://www.dlqcxy.com/",
            "provinceId": 6,
            "level": "专科",
            "abbreviation": "dlqcxy",
            "city": "大连市"
        },
        {
            "id": 1879,
            "name": "辽宁轻工职业学院",
            "website": "http://www.lnqg.com.cn/",
            "provinceId": 6,
            "level": "专科",
            "abbreviation": "lnqg",
            "city": "大连市"
        }
    ]
}