{
    "university": [
        {
            "id": 1459,
            "name": "南开大学",
            "website": "http://www.nankai.edu.cn/",
            "provinceId": 2,
            "level": "本科",
            "abbreviation": "nankai",
            "city": "天津市"
        },
        {
            "id": 1460,
            "name": "天津大学",
            "website": "http://www.tju.edu.cn/",
            "provinceId": 2,
            "level": "本科",
            "abbreviation": "tju",
            "city": "天津市"
        },
        {
            "id": 1461,
            "name": "天津科技大学",
            "website": "http://www.tuli.edu.cn/",
            "provinceId": 2,
            "level": "本科",
            "abbreviation": "tuli",
            "city": "天津市"
        },
        {
            "id": 1462,
            "name": "天津工业大学",
            "website": "http://www.tjpu.edu.cn/",
            "provinceId": 2,
            "level": "本科",
            "abbreviation": "tjpu",
            "city": "天津市"
        },
        {
            "id": 1463,
            "name": "中国民航大学",
            "website": "http://www.cauc.edu.cn/",
            "provinceId": 2,
            "level": "本科",
            "abbreviation": "cauc",
            "city": "天津市"
        },
        {
            "id": 1464,
            "name": "天津理工大学",
            "website": "http://www.tjut.edu.cn/",
            "provinceId": 2,
            "level": "本科",
            "abbreviation": "tjut",
            "city": "天津市"
        },
        {
            "id": 1465,
            "name": "天津农学院",
            "website": "http://www.tjac.edu.cn/",
            "provinceId": 2,
            "level": "本科",
            "abbreviation": "tjac",
            "city": "天津市"
        },
        {
            "id": 1466,
            "name": "天津医科大学",
            "website": "http://www.tijmu.edu.cn/",
            "provinceId": 2,
            "level": "本科",
            "abbreviation": "tijmu",
            "city": "天津市"
        },
        {
            "id": 1467,
            "name": "天津中医药大学",
            "website": "http://www.tjutcm.edu.cn/",
            "provinceId": 2,
            "level": "本科",
            "abbreviation": "tjutcm",
            "city": "天津市"
        },
        {
            "id": 1468,
            "name": "天津师范大学",
            "website": "http://www.tjnu.edu.cn/",
            "provinceId": 2,
            "level": "本科",
            "abbreviation": "tjnu",
            "city": "天津市"
        },
        {
            "id": 1469,
            "name": "天津职业技术师范大学",
            "website": "http://www.tute.edu.cn/",
            "provinceId": 2,
            "level": "本科",
            "abbreviation": "tute",
            "city": "天津市"
        },
        {
            "id": 1470,
            "name": "天津外国语大学",
            "website": "http://www.tjfsu.edu.cn/",
            "provinceId": 2,
            "level": "本科",
            "abbreviation": "tjfsu",
            "city": "天津市"
        },
        {
            "id": 1471,
            "name": "天津商业大学",
            "website": "http://www.tjcu.edu.cn/",
            "provinceId": 2,
            "level": "本科",
            "abbreviation": "tjcu",
            "city": "天津市"
        },
        {
            "id": 1472,
            "name": "天津财经大学",
            "website": "http://www.tjufe.edu.cn/",
            "provinceId": 2,
            "level": "本科",
            "abbreviation": "tjufe",
            "city": "天津市"
        },
        {
            "id": 1473,
            "name": "天津体育学院",
            "website": "http://www.tjus.edu.cn/",
            "provinceId": 2,
            "level": "本科",
            "abbreviation": "tjus",
            "city": "天津市"
        },
        {
            "id": 1474,
            "name": "天津音乐学院",
            "website": "http://www.tjcm.edu.cn/",
            "provinceId": 2,
            "level": "本科",
            "abbreviation": "tjcm",
            "city": "天津市"
        },
        {
            "id": 1475,
            "name": "天津美术学院",
            "website": "http://www.tjarts.edu.cn/",
            "provinceId": 2,
            "level": "本科",
            "abbreviation": "tjarts",
            "city": "天津市"
        },
        {
            "id": 1476,
            "name": "天津城建大学",
            "website": "http://www.tjuci.edu.cn/",
            "provinceId": 2,
            "level": "本科",
            "abbreviation": "tjuci",
            "city": "天津市"
        },
        {
            "id": 1477,
            "name": "天津天狮学院",
            "website": "http://www.tianshi.edu.cn/",
            "provinceId": 2,
            "level": "本科",
            "abbreviation": "tianshi",
            "city": "天津市"
        },
        {
            "id": 1478,
            "name": "天津中德应用技术大学",
            "website": "http://www.zdtj.cn/",
            "provinceId": 2,
            "level": "本科",
            "abbreviation": "zdtj",
            "city": "天津市"
        },
        {
            "id": 1479,
            "name": "天津外国语学院滨海外事学院",
            "website": "http://bhws.tjfsu.edu.cn/",
            "provinceId": 2,
            "level": "本科",
            "abbreviation": "tjfsu",
            "city": "天津市"
        },
        {
            "id": 1480,
            "name": "天津体育学院运动与文化艺术学院",
            "website": "http://www.tjtwy.cn/",
            "provinceId": 2,
            "level": "本科",
            "abbreviation": "tjtwy",
            "city": "天津市"
        },
        {
            "id": 1481,
            "name": "天津商业大学宝德学院",
            "website": "http://www.boustead.edu.cn/",
            "provinceId": 2,
            "level": "本科",
            "abbreviation": "boustead",
            "city": "天津市"
        },
        {
            "id": 1482,
            "name": "天津医科大学临床医学院",
            "website": "http://www.tijmu.edu.cn/lcyxy/",
            "provinceId": 2,
            "level": "本科",
            "abbreviation": "tijmu",
            "city": "天津市"
        },
        {
            "id": 1483,
            "name": "南开大学滨海学院",
            "website": "http://binhai.nankai.edu.cn/",
            "provinceId": 2,
            "level": "本科",
            "abbreviation": "nankai",
            "city": "天津市"
        },
        {
            "id": 1484,
            "name": "天津师范大学津沽学院",
            "website": "http://www.jinguxy.cn/",
            "provinceId": 2,
            "level": "本科",
            "abbreviation": "jinguxy",
            "city": "天津市"
        },
        {
            "id": 1485,
            "name": "天津理工大学中环信息学院",
            "website": "http://www.tjzhic.com/",
            "provinceId": 2,
            "level": "本科",
            "abbreviation": "tjzhic",
            "city": "天津市"
        },
        {
            "id": 1486,
            "name": "北京科技大学天津学院",
            "website": "http://tj.ustb.edu.cn/",
            "provinceId": 2,
            "level": "本科",
            "abbreviation": "ustb",
            "city": "天津市"
        },
        {
            "id": 1487,
            "name": "天津大学仁爱学院",
            "website": "http://www.tjrac.edu.cn/",
            "provinceId": 2,
            "level": "本科",
            "abbreviation": "tjrac",
            "city": "天津市"
        },
        {
            "id": 1488,
            "name": "天津财经大学珠江学院",
            "website": "http://zhujiang.tjufe.edu.cn/",
            "provinceId": 2,
            "level": "本科",
            "abbreviation": "tjufe",
            "city": "天津市"
        },
        {
            "id": 1489,
            "name": "天津职业大学",
            "website": "http://www.tjtc.edu.cn/",
            "provinceId": 2,
            "level": "专科",
            "abbreviation": "tjtc",
            "city": "天津市"
        },
        {
            "id": 1490,
            "name": "天津滨海职业学院",
            "website": "http://www.tjbpi.com/",
            "provinceId": 2,
            "level": "专科",
            "abbreviation": "tjbpi",
            "city": "天津市"
        },
        {
            "id": 1491,
            "name": "天津工程职业技术学院",
            "website": "http://www.tjeti.com/",
            "provinceId": 2,
            "level": "专科",
            "abbreviation": "tjeti",
            "city": "天津市"
        },
        {
            "id": 1492,
            "name": "天津青年职业学院",
            "website": "http://www.tjqnzyxy.cn/",
            "provinceId": 2,
            "level": "专科",
            "abbreviation": "tjqnzyxy",
            "city": "天津市"
        },
        {
            "id": 1493,
            "name": "天津渤海职业技术学院",
            "website": "http://www.tjbhzy.com/",
            "provinceId": 2,
            "level": "专科",
            "abbreviation": "tjbhzy",
            "city": "天津市"
        },
        {
            "id": 1494,
            "name": "天津电子信息职业技术学院",
            "website": "http://www.tjdz.net/",
            "provinceId": 2,
            "level": "专科",
            "abbreviation": "tjdz",
            "city": "天津市"
        },
        {
            "id": 1495,
            "name": "天津机电职业技术学院",
            "website": "http://www.suoyuan.com.cn/",
            "provinceId": 2,
            "level": "专科",
            "abbreviation": "suoyuan",
            "city": "天津市"
        },
        {
            "id": 1496,
            "name": "天津现代职业技术学院",
            "website": "http://www.xdxy.com.cn/",
            "provinceId": 2,
            "level": "专科",
            "abbreviation": "xdxy",
            "city": "天津市"
        },
        {
            "id": 1497,
            "name": "天津公安警官职业学院",
            "website": "http://www.tjjingyuan.cn/",
            "provinceId": 2,
            "level": "专科",
            "abbreviation": "tjjingyuan",
            "city": "天津市"
        },
        {
            "id": 1498,
            "name": "天津轻工职业技术学院",
            "website": "http://www.tjlivtc.edu.cn/",
            "provinceId": 2,
            "level": "专科",
            "abbreviation": "tjlivtc",
            "city": "天津市"
        },
        {
            "id": 1499,
            "name": "天津商务职业学院",
            "website": "http://www.tifert.edu.cn/",
            "provinceId": 2,
            "level": "专科",
            "abbreviation": "tifert",
            "city": "天津市"
        },
        {
            "id": 1500,
            "name": "天津国土资源和房屋职业学院",
            "website": "http://www.tjgsxy.com.cn/",
            "provinceId": 2,
            "level": "专科",
            "abbreviation": "tjgsxy",
            "city": "天津市"
        },
        {
            "id": 1501,
            "name": "天津医学高等专科学校",
            "website": "http://www.tjyzh.cn/",
            "provinceId": 2,
            "level": "专科",
            "abbreviation": "tjyzh",
            "city": "天津市"
        },
        {
            "id": 1502,
            "name": "天津开发区职业技术学院",
            "website": "http://www.tedazj.com/",
            "provinceId": 2,
            "level": "专科",
            "abbreviation": "tedazj",
            "city": "天津市"
        },
        {
            "id": 1503,
            "name": "天津艺术职业学院",
            "website": "http://www.tjysxy.com/",
            "provinceId": 2,
            "level": "专科",
            "abbreviation": "tjysxy",
            "city": "天津市"
        },
        {
            "id": 1504,
            "name": "天津交通职业学院",
            "website": "http://www.tjtvc.com/",
            "provinceId": 2,
            "level": "专科",
            "abbreviation": "tjtvc",
            "city": "天津市"
        },
        {
            "id": 1505,
            "name": "天津冶金职业技术学院",
            "website": "http://www.tjmvti.cn/",
            "provinceId": 2,
            "level": "专科",
            "abbreviation": "tjmvti",
            "city": "天津市"
        },
        {
            "id": 1506,
            "name": "天津石油职业技术学院",
            "website": "http://www.tjsyxy.com/",
            "provinceId": 2,
            "level": "专科",
            "abbreviation": "tjsyxy",
            "city": "天津市"
        },
        {
            "id": 1507,
            "name": "天津城市职业学院",
            "website": "http://www.tjcsxy.cn/",
            "provinceId": 2,
            "level": "专科",
            "abbreviation": "tjcsxy",
            "city": "天津市"
        },
        {
            "id": 1508,
            "name": "天津铁道职业技术学院",
            "website": "http://www.tjtdxy.cn/",
            "provinceId": 2,
            "level": "专科",
            "abbreviation": "tjtdxy",
            "city": "天津市"
        },
        {
            "id": 1509,
            "name": "天津工艺美术职业学院",
            "website": "http://www.gmtj.com/",
            "provinceId": 2,
            "level": "专科",
            "abbreviation": "gmtj",
            "city": "天津市"
        },
        {
            "id": 1510,
            "name": "天津城市建设管理职业技术学院",
            "website": "http://www.tjchengjian.com/",
            "provinceId": 2,
            "level": "专科",
            "abbreviation": "tjchengjia",
            "city": "天津市"
        },
        {
            "id": 1511,
            "name": "天津生物工程职业技术学院",
            "website": "http://www.tjbio.cn/",
            "provinceId": 2,
            "level": "专科",
            "abbreviation": "tjbio",
            "city": "天津市"
        },
        {
            "id": 1512,
            "name": "天津海运职业学院",
            "website": "http://www.tjmvi.cn/",
            "provinceId": 2,
            "level": "专科",
            "abbreviation": "tjmvi",
            "city": "天津市"
        },
        {
            "id": 1513,
            "name": "天津广播影视职业学院",
            "website": "http://www.tjgbys.com/",
            "provinceId": 2,
            "level": "专科",
            "abbreviation": "tjgbys",
            "city": "天津市"
        },
        {
            "id": 1514,
            "name": "天津滨海汽车工程职业学院",
            "website": "http://www.tqzyxy.com/",
            "provinceId": 2,
            "level": "专科",
            "abbreviation": "tqzyxy",
            "city": "天津市"
        },
        {
            "id": 1518,
            "name": "河北工业大学",
            "website": "http://www.hebut.edu.cn/",
            "provinceId": 3,
            "level": "本科",
            "abbreviation": "hebut",
            "city": "天津市"
        },
        {
            "id": 1562,
            "name": "河北工业大学城市学院",
            "website": "http://cc.hebut.edu.cn/",
            "provinceId": 3,
            "level": "本科",
            "abbreviation": "hebut",
            "city": "天津市"
        }
    ]
}