{
    "university": [
        {
            "id": 1640,
            "name": "山西农业大学",
            "website": "http://www.sxau.edu.cn/",
            "provinceId": 4,
            "level": "本科",
            "abbreviation": "sxau",
            "city": "太谷县"
        },
        {
            "id": 1658,
            "name": "山西农业大学信息学院",
            "website": "http://www.cisau.com.cn/",
            "provinceId": 4,
            "level": "本科",
            "abbreviation": "cisau",
            "city": "太谷县"
        }
    ]
}