{
    "university": [
        {
            "id": 3676,
            "name": "大理大学",
            "website": "http://www.dali.edu.cn/",
            "provinceId": 25,
            "level": "本科",
            "abbreviation": "dali",
            "city": "大理市"
        },
        {
            "id": 3736,
            "name": "大理农林职业技术学院",
            "website": "http://www.dlcaf.com/",
            "provinceId": 25,
            "level": "专科",
            "abbreviation": "dlcaf",
            "city": "大理市"
        }
    ]
}