{
    "university": [
        {
            "id": 3848,
            "name": "天水师范学院",
            "website": "http://www.tsnc.edu.cn/",
            "provinceId": 28,
            "level": "本科",
            "abbreviation": "tsnc",
            "city": "天水市"
        },
        {
            "id": 3870,
            "name": "甘肃林业职业技术学院",
            "website": "http://www.gsfc.edu.cn/",
            "provinceId": 28,
            "level": "专科",
            "abbreviation": "gsfc",
            "city": "天水市"
        },
        {
            "id": 3871,
            "name": "甘肃工业职业技术学院",
            "website": "http://www.gipc.edu.cn/",
            "provinceId": 28,
            "level": "专科",
            "abbreviation": "gipc",
            "city": "天水市"
        },
        {
            "id": 3878,
            "name": "甘肃机电职业技术学院",
            "website": "http://www.gsjdxy.com/",
            "provinceId": 28,
            "level": "专科",
            "abbreviation": "gsjdxy",
            "city": "天水市"
        }
    ]
}