{
    "university": [
        {
            "id": 1645,
            "name": "山西大同大学",
            "website": "http://www.sxdtdx.edu.cn/",
            "provinceId": 4,
            "level": "本科",
            "abbreviation": "sxdtdx",
            "city": "大同市"
        },
        {
            "id": 1677,
            "name": "大同煤炭职业技术学院",
            "website": "http://www.dtmtxy.cn/",
            "provinceId": 4,
            "level": "专科",
            "abbreviation": "dtmtxy",
            "city": "大同市"
        }
    ]
}