{
    "university": [
        {
            "id": 1949,
            "name": "东北石油大学",
            "website": "http://www.nepu.edu.cn/",
            "provinceId": 8,
            "level": "本科",
            "abbreviation": "nepu",
            "city": "大庆市"
        },
        {
            "id": 1951,
            "name": "黑龙江八一农垦大学",
            "website": "http://www.hlau.cn/",
            "provinceId": 8,
            "level": "本科",
            "abbreviation": "hlau",
            "city": "大庆市"
        },
        {
            "id": 1961,
            "name": "大庆师范学院",
            "website": "http://www.dqsy.net/",
            "provinceId": 8,
            "level": "本科",
            "abbreviation": "dqsy",
            "city": "大庆市"
        },
        {
            "id": 1989,
            "name": "大庆职业学院",
            "website": "http://www.dqzyxy.net/",
            "provinceId": 8,
            "level": "专科",
            "abbreviation": "dqzyxy",
            "city": "大庆市"
        },
        {
            "id": 2014,
            "name": "大庆医学高等专科学校",
            "website": "http://dqyz.petrodaqing.com/",
            "provinceId": 8,
            "level": "专科",
            "abbreviation": "petrodaqin",
            "city": "大庆市"
        }
    ]
}