{
    "university": [
        {
            "id": 2834,
            "name": "商丘师范学院",
            "website": "http://www.sqnc.edu.cn/",
            "provinceId": 16,
            "level": "本科",
            "abbreviation": "sqnc",
            "city": "商丘市"
        },
        {
            "id": 2857,
            "name": "商丘工学院",
            "website": "http://www.sstvc.com/",
            "provinceId": 16,
            "level": "本科",
            "abbreviation": "sstvc",
            "city": "商丘市"
        },
        {
            "id": 2866,
            "name": "商丘学院",
            "website": "http://www.hnhyedu.net/",
            "provinceId": 16,
            "level": "本科",
            "abbreviation": "hnhyedu",
            "city": "商丘市"
        },
        {
            "id": 2881,
            "name": "商丘职业技术学院",
            "website": "http://www.sqzy.com.cn/",
            "provinceId": 16,
            "level": "专科",
            "abbreviation": "sqzy",
            "city": "商丘市"
        },
        {
            "id": 2895,
            "name": "商丘医学高等专科学校",
            "website": "http://www.sqyx.edu.cn/",
            "provinceId": 16,
            "level": "专科",
            "abbreviation": "sqyx",
            "city": "商丘市"
        }
    ]
}