{
    "university": [
        {
            "id": 3774,
            "name": "商洛学院",
            "website": "http://www.slxy.cn/",
            "provinceId": 27,
            "level": "本科",
            "abbreviation": "slxy",
            "city": "商洛市"
        },
        {
            "id": 3826,
            "name": "商洛职业技术学院",
            "website": "http://www.slzyjsxy.com/",
            "provinceId": 27,
            "level": "专科",
            "abbreviation": "slzyjsxy",
            "city": "商洛市"
        }
    ]
}