{
    "university": [
        {
            "id": 1944,
            "name": "黑龙江大学",
            "website": "http://www.hlju.edu.cn/",
            "provinceId": 8,
            "level": "本科",
            "abbreviation": "hlju",
            "city": "哈尔滨市"
        },
        {
            "id": 1945,
            "name": "哈尔滨工业大学",
            "website": "http://www.hit.edu.cn/",
            "provinceId": 8,
            "level": "本科",
            "abbreviation": "hit",
            "city": "哈尔滨市"
        },
        {
            "id": 1946,
            "name": "哈尔滨理工大学",
            "website": "http://www.hrbust.edu.cn/",
            "provinceId": 8,
            "level": "本科",
            "abbreviation": "hrbust",
            "city": "哈尔滨市"
        },
        {
            "id": 1947,
            "name": "哈尔滨工程大学",
            "website": "http://www.hrbeu.edu.cn/",
            "provinceId": 8,
            "level": "本科",
            "abbreviation": "hrbeu",
            "city": "哈尔滨市"
        },
        {
            "id": 1948,
            "name": "黑龙江科技大学",
            "website": "http://www.usth.edu.cn/",
            "provinceId": 8,
            "level": "本科",
            "abbreviation": "usth",
            "city": "哈尔滨市"
        },
        {
            "id": 1952,
            "name": "东北农业大学",
            "website": "http://www.neau.edu.cn/",
            "provinceId": 8,
            "level": "本科",
            "abbreviation": "neau",
            "city": "哈尔滨市"
        },
        {
            "id": 1953,
            "name": "东北林业大学",
            "website": "http://www.nefu.edu.cn/",
            "provinceId": 8,
            "level": "本科",
            "abbreviation": "nefu",
            "city": "哈尔滨市"
        },
        {
            "id": 1954,
            "name": "哈尔滨医科大学",
            "website": "http://www.hrbmu.edu.cn/",
            "provinceId": 8,
            "level": "本科",
            "abbreviation": "hrbmu",
            "city": "哈尔滨市"
        },
        {
            "id": 1955,
            "name": "黑龙江中医药大学",
            "website": "http://www.hljucm.net/",
            "provinceId": 8,
            "level": "本科",
            "abbreviation": "hljucm",
            "city": "哈尔滨市"
        },
        {
            "id": 1957,
            "name": "哈尔滨师范大学",
            "website": "http://www.hrbnu.edu.cn/",
            "provinceId": 8,
            "level": "本科",
            "abbreviation": "hrbnu",
            "city": "哈尔滨市"
        },
        {
            "id": 1960,
            "name": "哈尔滨学院",
            "website": "http://www.hrbu.edu.cn/",
            "provinceId": 8,
            "level": "本科",
            "abbreviation": "hrbu",
            "city": "哈尔滨市"
        },
        {
            "id": 1963,
            "name": "哈尔滨商业大学",
            "website": "http://www.hrbcu.edu.cn/",
            "provinceId": 8,
            "level": "本科",
            "abbreviation": "hrbcu",
            "city": "哈尔滨市"
        },
        {
            "id": 1964,
            "name": "哈尔滨体育学院",
            "website": "http://www.hrbipe.edu.cn/",
            "provinceId": 8,
            "level": "本科",
            "abbreviation": "hrbipe",
            "city": "哈尔滨市"
        },
        {
            "id": 1965,
            "name": "哈尔滨金融学院",
            "website": "http://www.hrbfu.edu.cn/",
            "provinceId": 8,
            "level": "本科",
            "abbreviation": "hrbfu",
            "city": "哈尔滨市"
        },
        {
            "id": 1968,
            "name": "黑龙江东方学院",
            "website": "http://www.dfxy.net/",
            "provinceId": 8,
            "level": "本科",
            "abbreviation": "dfxy",
            "city": "哈尔滨市"
        },
        {
            "id": 1969,
            "name": "哈尔滨信息工程学院",
            "website": "http://www.hxci.com.cn/",
            "provinceId": 8,
            "level": "本科",
            "abbreviation": "hxci",
            "city": "哈尔滨市"
        },
        {
            "id": 1970,
            "name": "黑龙江工程学院",
            "website": "http://www.hljit.edu.cn/",
            "provinceId": 8,
            "level": "本科",
            "abbreviation": "hljit",
            "city": "哈尔滨市"
        },
        {
            "id": 1972,
            "name": "黑龙江外国语学院",
            "website": "http://www.hiu.edu.cn/",
            "provinceId": 8,
            "level": "本科",
            "abbreviation": "hiu",
            "city": "哈尔滨市"
        },
        {
            "id": 1973,
            "name": "黑龙江财经学院",
            "website": "http://www.hfu.edu.cn/",
            "provinceId": 8,
            "level": "本科",
            "abbreviation": "hfu",
            "city": "哈尔滨市"
        },
        {
            "id": 1974,
            "name": "哈尔滨石油学院",
            "website": "http://www.hr-edu.com/",
            "provinceId": 8,
            "level": "本科",
            "abbreviation": "hr-edu",
            "city": "哈尔滨市"
        },
        {
            "id": 1975,
            "name": "黑龙江工商学院",
            "website": "http://www.hgs-edu.cn/",
            "provinceId": 8,
            "level": "本科",
            "abbreviation": "hgs-edu",
            "city": "哈尔滨市"
        },
        {
            "id": 1976,
            "name": "哈尔滨远东理工学院",
            "website": "http://www.fe-edu.com.cn/",
            "provinceId": 8,
            "level": "本科",
            "abbreviation": "fe-edu",
            "city": "哈尔滨市"
        },
        {
            "id": 1977,
            "name": "哈尔滨剑桥学院",
            "website": "http://www.jqu.net.cn/",
            "provinceId": 8,
            "level": "本科",
            "abbreviation": "jqu",
            "city": "哈尔滨市"
        },
        {
            "id": 1978,
            "name": "黑龙江工程学院昆仑旅游学院",
            "website": "http://www.kllyxy.com/",
            "provinceId": 8,
            "level": "本科",
            "abbreviation": "kllyxy",
            "city": "哈尔滨市"
        },
        {
            "id": 1979,
            "name": "哈尔滨广厦学院",
            "website": "http://www.gsxy.cn/",
            "provinceId": 8,
            "level": "本科",
            "abbreviation": "gsxy",
            "city": "哈尔滨市"
        },
        {
            "id": 1980,
            "name": "哈尔滨华德学院",
            "website": "http://www.hithd.net/",
            "provinceId": 8,
            "level": "本科",
            "abbreviation": "hithd",
            "city": "哈尔滨市"
        },
        {
            "id": 1982,
            "name": "哈尔滨音乐学院",
            "website": "http://www.hrbcm.edu.cn/",
            "provinceId": 8,
            "level": "本科",
            "abbreviation": "hrbcm",
            "city": "哈尔滨市"
        },
        {
            "id": 1986,
            "name": "黑龙江职业学院",
            "website": "http://www.hljp.edu.cn/",
            "provinceId": 8,
            "level": "专科",
            "abbreviation": "hljp",
            "city": "哈尔滨市"
        },
        {
            "id": 1987,
            "name": "黑龙江建筑职业技术学院",
            "website": "http://www.hcc.net.cn/",
            "provinceId": 8,
            "level": "专科",
            "abbreviation": "hcc",
            "city": "哈尔滨市"
        },
        {
            "id": 1988,
            "name": "黑龙江艺术职业学院",
            "website": "http://www.hljyzy.org.cn/",
            "provinceId": 8,
            "level": "专科",
            "abbreviation": "hljyzy",
            "city": "哈尔滨市"
        },
        {
            "id": 1992,
            "name": "黑龙江农业工程职业学院",
            "website": "http://www.hngzy.com/",
            "provinceId": 8,
            "level": "专科",
            "abbreviation": "hngzy",
            "city": "哈尔滨市"
        },
        {
            "id": 1993,
            "name": "黑龙江农垦职业学院",
            "website": "http://www.nkzy.com/",
            "provinceId": 8,
            "level": "专科",
            "abbreviation": "nkzy",
            "city": "哈尔滨市"
        },
        {
            "id": 1994,
            "name": "黑龙江司法警官职业学院",
            "website": "http://www.hlsfjx.com/",
            "provinceId": 8,
            "level": "专科",
            "abbreviation": "hlsfjx",
            "city": "哈尔滨市"
        },
        {
            "id": 1996,
            "name": "哈尔滨电力职业技术学院",
            "website": "http://www.hl.sgcc.com.cn/hdy/",
            "provinceId": 8,
            "level": "专科",
            "abbreviation": "hl",
            "city": "哈尔滨市"
        },
        {
            "id": 1997,
            "name": "哈尔滨铁道职业技术学院",
            "website": "http://www.htxy.net/",
            "provinceId": 8,
            "level": "专科",
            "abbreviation": "htxy",
            "city": "哈尔滨市"
        },
        {
            "id": 2000,
            "name": "哈尔滨职业技术学院",
            "website": "http://www.hzjxy.net/",
            "provinceId": 8,
            "level": "专科",
            "abbreviation": "hzjxy",
            "city": "哈尔滨市"
        },
        {
            "id": 2001,
            "name": "哈尔滨传媒职业学院",
            "website": "http://www.hrbmcc.com/",
            "provinceId": 8,
            "level": "专科",
            "abbreviation": "hrbmcc",
            "city": "哈尔滨市"
        },
        {
            "id": 2002,
            "name": "黑龙江生物科技职业学院",
            "website": "http://www.swkj.net/",
            "provinceId": 8,
            "level": "专科",
            "abbreviation": "swkj",
            "city": "哈尔滨市"
        },
        {
            "id": 2004,
            "name": "黑龙江公安警官职业学院",
            "website": "http://www.hlpolice.com/",
            "provinceId": 8,
            "level": "专科",
            "abbreviation": "hlpolice",
            "city": "哈尔滨市"
        },
        {
            "id": 2005,
            "name": "黑龙江信息技术职业学院",
            "website": "http://www.hljitpc.com/",
            "provinceId": 8,
            "level": "专科",
            "abbreviation": "hljitpc",
            "city": "哈尔滨市"
        },
        {
            "id": 2006,
            "name": "哈尔滨城市职业学院",
            "website": "http://www.13451.cn/",
            "provinceId": 8,
            "level": "专科",
            "abbreviation": "13451",
            "city": "哈尔滨市"
        },
        {
            "id": 2007,
            "name": "黑龙江农垦科技职业学院",
            "website": "http://www.nkkjxy.com/",
            "provinceId": 8,
            "level": "专科",
            "abbreviation": "nkkjxy",
            "city": "哈尔滨市"
        },
        {
            "id": 2008,
            "name": "黑龙江旅游职业技术学院",
            "website": "http://www.ljly.net/",
            "provinceId": 8,
            "level": "专科",
            "abbreviation": "ljly",
            "city": "哈尔滨市"
        },
        {
            "id": 2009,
            "name": "黑龙江三江美术职业学院",
            "website": "http://www.sjmsxy.net.cn/",
            "provinceId": 8,
            "level": "专科",
            "abbreviation": "sjmsxy",
            "city": "哈尔滨市"
        },
        {
            "id": 2010,
            "name": "黑龙江生态工程职业学院",
            "website": "http://www.hfmc.net/",
            "provinceId": 8,
            "level": "专科",
            "abbreviation": "hfmc",
            "city": "哈尔滨市"
        },
        {
            "id": 2013,
            "name": "黑龙江民族职业学院",
            "website": "http://www.mvcollege.com/",
            "provinceId": 8,
            "level": "专科",
            "abbreviation": "mvcollege",
            "city": "哈尔滨市"
        },
        {
            "id": 2016,
            "name": "哈尔滨应用职业技术学院",
            "website": "http://www.hyyzy.com/",
            "provinceId": 8,
            "level": "专科",
            "abbreviation": "hyyzy",
            "city": "哈尔滨市"
        },
        {
            "id": 2018,
            "name": "哈尔滨科学技术职业学院",
            "website": "http://www.hrbkjzy.cn/",
            "provinceId": 8,
            "level": "专科",
            "abbreviation": "hrbkjzy",
            "city": "哈尔滨市"
        },
        {
            "id": 2019,
            "name": "黑龙江粮食职业学院",
            "website": "http://www.hljgvc.com/",
            "provinceId": 8,
            "level": "专科",
            "abbreviation": "hljgvc",
            "city": "哈尔滨市"
        },
        {
            "id": 2021,
            "name": "黑龙江护理高等专科学校",
            "website": "http://www.hljhlgz.com/",
            "provinceId": 8,
            "level": "专科",
            "abbreviation": "hljhlgz",
            "city": "哈尔滨市"
        },
        {
            "id": 2023,
            "name": "哈尔滨幼儿师范高等专科学校",
            "website": "http://www.hayouzhuan.com/",
            "provinceId": 8,
            "level": "专科",
            "abbreviation": "hayouzhuan",
            "city": "哈尔滨市"
        },
        {
            "id": 2024,
            "name": "黑龙江冰雪体育职业学院",
            "website": "http://www.vcws.edu.cn/",
            "provinceId": 8,
            "level": "专科",
            "abbreviation": "vcws",
            "city": "哈尔滨市"
        }
    ]
}