{
    "university": [
        {
            "id": 1519,
            "name": "华北理工大学",
            "website": "http://www.ncst.edu.cn/",
            "provinceId": 3,
            "level": "本科",
            "abbreviation": "ncst",
            "city": "唐山市"
        },
        {
            "id": 1530,
            "name": "唐山师范学院",
            "website": "http://www.tstc.edu.cn/",
            "provinceId": 3,
            "level": "本科",
            "abbreviation": "tstc",
            "city": "唐山市"
        },
        {
            "id": 1540,
            "name": "唐山学院",
            "website": "http://www.tsc.edu.cn/",
            "provinceId": 3,
            "level": "本科",
            "abbreviation": "tsc",
            "city": "唐山市"
        },
        {
            "id": 1555,
            "name": "华北理工大学轻工学院",
            "website": "http://www.qgxy.cn/",
            "provinceId": 3,
            "level": "本科",
            "abbreviation": "qgxy",
            "city": "唐山市"
        },
        {
            "id": 1567,
            "name": "华北理工大学冀唐学院",
            "website": "http://jtxy.heuu.edu.cn/",
            "provinceId": 3,
            "level": "本科",
            "abbreviation": "heuu",
            "city": "唐山市"
        },
        {
            "id": 1587,
            "name": "河北能源职业技术学院",
            "website": "http://www.hbnyxy.cn/",
            "provinceId": 3,
            "level": "专科",
            "abbreviation": "hbnyxy",
            "city": "唐山市"
        },
        {
            "id": 1593,
            "name": "唐山职业技术学院",
            "website": "http://www.tsvtc.com/",
            "provinceId": 3,
            "level": "专科",
            "abbreviation": "tsvtc",
            "city": "唐山市"
        },
        {
            "id": 1595,
            "name": "唐山工业职业技术学院",
            "website": "http://www.tsgzy.edu.cn/",
            "provinceId": 3,
            "level": "专科",
            "abbreviation": "tsgzy",
            "city": "唐山市"
        },
        {
            "id": 1608,
            "name": "唐山科技职业技术学院",
            "website": "http://www.tskjzy.cn/",
            "provinceId": 3,
            "level": "专科",
            "abbreviation": "tskjzy",
            "city": "唐山市"
        },
        {
            "id": 1634,
            "name": "唐山幼儿师范高等专科学校",
            "website": "http://www.tsyzh.com/",
            "provinceId": 3,
            "level": "专科",
            "abbreviation": "tsyzh",
            "city": "唐山市"
        },
        {
            "id": 1635,
            "name": "曹妃甸职业技术学院",
            "website": "http://www.cct.edu.cn/",
            "provinceId": 3,
            "level": "专科",
            "abbreviation": "cct",
            "city": "唐山市"
        }
    ]
}