{
    "university": [
        {
            "id": 2274,
            "name": "嘉兴学院",
            "website": "http://www.zjxu.edu.cn/",
            "provinceId": 11,
            "level": "本科",
            "abbreviation": "zjxu",
            "city": "嘉兴市"
        },
        {
            "id": 2307,
            "name": "嘉兴学院南湖学院",
            "website": "http://nhxy.zjxu.edu.cn/",
            "provinceId": 11,
            "level": "本科",
            "abbreviation": "zjxu",
            "city": "嘉兴市"
        },
        {
            "id": 2311,
            "name": "同济大学浙江学院",
            "website": "http://www.tjzj.edu.cn/",
            "provinceId": 11,
            "level": "本科",
            "abbreviation": "tjzj",
            "city": "嘉兴市"
        },
        {
            "id": 2339,
            "name": "嘉兴职业技术学院",
            "website": "http://www.jxvtc.net/",
            "provinceId": 11,
            "level": "专科",
            "abbreviation": "jxvtc",
            "city": "嘉兴市"
        },
        {
            "id": 2349,
            "name": "嘉兴南洋职业技术学院",
            "website": "http://www.jxnyc.net/",
            "provinceId": 11,
            "level": "专科",
            "abbreviation": "jxnyc",
            "city": "嘉兴市"
        }
    ]
}