{
    "university": [
        {
            "id": 2828,
            "name": "信阳师范学院",
            "website": "http://www.xytc.edu.cn/",
            "provinceId": 16,
            "level": "本科",
            "abbreviation": "xytc",
            "city": "信阳市"
        },
        {
            "id": 2842,
            "name": "信阳农林学院",
            "website": "http://www.xyac.edu.cn/",
            "provinceId": 16,
            "level": "本科",
            "abbreviation": "xyac",
            "city": "信阳市"
        },
        {
            "id": 2860,
            "name": "信阳学院",
            "website": "http://www.hrxy.edu.cn/",
            "provinceId": 16,
            "level": "本科",
            "abbreviation": "hrxy",
            "city": "信阳市"
        },
        {
            "id": 2897,
            "name": "信阳职业技术学院",
            "website": "http://www.xyvtc.edu.cn/",
            "provinceId": 16,
            "level": "专科",
            "abbreviation": "xyvtc",
            "city": "信阳市"
        },
        {
            "id": 2928,
            "name": "信阳涉外职业技术学院",
            "website": "http://www.xyswxy.com/",
            "provinceId": 16,
            "level": "专科",
            "abbreviation": "xyswxy",
            "city": "信阳市"
        }
    ]
}