{
    "university": [
        {
            "id": 1649,
            "name": "忻州师范学院",
            "website": "http://www.xztc.edu.cn/",
            "provinceId": 4,
            "level": "本科",
            "abbreviation": "xztc",
            "city": "忻州市"
        },
        {
            "id": 1698,
            "name": "忻州职业技术学院",
            "website": "http://www.xzvtc.com/",
            "provinceId": 4,
            "level": "专科",
            "abbreviation": "xzvtc",
            "city": "忻州市"
        }
    ]
}