{
    "university": [
        {
            "id": 3682,
            "name": "保山学院",
            "website": "http://www.bsnc.cn/",
            "provinceId": 25,
            "level": "本科",
            "abbreviation": "bsnc",
            "city": "保山市"
        },
        {
            "id": 3722,
            "name": "保山中医药高等专科学校",
            "website": "http://www.bszyz.cn/",
            "provinceId": 25,
            "level": "专科",
            "abbreviation": "bszyz",
            "city": "保山市"
        }
    ]
}