{
    "university": [
        {
            "id": 1515,
            "name": "河北大学",
            "website": "http://www.hbu.edu.cn/",
            "provinceId": 3,
            "level": "本科",
            "abbreviation": "hbu",
            "city": "保定市"
        },
        {
            "id": 1523,
            "name": "河北农业大学",
            "website": "http://www.hebau.edu.cn/",
            "provinceId": 3,
            "level": "本科",
            "abbreviation": "hebau",
            "city": "保定市"
        },
        {
            "id": 1528,
            "name": "保定学院",
            "website": "http://www.bdu.edu.cn/",
            "provinceId": 3,
            "level": "本科",
            "abbreviation": "bdu",
            "city": "保定市"
        },
        {
            "id": 1544,
            "name": "河北金融学院",
            "website": "http://www.bdcf.net/",
            "provinceId": 3,
            "level": "本科",
            "abbreviation": "bdcf",
            "city": "保定市"
        },
        {
            "id": 1548,
            "name": "中央司法警官学院",
            "website": "http://www.cicp.edu.cn/",
            "provinceId": 3,
            "level": "本科",
            "abbreviation": "cicp",
            "city": "保定市"
        },
        {
            "id": 1552,
            "name": "河北科技学院",
            "website": "http://www.hbkjxy.cn/",
            "provinceId": 3,
            "level": "本科",
            "abbreviation": "hbkjxy",
            "city": "保定市"
        },
        {
            "id": 1554,
            "name": "河北大学工商学院",
            "website": "http://www.hicc.cn/",
            "provinceId": 3,
            "level": "本科",
            "abbreviation": "hicc",
            "city": "保定市"
        },
        {
            "id": 1560,
            "name": "华北电力大学科技学院",
            "website": "http://www.hdky.edu.cn/",
            "provinceId": 3,
            "level": "本科",
            "abbreviation": "hdky",
            "city": "保定市"
        },
        {
            "id": 1566,
            "name": "河北农业大学现代科技学院",
            "website": "http://xianke.hebau.edu.cn/",
            "provinceId": 3,
            "level": "本科",
            "abbreviation": "hebau",
            "city": "保定市"
        },
        {
            "id": 1568,
            "name": "中国地质大学长城学院",
            "website": "http://www.cuggw.com/",
            "provinceId": 3,
            "level": "本科",
            "abbreviation": "cuggw",
            "city": "保定市"
        },
        {
            "id": 1582,
            "name": "河北软件职业技术学院",
            "website": "http://www.hbsi.edu.cn/",
            "provinceId": 3,
            "level": "专科",
            "abbreviation": "hbsi",
            "city": "保定市"
        },
        {
            "id": 1589,
            "name": "保定职业技术学院",
            "website": "http://www.bvtc.com.cn/",
            "provinceId": 3,
            "level": "专科",
            "abbreviation": "bvtc",
            "city": "保定市"
        },
        {
            "id": 1604,
            "name": "保定电力职业技术学院",
            "website": "http://www.bddy.cn/",
            "provinceId": 3,
            "level": "专科",
            "abbreviation": "bddy",
            "city": "保定市"
        },
        {
            "id": 1632,
            "name": "河北工艺美术职业学院",
            "website": "http://www.1964.cn/",
            "provinceId": 3,
            "level": "专科",
            "abbreviation": "1964",
            "city": "保定市"
        }
    ]
}