{
    "university": [
        {
            "id": 3355,
            "name": "广西民族师范学院",
            "website": "http://www.gxnun.net/",
            "provinceId": 20,
            "level": "本科",
            "abbreviation": "gxnun",
            "city": "崇左市"
        },
        {
            "id": 3407,
            "name": "广西理工职业技术学院",
            "website": "http://www.gxlgxy.com/",
            "provinceId": 20,
            "level": "专科",
            "abbreviation": "gxlgxy",
            "city": "崇左市"
        }
    ]
}