{
    "university": [
        {
            "id": 2097,
            "name": "常州大学",
            "website": "http://www.cczu.edu.cn/",
            "provinceId": 10,
            "level": "本科",
            "abbreviation": "cczu",
            "city": "常州市"
        },
        {
            "id": 2122,
            "name": "常州工学院",
            "website": "http://www.czu.cn/",
            "provinceId": 10,
            "level": "本科",
            "abbreviation": "czu",
            "city": "常州市"
        },
        {
            "id": 2128,
            "name": "江苏理工学院",
            "website": "http://www.jstu.edu.cn/",
            "provinceId": 10,
            "level": "本科",
            "abbreviation": "jstu",
            "city": "常州市"
        },
        {
            "id": 2185,
            "name": "常州信息职业技术学院",
            "website": "http://www.ccit.js.cn/",
            "provinceId": 10,
            "level": "专科",
            "abbreviation": "ccit",
            "city": "常州市"
        },
        {
            "id": 2202,
            "name": "常州纺织服装职业技术学院",
            "website": "http://www.cztgi.edu.cn/",
            "provinceId": 10,
            "level": "专科",
            "abbreviation": "cztgi",
            "city": "常州市"
        },
        {
            "id": 2213,
            "name": "常州轻工职业技术学院",
            "website": "http://www.czili.edu.cn/",
            "provinceId": 10,
            "level": "专科",
            "abbreviation": "czili",
            "city": "常州市"
        },
        {
            "id": 2214,
            "name": "常州工程职业技术学院",
            "website": "http://www.czie.net/",
            "provinceId": 10,
            "level": "专科",
            "abbreviation": "czie",
            "city": "常州市"
        },
        {
            "id": 2217,
            "name": "建东职业技术学院",
            "website": "http://www.czjdu.com/",
            "provinceId": 10,
            "level": "专科",
            "abbreviation": "czjdu",
            "city": "常州市"
        },
        {
            "id": 2224,
            "name": "常州机电职业技术学院",
            "website": "http://www.czmec.cn/",
            "provinceId": 10,
            "level": "专科",
            "abbreviation": "czmec",
            "city": "常州市"
        },
        {
            "id": 2252,
            "name": "江苏城乡建设职业学院",
            "website": "http://www.js-cj.com/",
            "provinceId": 10,
            "level": "专科",
            "abbreviation": "js-cj",
            "city": "常州市"
        }
    ]
}