{
    "university": [
        {
            "id": 2689,
            "name": "德州学院",
            "website": "http://www.dzu.edu.cn/",
            "provinceId": 15,
            "level": "本科",
            "abbreviation": "dzu",
            "city": "德州市"
        },
        {
            "id": 2724,
            "name": "山东华宇工学院",
            "website": "http://www.sdhyxy.com/",
            "provinceId": 15,
            "level": "本科",
            "abbreviation": "sdhyxy",
            "city": "德州市"
        },
        {
            "id": 2755,
            "name": "德州科技职业学院",
            "website": "http://www.sddzkj.com/",
            "provinceId": 15,
            "level": "专科",
            "abbreviation": "sddzkj",
            "city": "德州市"
        },
        {
            "id": 2778,
            "name": "德州职业技术学院",
            "website": "http://www.dzvtc.cn/",
            "provinceId": 15,
            "level": "专科",
            "abbreviation": "dzvtc",
            "city": "德州市"
        }
    ]
}