{
    "university": [
        {
            "id": 3090,
            "name": "湖南文理学院",
            "website": "http://www.huas.cn/",
            "provinceId": 18,
            "level": "本科",
            "abbreviation": "huas",
            "city": "常德市"
        },
        {
            "id": 3115,
            "name": "湖南文理学院芙蓉学院",
            "website": "http://fur.huas.cn/",
            "provinceId": 18,
            "level": "本科",
            "abbreviation": "huas",
            "city": "常德市"
        },
        {
            "id": 3123,
            "name": "湖南应用技术学院",
            "website": "http://www.hnyyjsxy.com/",
            "provinceId": 18,
            "level": "本科",
            "abbreviation": "hnyyjsxy",
            "city": "常德市"
        },
        {
            "id": 3159,
            "name": "常德职业技术学院",
            "website": "http://www.cdzy.cn/",
            "provinceId": 18,
            "level": "专科",
            "abbreviation": "cdzy",
            "city": "常德市"
        },
        {
            "id": 3187,
            "name": "湖南高尔夫旅游职业学院",
            "website": "http://www.2823333.com/",
            "provinceId": 18,
            "level": "专科",
            "abbreviation": "2823333",
            "city": "常德市"
        },
        {
            "id": 3194,
            "name": "湖南幼儿师范高等专科学校",
            "website": "http://www.cdgdsf.com/",
            "provinceId": 18,
            "level": "专科",
            "abbreviation": "cdgdsf",
            "city": "常德市"
        }
    ]
}