{
    "university": [
        {
            "id": 1725,
            "name": "集宁师范学院",
            "website": "http://www.jntc.nm.cn/",
            "provinceId": 5,
            "level": "本科",
            "abbreviation": "jntc",
            "city": "乌兰察布"
        },
        {
            "id": 1745,
            "name": "乌兰察布职业学院",
            "website": "http://www.wlcbzyxy.com.cn/",
            "provinceId": 5,
            "level": "专科",
            "abbreviation": "wlcbzyxy",
            "city": "乌兰察布"
        },
        {
            "id": 1756,
            "name": "乌兰察布医学高等专科学校",
            "website": "http://www.wlcbswx.com/",
            "provinceId": 5,
            "level": "专科",
            "abbreviation": "wlcbswx",
            "city": "乌兰察布"
        }
    ]
}