{
    "university": [
        {
            "id": 1726,
            "name": "河套学院",
            "website": "http://www.hetaodaxue.com/",
            "provinceId": 5,
            "level": "本科",
            "abbreviation": "hetaodaxue",
            "city": "巴彦淖尔"
        },
        {
            "id": 1764,
            "name": "内蒙古美术职业学院",
            "website": "http://www.nmgmsxy.net/",
            "provinceId": 5,
            "level": "专科",
            "abbreviation": "nmgmsxy",
            "city": "巴彦淖尔"
        }
    ]
}