{
    "university": [
        {
            "id": 2350,
            "name": "浙江广厦建设职业技术学院",
            "website": "http://www.guangshaxy.com/",
            "provinceId": 11,
            "level": "专科",
            "abbreviation": "guangshaxy",
            "city": "东阳市"
        },
        {
            "id": 2359,
            "name": "浙江横店影视职业学院",
            "website": "http://www.zjhyxy.net/",
            "provinceId": 11,
            "level": "专科",
            "abbreviation": "zjhyxy",
            "city": "东阳市"
        }
    ]
}