{
    "university": [
        {
            "id": 3120,
            "name": "吉首大学张家界学院",
            "website": "http://zjj.jsu.edu.cn/",
            "provinceId": 18,
            "level": "本科",
            "abbreviation": "jsu",
            "city": "张家界市"
        },
        {
            "id": 3152,
            "name": "张家界航空工业职业技术学院",
            "website": "http://www.zjjhy.net/",
            "provinceId": 18,
            "level": "专科",
            "abbreviation": "zjjhy",
            "city": "张家界市"
        }
    ]
}