{
    "university": [
        {
            "id": 3227,
            "name": "电子科技大学中山学院",
            "website": "http://www.zsc.edu.cn/",
            "provinceId": 19,
            "level": "本科",
            "abbreviation": "zsc",
            "city": "中山市"
        },
        {
            "id": 3302,
            "name": "中山火炬职业技术学院",
            "website": "http://www.zstp.cn/",
            "provinceId": 19,
            "level": "专科",
            "abbreviation": "zstp",
            "city": "中山市"
        },
        {
            "id": 3321,
            "name": "中山职业技术学院",
            "website": "http://www.zspt.cn/",
            "provinceId": 19,
            "level": "专科",
            "abbreviation": "zspt",
            "city": "中山市"
        }
    ]
}