{
    "university": [
        {
            "id": 1521,
            "name": "河北建筑工程学院",
            "website": "http://www.hebiace.edu.cn/",
            "provinceId": 3,
            "level": "本科",
            "abbreviation": "hebiace",
            "city": "张家口"
        },
        {
            "id": 1525,
            "name": "河北北方学院",
            "website": "http://www.hebeinu.edu.cn/",
            "provinceId": 3,
            "level": "本科",
            "abbreviation": "hebeinu",
            "city": "张家口"
        },
        {
            "id": 1574,
            "name": "张家口学院",
            "website": "http://www.zjku.edu.cn/",
            "provinceId": 3,
            "level": "本科",
            "abbreviation": "zjku",
            "city": "张家口"
        },
        {
            "id": 1579,
            "name": "张家口职业技术学院",
            "website": "http://www.zhz.cn/",
            "provinceId": 3,
            "level": "专科",
            "abbreviation": "zhz",
            "city": "张家口"
        },
        {
            "id": 1625,
            "name": "宣化科技职业学院",
            "website": "http://www.xhkjzyxy.com/",
            "provinceId": 3,
            "level": "专科",
            "abbreviation": "xhkjzyxy",
            "city": "张家口"
        }
    ]
}