{
    "university": [
        {
            "id": 3197,
            "name": "中山大学",
            "website": "http://www.sysu.edu.cn/",
            "provinceId": 19,
            "level": "本科",
            "abbreviation": "sysu",
            "city": "广州市"
        },
        {
            "id": 3198,
            "name": "暨南大学",
            "website": "http://www.jnu.edu.cn/",
            "provinceId": 19,
            "level": "本科",
            "abbreviation": "jnu",
            "city": "广州市"
        },
        {
            "id": 3200,
            "name": "华南理工大学",
            "website": "http://www.scut.edu.cn/",
            "provinceId": 19,
            "level": "本科",
            "abbreviation": "scut",
            "city": "广州市"
        },
        {
            "id": 3201,
            "name": "华南农业大学",
            "website": "http://www.scau.edu.cn/",
            "provinceId": 19,
            "level": "本科",
            "abbreviation": "scau",
            "city": "广州市"
        },
        {
            "id": 3203,
            "name": "广州医科大学",
            "website": "http://www.gzhmu.edu.cn/",
            "provinceId": 19,
            "level": "本科",
            "abbreviation": "gzhmu",
            "city": "广州市"
        },
        {
            "id": 3205,
            "name": "广州中医药大学",
            "website": "http://www.gzhtcm.edu.cn/",
            "provinceId": 19,
            "level": "本科",
            "abbreviation": "gzhtcm",
            "city": "广州市"
        },
        {
            "id": 3206,
            "name": "广东药科大学",
            "website": "http://www.gdpu.edu.cn/",
            "provinceId": 19,
            "level": "本科",
            "abbreviation": "gdpu",
            "city": "广州市"
        },
        {
            "id": 3207,
            "name": "华南师范大学",
            "website": "http://www.scnu.edu.cn/",
            "provinceId": 19,
            "level": "本科",
            "abbreviation": "scnu",
            "city": "广州市"
        },
        {
            "id": 3214,
            "name": "广州体育学院",
            "website": "http://www.gipe.edu.cn/",
            "provinceId": 19,
            "level": "本科",
            "abbreviation": "gipe",
            "city": "广州市"
        },
        {
            "id": 3215,
            "name": "广州美术学院",
            "website": "http://www.gzarts.edu.cn/",
            "provinceId": 19,
            "level": "本科",
            "abbreviation": "gzarts",
            "city": "广州市"
        },
        {
            "id": 3216,
            "name": "星海音乐学院",
            "website": "http://www.xhcom.edu.cn/",
            "provinceId": 19,
            "level": "本科",
            "abbreviation": "xhcom",
            "city": "广州市"
        },
        {
            "id": 3217,
            "name": "广东技术师范学院",
            "website": "http://www.gdin.edu.cn/",
            "provinceId": 19,
            "level": "本科",
            "abbreviation": "gdin",
            "city": "广州市"
        },
        {
            "id": 3219,
            "name": "广东财经大学",
            "website": "http://www.gdufe.edu.cn/",
            "provinceId": 19,
            "level": "本科",
            "abbreviation": "gdufe",
            "city": "广州市"
        },
        {
            "id": 3220,
            "name": "广东白云学院",
            "website": "http://www.bvtc.edu.cn/",
            "provinceId": 19,
            "level": "本科",
            "abbreviation": "bvtc",
            "city": "广州市"
        },
        {
            "id": 3221,
            "name": "广州大学",
            "website": "http://www.gzhu.edu.cn/",
            "provinceId": 19,
            "level": "本科",
            "abbreviation": "gzhu",
            "city": "广州市"
        },
        {
            "id": 3222,
            "name": "广州航海学院",
            "website": "http://www.gzhmt.edu.cn/",
            "provinceId": 19,
            "level": "本科",
            "abbreviation": "gzhmt",
            "city": "广州市"
        },
        {
            "id": 3223,
            "name": "广东警官学院",
            "website": "http://www.gdppla.edu.cn/",
            "provinceId": 19,
            "level": "本科",
            "abbreviation": "gdppla",
            "city": "广州市"
        },
        {
            "id": 3224,
            "name": "仲恺农业工程学院",
            "website": "http://www.zhku.edu.cn/",
            "provinceId": 19,
            "level": "本科",
            "abbreviation": "zhku",
            "city": "广州市"
        },
        {
            "id": 3226,
            "name": "广东金融学院",
            "website": "http://www.gduf.edu.cn/",
            "provinceId": 19,
            "level": "本科",
            "abbreviation": "gduf",
            "city": "广州市"
        },
        {
            "id": 3230,
            "name": "广东工业大学",
            "website": "http://www.gdut.edu.cn/",
            "provinceId": 19,
            "level": "本科",
            "abbreviation": "gdut",
            "city": "广州市"
        },
        {
            "id": 3231,
            "name": "广东外语外贸大学",
            "website": "http://www.gdufs.edu.cn/",
            "provinceId": 19,
            "level": "本科",
            "abbreviation": "gdufs",
            "city": "广州市"
        },
        {
            "id": 3233,
            "name": "广东培正学院",
            "website": "http://www.peizheng.net.cn/",
            "provinceId": 19,
            "level": "本科",
            "abbreviation": "peizheng",
            "city": "广州市"
        },
        {
            "id": 3234,
            "name": "南方医科大学",
            "website": "http://www.fimmu.com/",
            "provinceId": 19,
            "level": "本科",
            "abbreviation": "fimmu",
            "city": "广州市"
        },
        {
            "id": 3236,
            "name": "华南理工大学广州学院",
            "website": "http://www.gcu.edu.cn/",
            "provinceId": 19,
            "level": "本科",
            "abbreviation": "gcu",
            "city": "广州市"
        },
        {
            "id": 3237,
            "name": "广州大学华软软件学院",
            "website": "http://www.sise.com.cn/",
            "provinceId": 19,
            "level": "本科",
            "abbreviation": "sise",
            "city": "广州市"
        },
        {
            "id": 3238,
            "name": "中山大学南方学院",
            "website": "http://www.nfsysu.cn/",
            "provinceId": 19,
            "level": "本科",
            "abbreviation": "nfsysu",
            "city": "广州市"
        },
        {
            "id": 3239,
            "name": "广东外语外贸大学南国商学院",
            "website": "http://www.gwng.edu.cn/",
            "provinceId": 19,
            "level": "本科",
            "abbreviation": "gwng",
            "city": "广州市"
        },
        {
            "id": 3240,
            "name": "广东财经大学华商学院",
            "website": "http://www.gdhsc.edu.cn/",
            "provinceId": 19,
            "level": "本科",
            "abbreviation": "gdhsc",
            "city": "广州市"
        },
        {
            "id": 3242,
            "name": "华南农业大学珠江学院",
            "website": "http://www.scauzhujiang.cn/",
            "provinceId": 19,
            "level": "本科",
            "abbreviation": "scauzhujia",
            "city": "广州市"
        },
        {
            "id": 3243,
            "name": "广东技术师范学院天河学院",
            "website": "http://www.thxy.cn/",
            "provinceId": 19,
            "level": "本科",
            "abbreviation": "thxy",
            "city": "广州市"
        },
        {
            "id": 3245,
            "name": "广东工业大学华立学院",
            "website": "http://www.hualixy.com/",
            "provinceId": 19,
            "level": "本科",
            "abbreviation": "hualixy",
            "city": "广州市"
        },
        {
            "id": 3246,
            "name": "广州大学松田学院",
            "website": "http://www.sontan.net/",
            "provinceId": 19,
            "level": "本科",
            "abbreviation": "sontan",
            "city": "广州市"
        },
        {
            "id": 3247,
            "name": "广州商学院",
            "website": "http://www.gzcc.cn/",
            "provinceId": 19,
            "level": "本科",
            "abbreviation": "gzcc",
            "city": "广州市"
        },
        {
            "id": 3250,
            "name": "广州工商学院",
            "website": "http://www.gzgs.org.cn/",
            "provinceId": 19,
            "level": "本科",
            "abbreviation": "gzgs",
            "city": "广州市"
        },
        {
            "id": 3254,
            "name": "中山大学新华学院",
            "website": "http://xh.sysu.edu.cn/",
            "provinceId": 19,
            "level": "本科",
            "abbreviation": "sysu",
            "city": "广州市"
        },
        {
            "id": 3255,
            "name": "广东第二师范学院",
            "website": "http://www.gdei.edu.cn/",
            "provinceId": 19,
            "level": "本科",
            "abbreviation": "gdei",
            "city": "广州市"
        },
        {
            "id": 3262,
            "name": "广东轻工职业技术学院",
            "website": "http://www.gdqy.edu.cn/",
            "provinceId": 19,
            "level": "专科",
            "abbreviation": "gdqy",
            "city": "广州市"
        },
        {
            "id": 3263,
            "name": "广东交通职业技术学院",
            "website": "http://www.gdcp.cn/",
            "provinceId": 19,
            "level": "专科",
            "abbreviation": "gdcp",
            "city": "广州市"
        },
        {
            "id": 3264,
            "name": "广东水利电力职业技术学院",
            "website": "http://www.gdsdxy.edu.cn/",
            "provinceId": 19,
            "level": "专科",
            "abbreviation": "gdsdxy",
            "city": "广州市"
        },
        {
            "id": 3267,
            "name": "广东南华工商职业学院",
            "website": "http://www.nhic.edu.cn/",
            "provinceId": 19,
            "level": "专科",
            "abbreviation": "nhic",
            "city": "广州市"
        },
        {
            "id": 3268,
            "name": "私立华联学院",
            "website": "http://www.hlu.edu.cn/",
            "provinceId": 19,
            "level": "专科",
            "abbreviation": "hlu",
            "city": "广州市"
        },
        {
            "id": 3269,
            "name": "广州民航职业技术学院",
            "website": "http://www.caac.net/",
            "provinceId": 19,
            "level": "专科",
            "abbreviation": "caac",
            "city": "广州市"
        },
        {
            "id": 3270,
            "name": "广州番禺职业技术学院",
            "website": "http://www.gzpyp.edu.cn/",
            "provinceId": 19,
            "level": "专科",
            "abbreviation": "gzpyp",
            "city": "广州市"
        },
        {
            "id": 3272,
            "name": "广东农工商职业技术学院",
            "website": "http://www.gdaib.edu.cn/",
            "provinceId": 19,
            "level": "专科",
            "abbreviation": "gdaib",
            "city": "广州市"
        },
        {
            "id": 3275,
            "name": "广东科学技术职业学院",
            "website": "http://www.gdit.edu.cn/",
            "provinceId": 19,
            "level": "专科",
            "abbreviation": "gdit",
            "city": "广州市"
        },
        {
            "id": 3276,
            "name": "广东食品药品职业学院",
            "website": "http://www.gdyzy.edu.cn/",
            "provinceId": 19,
            "level": "专科",
            "abbreviation": "gdyzy",
            "city": "广州市"
        },
        {
            "id": 3277,
            "name": "广州康大职业技术学院",
            "website": "http://www.kdvtc-edu.cn/",
            "provinceId": 19,
            "level": "专科",
            "abbreviation": "kdvtc-edu",
            "city": "广州市"
        },
        {
            "id": 3279,
            "name": "广东行政职业学院",
            "website": "http://www.gdxzzy.cn/",
            "provinceId": 19,
            "level": "专科",
            "abbreviation": "gdxzzy",
            "city": "广州市"
        },
        {
            "id": 3280,
            "name": "广东体育职业技术学院",
            "website": "http://www.gdvcp.net/",
            "provinceId": 19,
            "level": "专科",
            "abbreviation": "gdvcp",
            "city": "广州市"
        },
        {
            "id": 3282,
            "name": "广东建设职业技术学院",
            "website": "http://www.gdcvi.net/",
            "provinceId": 19,
            "level": "专科",
            "abbreviation": "gdcvi",
            "city": "广州市"
        },
        {
            "id": 3283,
            "name": "广东女子职业技术学院",
            "website": "http://www.gdfs.edu.cn/",
            "provinceId": 19,
            "level": "专科",
            "abbreviation": "gdfs",
            "city": "广州市"
        },
        {
            "id": 3284,
            "name": "广东机电职业技术学院",
            "website": "http://www.gdmec.com/",
            "provinceId": 19,
            "level": "专科",
            "abbreviation": "gdmec",
            "city": "广州市"
        },
        {
            "id": 3285,
            "name": "广东岭南职业技术学院",
            "website": "http://www.lingnancollege.com.",
            "provinceId": 19,
            "level": "专科",
            "abbreviation": "lingnancol",
            "city": "广州市"
        },
        {
            "id": 3290,
            "name": "广东邮电职业技术学院",
            "website": "http://www.gupt.net/",
            "provinceId": 19,
            "level": "专科",
            "abbreviation": "gupt",
            "city": "广州市"
        },
        {
            "id": 3295,
            "name": "广东工贸职业技术学院",
            "website": "http://www.gdgm.cn/",
            "provinceId": 19,
            "level": "专科",
            "abbreviation": "gdgm",
            "city": "广州市"
        },
        {
            "id": 3296,
            "name": "广东司法警官职业学院",
            "website": "http://www.gdsfjy.cn/",
            "provinceId": 19,
            "level": "专科",
            "abbreviation": "gdsfjy",
            "city": "广州市"
        },
        {
            "id": 3298,
            "name": "广东省外语艺术职业学院",
            "website": "http://www.gtcfla.net/",
            "provinceId": 19,
            "level": "专科",
            "abbreviation": "gtcfla",
            "city": "广州市"
        },
        {
            "id": 3299,
            "name": "广东文艺职业学院",
            "website": "http://www.gdla.edu.cn/",
            "provinceId": 19,
            "level": "专科",
            "abbreviation": "gdla",
            "city": "广州市"
        },
        {
            "id": 3300,
            "name": "广州体育职业技术学院",
            "website": "http://www.gztzy.edu.cn/",
            "provinceId": 19,
            "level": "专科",
            "abbreviation": "gztzy",
            "city": "广州市"
        },
        {
            "id": 3301,
            "name": "广州工程技术职业学院",
            "website": "http://www.gzvtc.cn/",
            "provinceId": 19,
            "level": "专科",
            "abbreviation": "gzvtc",
            "city": "广州市"
        },
        {
            "id": 3306,
            "name": "广州涉外经济职业技术学院",
            "website": "http://www.gziec.net/",
            "provinceId": 19,
            "level": "专科",
            "abbreviation": "gziec",
            "city": "广州市"
        },
        {
            "id": 3307,
            "name": "广州南洋理工职业学院",
            "website": "http://www.nyjy.cn/",
            "provinceId": 19,
            "level": "专科",
            "abbreviation": "nyjy",
            "city": "广州市"
        },
        {
            "id": 3308,
            "name": "广州科技职业技术学院",
            "website": "http://www.gzkjxy.net/",
            "provinceId": 19,
            "level": "专科",
            "abbreviation": "gzkjxy",
            "city": "广州市"
        },
        {
            "id": 3312,
            "name": "广州现代信息工程职业技术学院",
            "website": "http://www.gzmodern.cn/",
            "provinceId": 19,
            "level": "专科",
            "abbreviation": "gzmodern",
            "city": "广州市"
        },
        {
            "id": 3313,
            "name": "广东理工职业学院",
            "website": "http://www.gdpi.edu.cn/",
            "provinceId": 19,
            "level": "专科",
            "abbreviation": "gdpi",
            "city": "广州市"
        },
        {
            "id": 3314,
            "name": "广州华南商贸职业学院",
            "website": "http://www.hnsmxy.cn/",
            "provinceId": 19,
            "level": "专科",
            "abbreviation": "hnsmxy",
            "city": "广州市"
        },
        {
            "id": 3315,
            "name": "广州华立科技职业学院",
            "website": "http://www.hlxy.net/",
            "provinceId": 19,
            "level": "专科",
            "abbreviation": "hlxy",
            "city": "广州市"
        },
        {
            "id": 3316,
            "name": "广州城市职业学院",
            "website": "http://www.gcp.edu.cn/",
            "provinceId": 19,
            "level": "专科",
            "abbreviation": "gcp",
            "city": "广州市"
        },
        {
            "id": 3317,
            "name": "广东工程职业技术学院",
            "website": "http://www.gpc.net.cn/",
            "provinceId": 19,
            "level": "专科",
            "abbreviation": "gpc",
            "city": "广州市"
        },
        {
            "id": 3318,
            "name": "广州铁路职业技术学院",
            "website": "http://www.gtxy.cn/",
            "provinceId": 19,
            "level": "专科",
            "abbreviation": "gtxy",
            "city": "广州市"
        },
        {
            "id": 3319,
            "name": "广东科贸职业学院",
            "website": "http://www.gdkm.edu.cn/",
            "provinceId": 19,
            "level": "专科",
            "abbreviation": "gdkm",
            "city": "广州市"
        },
        {
            "id": 3320,
            "name": "广州科技贸易职业学院",
            "website": "http://www.gzkmu.com/",
            "provinceId": 19,
            "level": "专科",
            "abbreviation": "gzkmu",
            "city": "广州市"
        },
        {
            "id": 3322,
            "name": "广州珠江职业技术学院",
            "website": "http://www.gzzjedu.cn/",
            "provinceId": 19,
            "level": "专科",
            "abbreviation": "gzzjedu",
            "city": "广州市"
        },
        {
            "id": 3323,
            "name": "广州松田职业学院",
            "website": "http://www.sontanedu.cn/",
            "provinceId": 19,
            "level": "专科",
            "abbreviation": "sontanedu",
            "city": "广州市"
        },
        {
            "id": 3325,
            "name": "广州城建职业学院",
            "website": "http://www.gzccc.edu.cn/",
            "provinceId": 19,
            "level": "专科",
            "abbreviation": "gzccc",
            "city": "广州市"
        },
        {
            "id": 3328,
            "name": "广州华商职业学院",
            "website": "http://www.gzhsvc.com/",
            "provinceId": 19,
            "level": "专科",
            "abbreviation": "gzhsvc",
            "city": "广州市"
        },
        {
            "id": 3329,
            "name": "广州华夏职业学院",
            "website": "http://www.gzhxtc.cn/",
            "provinceId": 19,
            "level": "专科",
            "abbreviation": "gzhxtc",
            "city": "广州市"
        },
        {
            "id": 3331,
            "name": "广东青年职业学院",
            "website": "http://www.gdylc.cn/",
            "provinceId": 19,
            "level": "专科",
            "abbreviation": "gdylc",
            "city": "广州市"
        },
        {
            "id": 3332,
            "name": "广州东华职业学院",
            "website": "http://www.gzdhxy.com/",
            "provinceId": 19,
            "level": "专科",
            "abbreviation": "gzdhxy",
            "city": "广州市"
        },
        {
            "id": 3337,
            "name": "广东生态工程职业学院",
            "website": "http://www.gdsty.cn/",
            "provinceId": 19,
            "level": "专科",
            "abbreviation": "gdsty",
            "city": "广州市"
        },
        {
            "id": 3342,
            "name": "广州卫生职业技术学院",
            "website": "http://www.gzws.net/",
            "provinceId": 19,
            "level": "专科",
            "abbreviation": "gzws",
            "city": "广州市"
        }
    ]
}