{
    "university": [
        {
            "id": 3923,
            "name": "伊犁师范学院",
            "website": "http://www.ylsy.edu.cn/",
            "provinceId": 31,
            "level": "本科",
            "abbreviation": "ylsy",
            "city": "伊宁市"
        },
        {
            "id": 3942,
            "name": "伊犁职业技术学院",
            "website": "http://www.ylzyjs.cn/",
            "provinceId": 31,
            "level": "专科",
            "abbreviation": "ylzyjs",
            "city": "伊宁市"
        }
    ]
}