{
    "university": [
        {
            "id": 2025,
            "name": "复旦大学",
            "website": "http://www.fudan.edu.cn/",
            "provinceId": 9,
            "level": "本科",
            "abbreviation": "fudan",
            "city": "上海市"
        },
        {
            "id": 2026,
            "name": "同济大学",
            "website": "http://www.tongji.edu.cn/",
            "provinceId": 9,
            "level": "本科",
            "abbreviation": "tongji",
            "city": "上海市"
        },
        {
            "id": 2027,
            "name": "上海交通大学",
            "website": "http://www.sjtu.edu.cn/",
            "provinceId": 9,
            "level": "本科",
            "abbreviation": "sjtu",
            "city": "上海市"
        },
        {
            "id": 2028,
            "name": "华东理工大学",
            "website": "http://www.ecust.edu.cn/",
            "provinceId": 9,
            "level": "本科",
            "abbreviation": "ecust",
            "city": "上海市"
        },
        {
            "id": 2029,
            "name": "上海理工大学",
            "website": "http://www.usst.edu.cn/",
            "provinceId": 9,
            "level": "本科",
            "abbreviation": "usst",
            "city": "上海市"
        },
        {
            "id": 2030,
            "name": "上海海事大学",
            "website": "http://www.shmtu.edu.cn/",
            "provinceId": 9,
            "level": "本科",
            "abbreviation": "shmtu",
            "city": "上海市"
        },
        {
            "id": 2031,
            "name": "东华大学",
            "website": "http://www.dhu.edu.cn/",
            "provinceId": 9,
            "level": "本科",
            "abbreviation": "dhu",
            "city": "上海市"
        },
        {
            "id": 2032,
            "name": "上海电力学院",
            "website": "http://www.shiep.edu.cn",
            "provinceId": 9,
            "level": "本科",
            "abbreviation": "shiep",
            "city": "上海市"
        },
        {
            "id": 2033,
            "name": "上海应用技术大学",
            "website": "http://www.sit.edu.cn/",
            "provinceId": 9,
            "level": "本科",
            "abbreviation": "sit",
            "city": "上海市"
        },
        {
            "id": 2034,
            "name": "上海健康医学院",
            "website": "http://www.sumhs.edu.cn/",
            "provinceId": 9,
            "level": "本科",
            "abbreviation": "sumhs",
            "city": "上海市"
        },
        {
            "id": 2035,
            "name": "上海海洋大学",
            "website": "http://www.shou.edu.cn/",
            "provinceId": 9,
            "level": "本科",
            "abbreviation": "shou",
            "city": "上海市"
        },
        {
            "id": 2036,
            "name": "上海中医药大学",
            "website": "http://www.shutcm.edu.cn/",
            "provinceId": 9,
            "level": "本科",
            "abbreviation": "shutcm",
            "city": "上海市"
        },
        {
            "id": 2037,
            "name": "华东师范大学",
            "website": "http://www.ecnu.edu.cn/",
            "provinceId": 9,
            "level": "本科",
            "abbreviation": "ecnu",
            "city": "上海市"
        },
        {
            "id": 2038,
            "name": "上海师范大学",
            "website": "http://www.shnu.edu.cn",
            "provinceId": 9,
            "level": "本科",
            "abbreviation": "shnu",
            "city": "上海市"
        },
        {
            "id": 2039,
            "name": "上海外国语大学",
            "website": "http://www.shisu.edu.cn/",
            "provinceId": 9,
            "level": "本科",
            "abbreviation": "shisu",
            "city": "上海市"
        },
        {
            "id": 2040,
            "name": "上海财经大学",
            "website": "http://www.shufe.edu.cn/",
            "provinceId": 9,
            "level": "本科",
            "abbreviation": "shufe",
            "city": "上海市"
        },
        {
            "id": 2041,
            "name": "上海对外经贸大学",
            "website": "http://www.suibe.edu.cn/",
            "provinceId": 9,
            "level": "本科",
            "abbreviation": "suibe",
            "city": "上海市"
        },
        {
            "id": 2042,
            "name": "上海海关学院",
            "website": "http://shanghai_edu.customs.go",
            "provinceId": 9,
            "level": "本科",
            "abbreviation": "customs",
            "city": "上海市"
        },
        {
            "id": 2043,
            "name": "华东政法大学",
            "website": "http://www.ecupl.edu.cn/",
            "provinceId": 9,
            "level": "本科",
            "abbreviation": "ecupl",
            "city": "上海市"
        },
        {
            "id": 2044,
            "name": "上海体育学院",
            "website": "http://www.sus.edu.cn/",
            "provinceId": 9,
            "level": "本科",
            "abbreviation": "sus",
            "city": "上海市"
        },
        {
            "id": 2045,
            "name": "上海音乐学院",
            "website": "http://www.shcmusic.edu.cn/",
            "provinceId": 9,
            "level": "本科",
            "abbreviation": "shcmusic",
            "city": "上海市"
        },
        {
            "id": 2046,
            "name": "上海戏剧学院",
            "website": "http://www.sta.edu.cn/",
            "provinceId": 9,
            "level": "本科",
            "abbreviation": "sta",
            "city": "上海市"
        },
        {
            "id": 2047,
            "name": "上海大学",
            "website": "http://www.shu.edu.cn/",
            "provinceId": 9,
            "level": "本科",
            "abbreviation": "shu",
            "city": "上海市"
        },
        {
            "id": 2048,
            "name": "上海公安学院",
            "website": "http://www.shpc.edu.cn/",
            "provinceId": 9,
            "level": "本科",
            "abbreviation": "shpc",
            "city": "上海市"
        },
        {
            "id": 2049,
            "name": "上海工程技术大学",
            "website": "http://www.sues.edu.cn/",
            "provinceId": 9,
            "level": "本科",
            "abbreviation": "sues",
            "city": "上海市"
        },
        {
            "id": 2050,
            "name": "上海立信会计金融学院",
            "website": "http://www.lixin.edu.cn/",
            "provinceId": 9,
            "level": "本科",
            "abbreviation": "lixin",
            "city": "上海市"
        },
        {
            "id": 2051,
            "name": "上海电机学院",
            "website": "http://www.sdju.edu.cn/",
            "provinceId": 9,
            "level": "本科",
            "abbreviation": "sdju",
            "city": "上海市"
        },
        {
            "id": 2052,
            "name": "上海杉达学院",
            "website": "http://www.sandau.edu.cn/",
            "provinceId": 9,
            "level": "本科",
            "abbreviation": "sandau",
            "city": "上海市"
        },
        {
            "id": 2053,
            "name": "上海政法学院",
            "website": "http://www.shupl.edu.cn/",
            "provinceId": 9,
            "level": "本科",
            "abbreviation": "shupl",
            "city": "上海市"
        },
        {
            "id": 2054,
            "name": "上海第二工业大学",
            "website": "http://www.sspu.edu.cn/",
            "provinceId": 9,
            "level": "本科",
            "abbreviation": "sspu",
            "city": "上海市"
        },
        {
            "id": 2055,
            "name": "上海商学院",
            "website": "http://www.sbs.edu.cn/",
            "provinceId": 9,
            "level": "本科",
            "abbreviation": "sbs",
            "city": "上海市"
        },
        {
            "id": 2056,
            "name": "上海建桥学院",
            "website": "http://www.gench.com.cn/",
            "provinceId": 9,
            "level": "本科",
            "abbreviation": "gench",
            "city": "上海市"
        },
        {
            "id": 2057,
            "name": "上海兴伟学院",
            "website": "http://www.xingwei.edu.cn/",
            "provinceId": 9,
            "level": "本科",
            "abbreviation": "xingwei",
            "city": "上海市"
        },
        {
            "id": 2058,
            "name": "上海视觉艺术学院",
            "website": "http://www.siva.edu.cn/",
            "provinceId": 9,
            "level": "本科",
            "abbreviation": "siva",
            "city": "上海市"
        },
        {
            "id": 2059,
            "name": "上海外国语大学贤达经济人文学院",
            "website": "http://www.xdsisu.edu.cn/",
            "provinceId": 9,
            "level": "本科",
            "abbreviation": "xdsisu",
            "city": "上海市"
        },
        {
            "id": 2060,
            "name": "上海师范大学天华学院",
            "website": "http://www.sthu.cn/",
            "provinceId": 9,
            "level": "本科",
            "abbreviation": "sthu",
            "city": "上海市"
        },
        {
            "id": 2061,
            "name": "上海纽约大学",
            "website": "http://shanghai.nyu.edu/cn",
            "provinceId": 9,
            "level": "本科",
            "abbreviation": "nyu",
            "city": "上海市"
        },
        {
            "id": 2062,
            "name": "上海科技大学",
            "website": "http://www.shanghaitech.edu.cn",
            "provinceId": 9,
            "level": "本科",
            "abbreviation": "shanghaite",
            "city": "上海市"
        },
        {
            "id": 2063,
            "name": "上海旅游高等专科学校",
            "website": "http://sit.shnu.edu.cn/",
            "provinceId": 9,
            "level": "专科",
            "abbreviation": "shnu",
            "city": "上海市"
        },
        {
            "id": 2064,
            "name": "上海东海职业技术学院",
            "website": "http://www.esu.edu.cn/",
            "provinceId": 9,
            "level": "专科",
            "abbreviation": "esu",
            "city": "上海市"
        },
        {
            "id": 2065,
            "name": "上海工商职业技术学院",
            "website": "http://www.sicp.sh.cn/",
            "provinceId": 9,
            "level": "专科",
            "abbreviation": "sicp",
            "city": "上海市"
        },
        {
            "id": 2066,
            "name": "上海出版印刷高等专科学校",
            "website": "http://www.sppc.edu.cn/",
            "provinceId": 9,
            "level": "专科",
            "abbreviation": "sppc",
            "city": "上海市"
        },
        {
            "id": 2067,
            "name": "上海行健职业学院",
            "website": "http://www.shxj.cn/",
            "provinceId": 9,
            "level": "专科",
            "abbreviation": "shxj",
            "city": "上海市"
        },
        {
            "id": 2068,
            "name": "上海城建职业学院",
            "website": "http://www.succ.edu.cn/",
            "provinceId": 9,
            "level": "专科",
            "abbreviation": "succ",
            "city": "上海市"
        },
        {
            "id": 2069,
            "name": "上海交通职业技术学院",
            "website": "http://www.scp.edu.cn/",
            "provinceId": 9,
            "level": "专科",
            "abbreviation": "scp",
            "city": "上海市"
        },
        {
            "id": 2070,
            "name": "上海海事职业技术学院",
            "website": "http://www.sma.edu.cn/",
            "provinceId": 9,
            "level": "专科",
            "abbreviation": "sma",
            "city": "上海市"
        },
        {
            "id": 2071,
            "name": "上海电子信息职业技术学院",
            "website": "http://www.stiei.edu.cn/",
            "provinceId": 9,
            "level": "专科",
            "abbreviation": "stiei",
            "city": "上海市"
        },
        {
            "id": 2072,
            "name": "上海震旦职业学院",
            "website": "http://www.aurora-college.cn/",
            "provinceId": 9,
            "level": "专科",
            "abbreviation": "aurora-col",
            "city": "上海市"
        },
        {
            "id": 2073,
            "name": "上海民远职业技术学院",
            "website": "http://www.min-yuan.com/",
            "provinceId": 9,
            "level": "专科",
            "abbreviation": "min-yuan",
            "city": "上海市"
        },
        {
            "id": 2074,
            "name": "上海欧华职业技术学院",
            "website": "http://www.shouhua.net.cn/",
            "provinceId": 9,
            "level": "专科",
            "abbreviation": "shouhua",
            "city": "上海市"
        },
        {
            "id": 2075,
            "name": "上海思博职业技术学院",
            "website": "http://www.shsipo.com/",
            "provinceId": 9,
            "level": "专科",
            "abbreviation": "shsipo",
            "city": "上海市"
        },
        {
            "id": 2076,
            "name": "上海立达职业技术学院",
            "website": "http://www.lidapoly.com/",
            "provinceId": 9,
            "level": "专科",
            "abbreviation": "lidapoly",
            "city": "上海市"
        },
        {
            "id": 2077,
            "name": "上海工艺美术职业学院",
            "website": "http://www.shgymy.com/",
            "provinceId": 9,
            "level": "专科",
            "abbreviation": "shgymy",
            "city": "上海市"
        },
        {
            "id": 2078,
            "name": "上海济光职业技术学院",
            "website": "http://www.shjgxy.net/",
            "provinceId": 9,
            "level": "专科",
            "abbreviation": "shjgxy",
            "city": "上海市"
        },
        {
            "id": 2079,
            "name": "上海工商外国语职业学院",
            "website": "http://www.sicfl.edu.cn/",
            "provinceId": 9,
            "level": "专科",
            "abbreviation": "sicfl",
            "city": "上海市"
        },
        {
            "id": 2080,
            "name": "上海科学技术职业学院",
            "website": "http://www.scst.edu.cn/",
            "provinceId": 9,
            "level": "专科",
            "abbreviation": "scst",
            "city": "上海市"
        },
        {
            "id": 2081,
            "name": "上海农林职业技术学院",
            "website": "http://www.shafc.edu.cn/",
            "provinceId": 9,
            "level": "专科",
            "abbreviation": "shafc",
            "city": "上海市"
        },
        {
            "id": 2082,
            "name": "上海邦德职业技术学院",
            "website": "http://www.shbangde.com/",
            "provinceId": 9,
            "level": "专科",
            "abbreviation": "shbangde",
            "city": "上海市"
        },
        {
            "id": 2083,
            "name": "上海中侨职业技术学院",
            "website": "http://www.shzq.edu.cn/",
            "provinceId": 9,
            "level": "专科",
            "abbreviation": "shzq",
            "city": "上海市"
        },
        {
            "id": 2084,
            "name": "上海电影艺术职业学院",
            "website": "http://www.sfaa.com.cn/",
            "provinceId": 9,
            "level": "专科",
            "abbreviation": "sfaa",
            "city": "上海市"
        },
        {
            "id": 2085,
            "name": "上海中华职业技术学院",
            "website": "http://www.zhonghuacollege.com",
            "provinceId": 9,
            "level": "专科",
            "abbreviation": "zhonghuaco",
            "city": "上海市"
        },
        {
            "id": 2086,
            "name": "上海工会管理职业学院",
            "website": "http://www.shghxyedu.net/",
            "provinceId": 9,
            "level": "专科",
            "abbreviation": "shghxyedu",
            "city": "上海市"
        },
        {
            "id": 2087,
            "name": "上海体育职业学院",
            "website": "http://www.ssi.edu.cn/",
            "provinceId": 9,
            "level": "专科",
            "abbreviation": "ssi",
            "city": "上海市"
        },
        {
            "id": 2088,
            "name": "上海民航职业技术学院",
            "website": "http://www.shcac.edu.cn/",
            "provinceId": 9,
            "level": "专科",
            "abbreviation": "shcac",
            "city": "上海市"
        }
    ]
}