{
    "university": [
        {
            "id": 2722,
            "name": "中国石油大学胜利学院",
            "website": "http://www.slcupc.edu.cn/",
            "provinceId": 15,
            "level": "本科",
            "abbreviation": "slcupc",
            "city": "东营市"
        },
        {
            "id": 2750,
            "name": "东营职业学院",
            "website": "http://www.dyxy.net/",
            "provinceId": 15,
            "level": "专科",
            "abbreviation": "dyxy",
            "city": "东营市"
        },
        {
            "id": 2761,
            "name": "东营科技职业学院",
            "website": "http://www.dycollege.net/",
            "provinceId": 15,
            "level": "专科",
            "abbreviation": "dycollege",
            "city": "东营市"
        },
        {
            "id": 2768,
            "name": "山东胜利职业学院",
            "website": "http://www.sdslvc.com/",
            "provinceId": 15,
            "level": "专科",
            "abbreviation": "sdslvc",
            "city": "东营市"
        }
    ]
}