{
    "university": [
        {
            "id": 2692,
            "name": "临沂大学",
            "website": "http://www.lyu.edu.cn/",
            "provinceId": 15,
            "level": "本科",
            "abbreviation": "lyu",
            "city": "临沂市"
        },
        {
            "id": 2736,
            "name": "山东医学高等专科学校",
            "website": "http://www.sdmc.net.cn/",
            "provinceId": 15,
            "level": "专科",
            "abbreviation": "sdmc",
            "city": "临沂市"
        },
        {
            "id": 2797,
            "name": "临沂职业学院",
            "website": "http://www.lyzyxy.com/",
            "provinceId": 15,
            "level": "专科",
            "abbreviation": "lyzyxy",
            "city": "临沂市"
        }
    ]
}