{
    "university": [
        {
            "id": 2384,
            "name": "巢湖学院",
            "website": "http://www.chtc.edu.cn/",
            "provinceId": 12,
            "level": "本科",
            "abbreviation": "chtc",
            "city": "巢湖市"
        },
        {
            "id": 2431,
            "name": "合肥职业技术学院",
            "website": "http://www.chzy.org/",
            "provinceId": 12,
            "level": "专科",
            "abbreviation": "chzy",
            "city": "巢湖市"
        }
    ]
}