{
    "university": [
        {
            "id": 2395,
            "name": "亳州学院",
            "website": "http://www.bzuu.edu.cn/",
            "provinceId": 12,
            "level": "本科",
            "abbreviation": "bzuu",
            "city": "亳州市"
        },
        {
            "id": 2444,
            "name": "亳州职业技术学院",
            "website": "http://www.bzvtc.com/",
            "provinceId": 12,
            "level": "专科",
            "abbreviation": "bzvtc",
            "city": "亳州市"
        }
    ]
}