{
    "university": [
        {
            "id": 2270,
            "name": "台州学院",
            "website": "http://www.tzc.edu.cn/",
            "provinceId": 11,
            "level": "本科",
            "abbreviation": "tzc",
            "city": "临海市"
        },
        {
            "id": 2358,
            "name": "浙江汽车职业技术学院",
            "website": "http://www.geelyedu.com/",
            "provinceId": 11,
            "level": "专科",
            "abbreviation": "geelyedu",
            "city": "临海市"
        }
    ]
}