{
    "university": [
        {
            "id": 1807,
            "name": "辽东学院",
            "website": "http://www.ldxy.cn/",
            "provinceId": 6,
            "level": "本科",
            "abbreviation": "ldxy",
            "city": "丹东市"
        },
        {
            "id": 1854,
            "name": "辽宁机电职业技术学院",
            "website": "http://www.lnmec.net.cn/",
            "provinceId": 6,
            "level": "专科",
            "abbreviation": "lnmec",
            "city": "丹东市"
        },
        {
            "id": 1864,
            "name": "辽宁地质工程职业学院",
            "website": "http://www.lndzxy.com/",
            "provinceId": 6,
            "level": "专科",
            "abbreviation": "lndzxy",
            "city": "丹东市"
        }
    ]
}