{
    "university": [
        {
            "id": 2826,
            "name": "河南大学",
            "website": "http://www.henu.edu.cn/",
            "provinceId": 16,
            "level": "本科",
            "abbreviation": "henu",
            "city": "开封市"
        },
        {
            "id": 2858,
            "name": "河南大学民生学院",
            "website": "http://minsheng.henu.edu.cn/",
            "provinceId": 16,
            "level": "本科",
            "abbreviation": "henu",
            "city": "开封市"
        },
        {
            "id": 2873,
            "name": "开封大学",
            "website": "http://www.kfu.cn/",
            "provinceId": 16,
            "level": "专科",
            "abbreviation": "kfu",
            "city": "开封市"
        },
        {
            "id": 2877,
            "name": "黄河水利职业技术学院",
            "website": "http://www.yrcti.edu.cn/",
            "provinceId": 16,
            "level": "专科",
            "abbreviation": "yrcti",
            "city": "开封市"
        },
        {
            "id": 2922,
            "name": "开封文化艺术职业学院",
            "website": "http://www.kfvcca.com/",
            "provinceId": 16,
            "level": "专科",
            "abbreviation": "kfvcca",
            "city": "开封市"
        }
    ]
}