{
    "university": [
        {
            "id": 3229,
            "name": "东莞理工学院",
            "website": "http://www.dgut.edu.cn/",
            "provinceId": 19,
            "level": "本科",
            "abbreviation": "dgut",
            "city": "东莞市"
        },
        {
            "id": 3251,
            "name": "广东科技学院",
            "website": "http://www.gdst.cc/",
            "provinceId": 19,
            "level": "本科",
            "abbreviation": "gdst",
            "city": "东莞市"
        },
        {
            "id": 3253,
            "name": "东莞理工学院城市学院",
            "website": "http://csxy.dgut.edu.cn/",
            "provinceId": 19,
            "level": "本科",
            "abbreviation": "dgut",
            "city": "东莞市"
        },
        {
            "id": 3297,
            "name": "广东亚视演艺职业学院",
            "website": "http://www.atvcn.com/",
            "provinceId": 19,
            "level": "专科",
            "abbreviation": "atvcn",
            "city": "东莞市"
        },
        {
            "id": 3326,
            "name": "东莞职业技术学院",
            "website": "http://www.dgpt.edu.cn/",
            "provinceId": 19,
            "level": "专科",
            "abbreviation": "dgpt",
            "city": "东莞市"
        },
        {
            "id": 3333,
            "name": "广东创新科技职业学院",
            "website": "http://www.gdcxxy.net/",
            "provinceId": 19,
            "level": "专科",
            "abbreviation": "gdcxxy",
            "city": "东莞市"
        },
        {
            "id": 3340,
            "name": "广东酒店管理职业技术学院",
            "website": "http://www.gdjdxy.com/",
            "provinceId": 19,
            "level": "专科",
            "abbreviation": "gdjdxy",
            "city": "东莞市"
        }
    ]
}