{
    "university": [
        {
            "id": 3522,
            "name": "乐山师范学院",
            "website": "http://www.lstc.edu.cn/",
            "provinceId": 23,
            "level": "本科",
            "abbreviation": "lstc",
            "city": "乐山市"
        },
        {
            "id": 3535,
            "name": "成都理工大学工程技术学院",
            "website": "http://www.cdutetc.cn/",
            "provinceId": 23,
            "level": "本科",
            "abbreviation": "cdutetc",
            "city": "乐山市"
        },
        {
            "id": 3577,
            "name": "乐山职业技术学院",
            "website": "http://www.lszyxy.com/",
            "provinceId": 23,
            "level": "专科",
            "abbreviation": "lszyxy",
            "city": "乐山市"
        }
    ]
}