{
    "university": [
        {
            "id": 3232,
            "name": "佛山科学技术学院",
            "website": "http://www.fosu.edu.cn/",
            "provinceId": 19,
            "level": "本科",
            "abbreviation": "fosu",
            "city": "佛山市"
        },
        {
            "id": 3235,
            "name": "广东东软学院",
            "website": "http://www.neusoft.gd.cn/",
            "provinceId": 19,
            "level": "本科",
            "abbreviation": "neusoft",
            "city": "佛山市"
        },
        {
            "id": 3261,
            "name": "顺德职业技术学院",
            "website": "http://www.sdpt.com.cn/",
            "provinceId": 19,
            "level": "专科",
            "abbreviation": "sdpt",
            "city": "佛山市"
        },
        {
            "id": 3274,
            "name": "佛山职业技术学院",
            "website": "http://www.fspt.net/",
            "provinceId": 19,
            "level": "专科",
            "abbreviation": "fspt",
            "city": "佛山市"
        },
        {
            "id": 3281,
            "name": "广东职业技术学院",
            "website": "http://www.gdptc.cn/",
            "provinceId": 19,
            "level": "专科",
            "abbreviation": "gdptc",
            "city": "佛山市"
        },
        {
            "id": 3330,
            "name": "广东环境保护工程职业学院",
            "website": "http://www.gdepc.cn/",
            "provinceId": 19,
            "level": "专科",
            "abbreviation": "gdepc",
            "city": "佛山市"
        },
        {
            "id": 3334,
            "name": "广东舞蹈戏剧职业学院",
            "website": "http://www.gdddc.cn/",
            "provinceId": 19,
            "level": "专科",
            "abbreviation": "gdddc",
            "city": "佛山市"
        }
    ]
}