{
    "university": [
        {
            "id": 1991,
            "name": "黑龙江农业职业技术学院",
            "website": "http://www.hljnzy.net/",
            "provinceId": 8,
            "level": "专科",
            "abbreviation": "hljnzy",
            "city": "佳木斯市"
        },
        {
            "id": 2020,
            "name": "佳木斯职业学院",
            "website": "http://www.jmszy.org.cn/",
            "provinceId": 8,
            "level": "专科",
            "abbreviation": "jmszy",
            "city": "佳木斯市"
        }
    ]
}