{
    "university": [
        {
            "id": 3916,
            "name": "新疆大学",
            "website": "http://www.xju.edu.cn/",
            "provinceId": 31,
            "level": "本科",
            "abbreviation": "xju",
            "city": "乌鲁木齐"
        },
        {
            "id": 3918,
            "name": "新疆农业大学",
            "website": "http://www.xjau.edu.cn/",
            "provinceId": 31,
            "level": "本科",
            "abbreviation": "xjau",
            "city": "乌鲁木齐"
        },
        {
            "id": 3920,
            "name": "新疆医科大学",
            "website": "http://www.xjmu.edu.cn/",
            "provinceId": 31,
            "level": "本科",
            "abbreviation": "xjmu",
            "city": "乌鲁木齐"
        },
        {
            "id": 3921,
            "name": "新疆师范大学",
            "website": "http://www.xjnu.edu.cn/",
            "provinceId": 31,
            "level": "本科",
            "abbreviation": "xjnu",
            "city": "乌鲁木齐"
        },
        {
            "id": 3924,
            "name": "新疆财经大学",
            "website": "http://www.xjufe.edu.cn/",
            "provinceId": 31,
            "level": "本科",
            "abbreviation": "xjufe",
            "city": "乌鲁木齐"
        },
        {
            "id": 3925,
            "name": "新疆艺术学院",
            "website": "http://www.xjart.edu.cn/",
            "provinceId": 31,
            "level": "本科",
            "abbreviation": "xjart",
            "city": "乌鲁木齐"
        },
        {
            "id": 3926,
            "name": "新疆工程学院",
            "website": "http://www.xjie.edu.cn/",
            "provinceId": 31,
            "level": "本科",
            "abbreviation": "xjie",
            "city": "乌鲁木齐"
        },
        {
            "id": 3928,
            "name": "新疆警察学院",
            "website": "http://www.xjjz.cn/",
            "provinceId": 31,
            "level": "本科",
            "abbreviation": "xjjz",
            "city": "乌鲁木齐"
        },
        {
            "id": 3929,
            "name": "新疆大学科学技术学院",
            "website": "http://www.kj.xju.edu.cn/",
            "provinceId": 31,
            "level": "本科",
            "abbreviation": "kj",
            "city": "乌鲁木齐"
        },
        {
            "id": 3930,
            "name": "新疆农业大学科学技术学院",
            "website": "http://www.xjstc.net/",
            "provinceId": 31,
            "level": "本科",
            "abbreviation": "xjstc",
            "city": "乌鲁木齐"
        },
        {
            "id": 3931,
            "name": "新疆医科大学厚博学院",
            "website": "http://www1.xjmu.edu.cn/hbxy/i",
            "provinceId": 31,
            "level": "本科",
            "abbreviation": "xjmu",
            "city": "乌鲁木齐"
        },
        {
            "id": 3932,
            "name": "新疆财经大学商务学院",
            "website": "http://www.swxyzsw.cn/",
            "provinceId": 31,
            "level": "本科",
            "abbreviation": "swxyzsw",
            "city": "乌鲁木齐"
        },
        {
            "id": 3936,
            "name": "乌鲁木齐职业大学",
            "website": "http://www.uvu.edu.cn/",
            "provinceId": 31,
            "level": "专科",
            "abbreviation": "uvu",
            "city": "乌鲁木齐"
        },
        {
            "id": 3939,
            "name": "新疆轻工职业技术学院",
            "website": "http://www.xjqg.edu.cn/",
            "provinceId": 31,
            "level": "专科",
            "abbreviation": "xjqg",
            "city": "乌鲁木齐"
        },
        {
            "id": 3940,
            "name": "新疆能源职业技术学院",
            "website": "http://www.xjnyedu.com/",
            "provinceId": 31,
            "level": "专科",
            "abbreviation": "xjnyedu",
            "city": "乌鲁木齐"
        },
        {
            "id": 3945,
            "name": "新疆建设职业技术学院",
            "website": "http://www.xjjszy.net/",
            "provinceId": 31,
            "level": "专科",
            "abbreviation": "xjjszy",
            "city": "乌鲁木齐"
        },
        {
            "id": 3947,
            "name": "新疆现代职业技术学院",
            "website": "http://www.xjxiandai.net/",
            "provinceId": 31,
            "level": "专科",
            "abbreviation": "xjxiandai",
            "city": "乌鲁木齐"
        },
        {
            "id": 3948,
            "name": "新疆天山职业技术学院",
            "website": "http://www.xjtsxy.cn/",
            "provinceId": 31,
            "level": "专科",
            "abbreviation": "xjtsxy",
            "city": "乌鲁木齐"
        },
        {
            "id": 3949,
            "name": "新疆交通职业技术学院",
            "website": "http://www.xjjtedu.com/",
            "provinceId": 31,
            "level": "专科",
            "abbreviation": "xjjtedu",
            "city": "乌鲁木齐"
        },
        {
            "id": 3951,
            "name": "新疆职业大学",
            "website": "http://www.xjvu.edu.cn/",
            "provinceId": 31,
            "level": "专科",
            "abbreviation": "xjvu",
            "city": "乌鲁木齐"
        },
        {
            "id": 3952,
            "name": "新疆体育职业技术学院",
            "website": "http://www.xjsvtc.com/",
            "provinceId": 31,
            "level": "专科",
            "abbreviation": "xjsvtc",
            "city": "乌鲁木齐"
        },
        {
            "id": 3954,
            "name": "新疆师范高等专科学校",
            "website": "http://www.xjei.cn/",
            "provinceId": 31,
            "level": "专科",
            "abbreviation": "xjei",
            "city": "乌鲁木齐"
        },
        {
            "id": 3955,
            "name": "新疆铁道职业技术学院",
            "website": "http://www.xjtzy.net/",
            "provinceId": 31,
            "level": "专科",
            "abbreviation": "xjtzy",
            "city": "乌鲁木齐"
        },
        {
            "id": 3956,
            "name": "新疆生产建设兵团兴新职业技术学院",
            "website": "http://www.btc.edu.cn/",
            "provinceId": 31,
            "level": "专科",
            "abbreviation": "btc",
            "city": "乌鲁木齐"
        },
        {
            "id": 3958,
            "name": "新疆科技职业技术学院",
            "website": "http://www.xjkjzyjsxy.com/",
            "provinceId": 31,
            "level": "专科",
            "abbreviation": "xjkjzyjsxy",
            "city": "乌鲁木齐"
        }
    ]
}