{
    "university": [
        {
            "id": 2593,
            "name": "九江学院",
            "website": "http://www.jju.edu.cn/",
            "provinceId": 14,
            "level": "本科",
            "abbreviation": "jju",
            "city": "九江市"
        },
        {
            "id": 2618,
            "name": "九江职业大学",
            "website": "http://www.jjvu.jx.cn/",
            "provinceId": 14,
            "level": "专科",
            "abbreviation": "jjvu",
            "city": "九江市"
        },
        {
            "id": 2619,
            "name": "九江职业技术学院",
            "website": "http://www.jvtc.jx.cn/",
            "provinceId": 14,
            "level": "专科",
            "abbreviation": "jvtc",
            "city": "九江市"
        },
        {
            "id": 2629,
            "name": "江西财经职业学院",
            "website": "http://www.jxvc.jx.cn/",
            "provinceId": 14,
            "level": "专科",
            "abbreviation": "jxvc",
            "city": "九江市"
        },
        {
            "id": 2655,
            "name": "江西枫林涉外经贸职业学院",
            "website": "http://www.fenglin.org/",
            "provinceId": 14,
            "level": "专科",
            "abbreviation": "fenglin",
            "city": "九江市"
        }
    ]
}