{
    "university": [
        {
            "id": 3418,
            "name": "海南热带海洋学院",
            "website": "http://www.qzu.edu.cn/",
            "provinceId": 21,
            "level": "本科",
            "abbreviation": "qzu",
            "city": "三亚市"
        },
        {
            "id": 3423,
            "name": "三亚学院",
            "website": "http://www.sanyau.edu.cn/",
            "provinceId": 21,
            "level": "本科",
            "abbreviation": "sanyau",
            "city": "三亚市"
        },
        {
            "id": 3425,
            "name": "三亚城市职业学院",
            "website": "http://www.sycsxy.cn/",
            "provinceId": 21,
            "level": "专科",
            "abbreviation": "sycsxy",
            "city": "三亚市"
        },
        {
            "id": 3431,
            "name": "三亚航空旅游职业学院",
            "website": "http://www.hnasatc.com/",
            "provinceId": 21,
            "level": "专科",
            "abbreviation": "hnasatc",
            "city": "三亚市"
        },
        {
            "id": 3433,
            "name": "三亚理工职业学院",
            "website": "http://www.ucsanya.com/",
            "provinceId": 21,
            "level": "专科",
            "abbreviation": "ucsanya",
            "city": "三亚市"
        },
        {
            "id": 3435,
            "name": "三亚中瑞酒店管理职业学院",
            "website": "http://www.his-edu.cn/",
            "provinceId": 21,
            "level": "专科",
            "abbreviation": "his-edu",
            "city": "三亚市"
        }
    ]
}