{
    "university": [
        {
            "id": 2272,
            "name": "丽水学院",
            "website": "http://www.lsu.edu.cn/",
            "provinceId": 11,
            "level": "本科",
            "abbreviation": "lsu",
            "city": "丽水市"
        },
        {
            "id": 2343,
            "name": "丽水职业技术学院",
            "website": "http://www.lszjy.com/",
            "provinceId": 11,
            "level": "专科",
            "abbreviation": "lszjy",
            "city": "丽水市"
        }
    ]
}