{
    "university": [
        {
            "id": 2095,
            "name": "中国矿业大学",
            "website": "http://www.cumt.edu.cn/",
            "provinceId": 10,
            "level": "本科",
            "abbreviation": "cumt",
            "city": "徐州市"
        },
        {
            "id": 2108,
            "name": "徐州医科大学",
            "website": "http://www.xzmc.edu.cn/",
            "provinceId": 10,
            "level": "本科",
            "abbreviation": "xzmc",
            "city": "徐州市"
        },
        {
            "id": 2112,
            "name": "江苏师范大学",
            "website": "http://www.jsnu.edu.cn/",
            "provinceId": 10,
            "level": "本科",
            "abbreviation": "jsnu",
            "city": "徐州市"
        },
        {
            "id": 2130,
            "name": "徐州工程学院",
            "website": "http://www.xzit.edu.cn/",
            "provinceId": 10,
            "level": "本科",
            "abbreviation": "xzit",
            "city": "徐州市"
        },
        {
            "id": 2138,
            "name": "中国矿业大学徐海学院",
            "website": "http://xhxy.cumt.edu.cn/",
            "provinceId": 10,
            "level": "本科",
            "abbreviation": "cumt",
            "city": "徐州市"
        },
        {
            "id": 2155,
            "name": "江苏师范大学科文学院",
            "website": "http://kwxy.xznu.edu.cn/",
            "provinceId": 10,
            "level": "本科",
            "abbreviation": "xznu",
            "city": "徐州市"
        },
        {
            "id": 2170,
            "name": "江苏建筑职业技术学院",
            "website": "http://www.xzcat.edu.cn/",
            "provinceId": 10,
            "level": "专科",
            "abbreviation": "xzcat",
            "city": "徐州市"
        },
        {
            "id": 2182,
            "name": "九州职业技术学院",
            "website": "http://www.jznu.com.cn/",
            "provinceId": 10,
            "level": "专科",
            "abbreviation": "jznu",
            "city": "徐州市"
        },
        {
            "id": 2219,
            "name": "徐州工业职业技术学院",
            "website": "http://www.xzcit.cn/",
            "provinceId": 10,
            "level": "专科",
            "abbreviation": "xzcit",
            "city": "徐州市"
        },
        {
            "id": 2245,
            "name": "徐州幼儿师范高等专科学校",
            "website": "http://www.xzys.xze.cn/",
            "provinceId": 10,
            "level": "专科",
            "abbreviation": "xzys",
            "city": "徐州市"
        },
        {
            "id": 2246,
            "name": "徐州生物工程职业技术学院",
            "website": "http://www.xzsw.net/",
            "provinceId": 10,
            "level": "专科",
            "abbreviation": "xzsw",
            "city": "徐州市"
        },
        {
            "id": 2254,
            "name": "江苏安全技术职业学院",
            "website": "http://www.xzjdgz.com/",
            "provinceId": 10,
            "level": "专科",
            "abbreviation": "xzjdgz",
            "city": "徐州市"
        }
    ]
}