{
    "university": [
        {
            "id": 1541,
            "name": "华北科技学院",
            "website": "http://www.ncist.edu.cn/",
            "provinceId": 3,
            "level": "本科",
            "abbreviation": "ncist",
            "city": "三河市"
        },
        {
            "id": 1546,
            "name": "防灾科技学院",
            "website": "http://www.fzxy.edu.cn/",
            "provinceId": 3,
            "level": "本科",
            "abbreviation": "fzxy",
            "city": "三河市"
        }
    ]
}