{
    "university": [
        {
            "id": 3762,
            "name": "延安大学",
            "website": "http://www.yau.edu.cn/",
            "provinceId": 27,
            "level": "本科",
            "abbreviation": "yau",
            "city": "延安市"
        },
        {
            "id": 3828,
            "name": "延安职业技术学院",
            "website": "http://www.yapt.cn/",
            "provinceId": 27,
            "level": "专科",
            "abbreviation": "yapt",
            "city": "延安市"
        }
    ]
}