{
    "university": [
        {
            "id": 2838,
            "name": "平顶山学院",
            "website": "http://www.pdsu.edu.cn/",
            "provinceId": 16,
            "level": "本科",
            "abbreviation": "pdsu",
            "city": "平顶山"
        },
        {
            "id": 2848,
            "name": "河南城建学院",
            "website": "http://www.hncj.edu.cn/",
            "provinceId": 16,
            "level": "本科",
            "abbreviation": "hncj",
            "city": "平顶山"
        },
        {
            "id": 2882,
            "name": "平顶山工业职业技术学院",
            "website": "http://www.pzxy.edu.cn/",
            "provinceId": 16,
            "level": "专科",
            "abbreviation": "pzxy",
            "city": "平顶山"
        },
        {
            "id": 2891,
            "name": "河南质量工程职业学院",
            "website": "http://www.zlxy.cn/",
            "provinceId": 16,
            "level": "专科",
            "abbreviation": "zlxy",
            "city": "平顶山"
        }
    ]
}