{
    "university": [
        {
            "id": 3847,
            "name": "陇东学院",
            "website": "http://www.ldxy.edu.cn/",
            "provinceId": 28,
            "level": "本科",
            "abbreviation": "ldxy",
            "city": "庆阳市"
        },
        {
            "id": 3883,
            "name": "庆阳职业技术学院",
            "website": "http://qyvtc.autocat.cn/",
            "provinceId": 28,
            "level": "专科",
            "abbreviation": "autocat",
            "city": "庆阳市"
        }
    ]
}