{
    "university": [
        {
            "id": 3582,
            "name": "四川信息职业技术学院",
            "website": "http://www.scitc.com.cn/",
            "provinceId": 23,
            "level": "专科",
            "abbreviation": "scitc",
            "city": "广元市"
        },
        {
            "id": 3596,
            "name": "川北幼儿师范高等专科学校",
            "website": "http://www.gysfxx.com.cn/",
            "provinceId": 23,
            "level": "专科",
            "abbreviation": "gysfxx",
            "city": "广元市"
        }
    ]
}