{
    "university": [
        {
            "id": 3542,
            "name": "四川工业科技学院",
            "website": "http://www.scit.cn/",
            "provinceId": 23,
            "level": "本科",
            "abbreviation": "scit",
            "city": "德阳市"
        },
        {
            "id": 3566,
            "name": "四川工程职业技术学院",
            "website": "http://www.scetc.net/",
            "provinceId": 23,
            "level": "专科",
            "abbreviation": "scetc",
            "city": "德阳市"
        },
        {
            "id": 3567,
            "name": "四川建筑职业技术学院",
            "website": "http://www.scatc.net/",
            "provinceId": 23,
            "level": "专科",
            "abbreviation": "scatc",
            "city": "德阳市"
        },
        {
            "id": 3580,
            "name": "四川司法警官职业学院",
            "website": "http://www.sjpopc.net/",
            "provinceId": 23,
            "level": "专科",
            "abbreviation": "sjpopc",
            "city": "德阳市"
        }
    ]
}