{
    "university": [
        {
            "id": 2581,
            "name": "上饶师范学院",
            "website": "http://www.sru.jx.cn/",
            "provinceId": 14,
            "level": "本科",
            "abbreviation": "sru",
            "city": "上饶市"
        },
        {
            "id": 2614,
            "name": "上饶幼儿师范高等专科学校",
            "website": "http://www.srsf.cn/",
            "provinceId": 14,
            "level": "专科",
            "abbreviation": "srsf",
            "city": "上饶市"
        },
        {
            "id": 2617,
            "name": "江西医学高等专科学校",
            "website": "http://www.sryx.cn/",
            "provinceId": 14,
            "level": "专科",
            "abbreviation": "sryx",
            "city": "上饶市"
        },
        {
            "id": 2649,
            "name": "上饶职业技术学院",
            "website": "http://www.srzy.cn/",
            "provinceId": 14,
            "level": "专科",
            "abbreviation": "srzy",
            "city": "上饶市"
        }
    ]
}