{
    "university": [
        {
            "id": 1531,
            "name": "廊坊师范学院",
            "website": "http://www.lfsfxy.edu.cn/",
            "provinceId": 3,
            "level": "本科",
            "abbreviation": "lfsfxy",
            "city": "廊坊市"
        },
        {
            "id": 1542,
            "name": "中国人民武装警察部队学院",
            "website": "http://www.wjxy.edu.cn/",
            "provinceId": 3,
            "level": "本科",
            "abbreviation": "wjxy",
            "city": "廊坊市"
        },
        {
            "id": 1545,
            "name": "北华航天工业学院",
            "website": "http://www.nciae.edu.cn/",
            "provinceId": 3,
            "level": "本科",
            "abbreviation": "nciae",
            "city": "廊坊市"
        },
        {
            "id": 1570,
            "name": "北京中医药大学东方学院",
            "website": "http://www.df-college.com/",
            "provinceId": 3,
            "level": "本科",
            "abbreviation": "df-college",
            "city": "廊坊市"
        },
        {
            "id": 1572,
            "name": "河北东方学院",
            "website": "http://www.dfzy.edu.cn/",
            "provinceId": 3,
            "level": "本科",
            "abbreviation": "dfzy",
            "city": "廊坊市"
        },
        {
            "id": 1583,
            "name": "河北石油职业技术学院",
            "website": "http://www.pvtc.edu.cn/",
            "provinceId": 3,
            "level": "专科",
            "abbreviation": "pvtc",
            "city": "廊坊市"
        },
        {
            "id": 1607,
            "name": "廊坊职业技术学院",
            "website": "http://www.lfzhjxy.net/",
            "provinceId": 3,
            "level": "专科",
            "abbreviation": "lfzhjxy",
            "city": "廊坊市"
        },
        {
            "id": 1626,
            "name": "廊坊燕京职业技术学院",
            "website": "http://www.lfyjzjxy.com/",
            "provinceId": 3,
            "level": "专科",
            "abbreviation": "lfyjzjxy",
            "city": "廊坊市"
        },
        {
            "id": 1629,
            "name": "廊坊卫生职业学院",
            "website": "http://www.lfwx.net/",
            "provinceId": 3,
            "level": "专科",
            "abbreviation": "lfwx",
            "city": "廊坊市"
        }
    ]
}