{
    "university": [
        {
            "id": 3694,
            "name": "云南大学旅游文化学院",
            "website": "http://www.lywhxy.com/",
            "provinceId": 25,
            "level": "本科",
            "abbreviation": "lywhxy",
            "city": "丽江市"
        },
        {
            "id": 3723,
            "name": "丽江师范高等专科学校",
            "website": "http://www.lj-edu.cn/",
            "provinceId": 25,
            "level": "专科",
            "abbreviation": "lj-edu",
            "city": "丽江市"
        }
    ]
}