{
    "university": [
        {
            "id": 1643,
            "name": "山西师范大学",
            "website": "http://www.sxnu.edu.cn/",
            "provinceId": 4,
            "level": "本科",
            "abbreviation": "sxnu",
            "city": "临汾市"
        },
        {
            "id": 1659,
            "name": "山西师范大学现代文理学院",
            "website": "http://www.xdwl-sxnu.cn/",
            "provinceId": 4,
            "level": "本科",
            "abbreviation": "xdwl-sxnu",
            "city": "临汾市"
        },
        {
            "id": 1684,
            "name": "临汾职业技术学院",
            "website": "http://www.lfvtc.cn/",
            "provinceId": 4,
            "level": "专科",
            "abbreviation": "lfvtc",
            "city": "临汾市"
        },
        {
            "id": 1689,
            "name": "山西信息职业技术学院",
            "website": "http://www.vcit.cn/",
            "provinceId": 4,
            "level": "专科",
            "abbreviation": "vcit",
            "city": "临汾市"
        },
        {
            "id": 1696,
            "name": "山西管理职业学院",
            "website": "http://www.sxglzyxy.com.cn/",
            "provinceId": 4,
            "level": "专科",
            "abbreviation": "sxglzyxy",
            "city": "临汾市"
        }
    ]
}