{
    "university": [
        {
            "id": 2498,
            "name": "三明学院",
            "website": "http://www.fjsmu.cn/",
            "provinceId": 13,
            "level": "本科",
            "abbreviation": "fjsmu",
            "city": "三明市"
        },
        {
            "id": 2551,
            "name": "三明医学科技职业学院",
            "website": "http://www.smvtc.com/",
            "provinceId": 13,
            "level": "专科",
            "abbreviation": "smvtc",
            "city": "三明市"
        }
    ]
}