{
    "university": [
        {
            "id": 3085,
            "name": "湖南理工学院",
            "website": "http://www.hnist.cn/",
            "provinceId": 18,
            "level": "本科",
            "abbreviation": "hnist",
            "city": "岳阳市"
        },
        {
            "id": 3116,
            "name": "湖南理工学院南湖学院",
            "website": "http://nh.80city.cn/",
            "provinceId": 18,
            "level": "本科",
            "abbreviation": "80city",
            "city": "岳阳市"
        },
        {
            "id": 3158,
            "name": "岳阳职业技术学院",
            "website": "http://www.yvtc.edu.cn/",
            "provinceId": 18,
            "level": "专科",
            "abbreviation": "yvtc",
            "city": "岳阳市"
        },
        {
            "id": 3164,
            "name": "湖南石油化工职业技术学院",
            "website": "http://www.hnshzy.cn/",
            "provinceId": 18,
            "level": "专科",
            "abbreviation": "hnshzy",
            "city": "岳阳市"
        },
        {
            "id": 3166,
            "name": "湖南民族职业学院",
            "website": "http://www.hnvc.net.cn/",
            "provinceId": 18,
            "level": "专科",
            "abbreviation": "hnvc",
            "city": "岳阳市"
        }
    ]
}