{
    "university": [
        {
            "id": 2105,
            "name": "盐城工学院",
            "website": "http://www.ycit.cn/",
            "provinceId": 10,
            "level": "本科",
            "abbreviation": "ycit",
            "city": "盐城市"
        },
        {
            "id": 2114,
            "name": "盐城师范学院",
            "website": "http://www.yctc.edu.cn/",
            "provinceId": 10,
            "level": "本科",
            "abbreviation": "yctc",
            "city": "盐城市"
        },
        {
            "id": 2166,
            "name": "盐城幼儿师范高等专科学校",
            "website": "http://www.yfysz.com/",
            "provinceId": 10,
            "level": "专科",
            "abbreviation": "yfysz",
            "city": "盐城市"
        },
        {
            "id": 2168,
            "name": "民办明达职业技术学院",
            "website": "http://www.mdut.cn/",
            "provinceId": 10,
            "level": "专科",
            "abbreviation": "mdut",
            "city": "盐城市"
        },
        {
            "id": 2190,
            "name": "江苏医药职业学院",
            "website": "http://www.jsycmc.com/",
            "provinceId": 10,
            "level": "专科",
            "abbreviation": "jsycmc",
            "city": "盐城市"
        },
        {
            "id": 2230,
            "name": "盐城工业职业技术学院",
            "website": "http://www.yctei.cn/",
            "provinceId": 10,
            "level": "专科",
            "abbreviation": "yctei",
            "city": "盐城市"
        }
    ]
}