{
    "university": [
        {
            "id": 3098,
            "name": "湖南城市学院",
            "website": "http://www.hncu.net/",
            "provinceId": 18,
            "level": "本科",
            "abbreviation": "hncu",
            "city": "益阳市"
        },
        {
            "id": 3169,
            "name": "益阳职业技术学院",
            "website": "http://www.yyvtc.cn/",
            "provinceId": 18,
            "level": "专科",
            "abbreviation": "yyvtc",
            "city": "益阳市"
        },
        {
            "id": 3170,
            "name": "湖南工艺美术职业学院",
            "website": "http://www.hnmeida.com.cn/",
            "provinceId": 18,
            "level": "专科",
            "abbreviation": "hnmeida",
            "city": "益阳市"
        },
        {
            "id": 3183,
            "name": "益阳医学高等专科学校",
            "website": "http://www.hnyyyz.com/",
            "provinceId": 18,
            "level": "专科",
            "abbreviation": "hnyyyz",
            "city": "益阳市"
        }
    ]
}