{
    "university": [
        {
            "id": 1844,
            "name": "盘锦职业技术学院",
            "website": "http://www.pjzy.net.cn/",
            "provinceId": 6,
            "level": "专科",
            "abbreviation": "pjzy",
            "city": "盘锦市"
        },
        {
            "id": 1863,
            "name": "辽河石油职业技术学院",
            "website": "http://www.lhptc.com/",
            "provinceId": 6,
            "level": "专科",
            "abbreviation": "lhptc",
            "city": "盘锦市"
        }
    ]
}