{
    "university": [
        {
            "id": 2485,
            "name": "福州大学",
            "website": "http://www.fzu.edu.cn/",
            "provinceId": 13,
            "level": "本科",
            "abbreviation": "fzu",
            "city": "福州市"
        },
        {
            "id": 2486,
            "name": "福建工程学院",
            "website": "http://www.fjut.edu.cn/",
            "provinceId": 13,
            "level": "本科",
            "abbreviation": "fjut",
            "city": "福州市"
        },
        {
            "id": 2487,
            "name": "福建农林大学",
            "website": "http://www.fafu.edu.cn/",
            "provinceId": 13,
            "level": "本科",
            "abbreviation": "fafu",
            "city": "福州市"
        },
        {
            "id": 2489,
            "name": "福建医科大学",
            "website": "http://www.fjmu.edu.cn/",
            "provinceId": 13,
            "level": "本科",
            "abbreviation": "fjmu",
            "city": "福州市"
        },
        {
            "id": 2490,
            "name": "福建中医药大学",
            "website": "http://www.fjtcm.edu.cn/",
            "provinceId": 13,
            "level": "本科",
            "abbreviation": "fjtcm",
            "city": "福州市"
        },
        {
            "id": 2491,
            "name": "福建师范大学",
            "website": "http://www.fjnu.edu.cn/",
            "provinceId": 13,
            "level": "本科",
            "abbreviation": "fjnu",
            "city": "福州市"
        },
        {
            "id": 2492,
            "name": "闽江学院",
            "website": "http://www.mju.edu.cn/",
            "provinceId": 13,
            "level": "本科",
            "abbreviation": "mju",
            "city": "福州市"
        },
        {
            "id": 2500,
            "name": "福建商学院",
            "website": "http://www.fjcc.edu.cn/",
            "provinceId": 13,
            "level": "本科",
            "abbreviation": "fjcc",
            "city": "福州市"
        },
        {
            "id": 2501,
            "name": "福建警察学院",
            "website": "http://www.fjpsc.edu.cn/",
            "provinceId": 13,
            "level": "本科",
            "abbreviation": "fjpsc",
            "city": "福州市"
        },
        {
            "id": 2504,
            "name": "厦门医学院",
            "website": "http://www.xmmc.edu.cn/",
            "provinceId": 13,
            "level": "本科",
            "abbreviation": "xmmc",
            "city": "福州市"
        },
        {
            "id": 2508,
            "name": "福建农林大学东方学院",
            "website": "http://www.fafuoc.com/",
            "provinceId": 13,
            "level": "本科",
            "abbreviation": "fafuoc",
            "city": "福州市"
        },
        {
            "id": 2510,
            "name": "阳光学院",
            "website": "http://ygxy.fzu.edu.cn/",
            "provinceId": 13,
            "level": "本科",
            "abbreviation": "fzu",
            "city": "福州市"
        },
        {
            "id": 2512,
            "name": "福州大学至诚学院",
            "website": "http://www.fdzcxy.com/",
            "provinceId": 13,
            "level": "本科",
            "abbreviation": "fdzcxy",
            "city": "福州市"
        },
        {
            "id": 2514,
            "name": "福建师范大学协和学院",
            "website": "http://cuc.fjnu.edu.cn/",
            "provinceId": 13,
            "level": "本科",
            "abbreviation": "fjnu",
            "city": "福州市"
        },
        {
            "id": 2515,
            "name": "福州外语外贸学院",
            "website": "http://www.fzfu.com/",
            "provinceId": 13,
            "level": "本科",
            "abbreviation": "fzfu",
            "city": "福州市"
        },
        {
            "id": 2516,
            "name": "福建江夏学院",
            "website": "http://www.jxxyc.cn/",
            "provinceId": 13,
            "level": "本科",
            "abbreviation": "jxxyc",
            "city": "福州市"
        },
        {
            "id": 2517,
            "name": "泉州信息工程学院",
            "website": "http://www.qziedu.cn/",
            "provinceId": 13,
            "level": "本科",
            "abbreviation": "qziedu",
            "city": "福州市"
        },
        {
            "id": 2518,
            "name": "福州理工学院",
            "website": "http://www.hxcollege.com/",
            "provinceId": 13,
            "level": "本科",
            "abbreviation": "hxcollege",
            "city": "福州市"
        },
        {
            "id": 2519,
            "name": "福建农林大学金山学院",
            "website": "http://www2.fjau.edu.cn/jsxy/",
            "provinceId": 13,
            "level": "本科",
            "abbreviation": "fjau",
            "city": "福州市"
        },
        {
            "id": 2520,
            "name": "福建船政交通职业学院",
            "website": "http://www.fjcpc.edu.cn/",
            "provinceId": 13,
            "level": "专科",
            "abbreviation": "fjcpc",
            "city": "福州市"
        },
        {
            "id": 2524,
            "name": "福建华南女子职业学院",
            "website": "http://www.hnwomen.com.cn/",
            "provinceId": 13,
            "level": "专科",
            "abbreviation": "hnwomen",
            "city": "福州市"
        },
        {
            "id": 2525,
            "name": "福州职业技术学院",
            "website": "http://www.fvti.cn/",
            "provinceId": 13,
            "level": "专科",
            "abbreviation": "fvti",
            "city": "福州市"
        },
        {
            "id": 2527,
            "name": "福建信息职业技术学院",
            "website": "http://www.mitu.cn/",
            "provinceId": 13,
            "level": "专科",
            "abbreviation": "mitu",
            "city": "福州市"
        },
        {
            "id": 2531,
            "name": "福建农业职业技术学院",
            "website": "http://www.fjny.com/",
            "provinceId": 13,
            "level": "专科",
            "abbreviation": "fjny",
            "city": "福州市"
        },
        {
            "id": 2532,
            "name": "福建卫生职业技术学院",
            "website": "http://www.fjwx.com.cn/",
            "provinceId": 13,
            "level": "专科",
            "abbreviation": "fjwx",
            "city": "福州市"
        },
        {
            "id": 2534,
            "name": "福州英华职业学院",
            "website": "http://www.fzacc.com/",
            "provinceId": 13,
            "level": "专科",
            "abbreviation": "fzacc",
            "city": "福州市"
        },
        {
            "id": 2539,
            "name": "福州黎明职业技术学院",
            "website": "http://www.fzlmxy.cn/",
            "provinceId": 13,
            "level": "专科",
            "abbreviation": "fzlmxy",
            "city": "福州市"
        },
        {
            "id": 2542,
            "name": "福州科技职业技术学院",
            "website": "http://www.fzstc.com/",
            "provinceId": 13,
            "level": "专科",
            "abbreviation": "fzstc",
            "city": "福州市"
        },
        {
            "id": 2544,
            "name": "福建对外经济贸易职业技术学院",
            "website": "http://www.fibec.cn/",
            "provinceId": 13,
            "level": "专科",
            "abbreviation": "fibec",
            "city": "福州市"
        },
        {
            "id": 2546,
            "name": "福建生物工程职业技术学院",
            "website": "http://www.fjvcb.cn/",
            "provinceId": 13,
            "level": "专科",
            "abbreviation": "fjvcb",
            "city": "福州市"
        },
        {
            "id": 2547,
            "name": "福建艺术职业学院",
            "website": "http://www.fjyszyxy.com/",
            "provinceId": 13,
            "level": "专科",
            "abbreviation": "fjyszyxy",
            "city": "福州市"
        },
        {
            "id": 2548,
            "name": "福建幼儿师范高等专科学校",
            "website": "http://www.fj61.net/",
            "provinceId": 13,
            "level": "专科",
            "abbreviation": "fj61",
            "city": "福州市"
        },
        {
            "id": 2553,
            "name": "福州软件职业技术学院",
            "website": "http://www.fzrjxy.com/",
            "provinceId": 13,
            "level": "专科",
            "abbreviation": "fzrjxy",
            "city": "福州市"
        },
        {
            "id": 2556,
            "name": "福建体育职业技术学院",
            "website": "http://www.fjipe.cn/",
            "provinceId": 13,
            "level": "专科",
            "abbreviation": "fjipe",
            "city": "福州市"
        },
        {
            "id": 2568,
            "name": "闽江师范高等专科学校",
            "website": "http://www.fzjyxy.com/",
            "provinceId": 13,
            "level": "专科",
            "abbreviation": "fzjyxy",
            "city": "福州市"
        },
        {
            "id": 2570,
            "name": "福州墨尔本理工职业学院",
            "website": "http://www.fmp.edu.cn/",
            "provinceId": 13,
            "level": "专科",
            "abbreviation": "fmp",
            "city": "福州市"
        }
    ]
}