{
    "university": [
        {
            "id": 1538,
            "name": "燕山大学",
            "website": "http://www.ysu.edu.cn/",
            "provinceId": 3,
            "level": "本科",
            "abbreviation": "ysu",
            "city": "秦皇岛"
        },
        {
            "id": 1539,
            "name": "河北科技师范学院",
            "website": "http://www.hevttc.edu.cn/",
            "provinceId": 3,
            "level": "本科",
            "abbreviation": "hevttc",
            "city": "秦皇岛"
        },
        {
            "id": 1563,
            "name": "燕山大学里仁学院",
            "website": "http://stc.ysu.edu.cn/",
            "provinceId": 3,
            "level": "本科",
            "abbreviation": "ysu",
            "city": "秦皇岛"
        },
        {
            "id": 1584,
            "name": "河北建材职业技术学院",
            "website": "http://www.hbjcxy.com/",
            "provinceId": 3,
            "level": "专科",
            "abbreviation": "hbjcxy",
            "city": "秦皇岛"
        },
        {
            "id": 1590,
            "name": "秦皇岛职业技术学院",
            "website": "http://www.qhdvtc.com/",
            "provinceId": 3,
            "level": "专科",
            "abbreviation": "qhdvtc",
            "city": "秦皇岛"
        },
        {
            "id": 1603,
            "name": "河北对外经贸职业学院",
            "website": "http://www.hbvcfl.com.cn/",
            "provinceId": 3,
            "level": "专科",
            "abbreviation": "hbvcfl",
            "city": "秦皇岛"
        }
    ]
}