{
    "university": [
        {
            "id": 2691,
            "name": "鲁东大学",
            "website": "http://www.ldu.edu.cn/",
            "provinceId": 15,
            "level": "本科",
            "abbreviation": "ldu",
            "city": "烟台市"
        },
        {
            "id": 2704,
            "name": "烟台大学",
            "website": "http://www.ytu.edu.cn/",
            "provinceId": 15,
            "level": "本科",
            "abbreviation": "ytu",
            "city": "烟台市"
        },
        {
            "id": 2708,
            "name": "山东工商学院",
            "website": "http://www.sdibt.edu.cn/",
            "provinceId": 15,
            "level": "本科",
            "abbreviation": "sdibt",
            "city": "烟台市"
        },
        {
            "id": 2710,
            "name": "烟台南山学院",
            "website": "http://www.nanshan.edu.cn/",
            "provinceId": 15,
            "level": "本科",
            "abbreviation": "nanshan",
            "city": "烟台市"
        },
        {
            "id": 2717,
            "name": "烟台大学文经学院",
            "website": "http://wenjing.ytu.edu.cn/",
            "provinceId": 15,
            "level": "本科",
            "abbreviation": "ytu",
            "city": "烟台市"
        },
        {
            "id": 2749,
            "name": "烟台职业学院",
            "website": "http://www.ytvc.com.cn/",
            "provinceId": 15,
            "level": "专科",
            "abbreviation": "ytvc",
            "city": "烟台市"
        },
        {
            "id": 2774,
            "name": "烟台工程职业技术学院",
            "website": "http://www.ytetc.edu.cn/",
            "provinceId": 15,
            "level": "专科",
            "abbreviation": "ytetc",
            "city": "烟台市"
        },
        {
            "id": 2781,
            "name": "山东中医药高等专科学校",
            "website": "http://www.stcmchina.com/",
            "provinceId": 15,
            "level": "专科",
            "abbreviation": "stcmchina",
            "city": "烟台市"
        },
        {
            "id": 2790,
            "name": "山东商务职业学院",
            "website": "http://www.sdbi.com.cn/",
            "provinceId": 15,
            "level": "专科",
            "abbreviation": "sdbi",
            "city": "烟台市"
        },
        {
            "id": 2793,
            "name": "烟台汽车工程职业学院",
            "website": "http://www.ytqcvc.cn/",
            "provinceId": 15,
            "level": "专科",
            "abbreviation": "ytqcvc",
            "city": "烟台市"
        },
        {
            "id": 2800,
            "name": "山东文化产业职业学院",
            "website": "http://www.sdcivc.com/",
            "provinceId": 15,
            "level": "专科",
            "abbreviation": "sdcivc",
            "city": "烟台市"
        },
        {
            "id": 2812,
            "name": "烟台黄金职业学院",
            "website": "http://www.ytgoldcollege.com/",
            "provinceId": 15,
            "level": "专科",
            "abbreviation": "ytgoldcoll",
            "city": "烟台市"
        }
    ]
}