{
    "university": [
        {
            "id": 2816,
            "name": "河南理工大学",
            "website": "http://www.hpu.edu.cn/",
            "provinceId": 16,
            "level": "本科",
            "abbreviation": "hpu",
            "city": "焦作市"
        },
        {
            "id": 2864,
            "name": "郑州工商学院",
            "website": "http://www.wanfang.edu.cn/",
            "provinceId": 16,
            "level": "本科",
            "abbreviation": "wanfang",
            "city": "焦作市"
        },
        {
            "id": 2874,
            "name": "焦作大学",
            "website": "http://www.jzu.edu.cn/",
            "provinceId": 16,
            "level": "专科",
            "abbreviation": "jzu",
            "city": "焦作市"
        },
        {
            "id": 2879,
            "name": "河南工业和信息化职业学院",
            "website": "http://www.hnets.edu.cn/",
            "provinceId": 16,
            "level": "专科",
            "abbreviation": "hnets",
            "city": "焦作市"
        },
        {
            "id": 2889,
            "name": "焦作师范高等专科学校",
            "website": "http://www.jzsz.cn/",
            "provinceId": 16,
            "level": "专科",
            "abbreviation": "jzsz",
            "city": "焦作市"
        },
        {
            "id": 2917,
            "name": "焦作工贸职业学院",
            "website": "http://www.jzgmxy.com/",
            "provinceId": 16,
            "level": "专科",
            "abbreviation": "jzgmxy",
            "city": "焦作市"
        }
    ]
}