{
    "university": [
        {
            "id": 3687,
            "name": "玉溪师范学院",
            "website": "http://www.yxnu.net/",
            "provinceId": 25,
            "level": "本科",
            "abbreviation": "yxnu",
            "city": "玉溪市"
        },
        {
            "id": 3713,
            "name": "玉溪农业职业技术学院",
            "website": "http://www.yxnzy.net/",
            "provinceId": 25,
            "level": "专科",
            "abbreviation": "yxnzy",
            "city": "玉溪市"
        }
    ]
}