{
    "university": [
        {
            "id": 3244,
            "name": "北京师范大学珠海分校",
            "website": "http://www.bnuep.com/",
            "provinceId": 19,
            "level": "本科",
            "abbreviation": "bnuep",
            "city": "珠海市"
        },
        {
            "id": 3248,
            "name": "北京理工大学珠海学院",
            "website": "http://www.zhbit.com/",
            "provinceId": 19,
            "level": "本科",
            "abbreviation": "zhbit",
            "city": "珠海市"
        },
        {
            "id": 3249,
            "name": "吉林大学珠海学院",
            "website": "http://www.jluzh.com/",
            "provinceId": 19,
            "level": "本科",
            "abbreviation": "jluzh",
            "city": "珠海市"
        },
        {
            "id": 3257,
            "name": "北京师范大学－香港浸会大学联合国际学院",
            "website": "http://uic.edu.hk/cn",
            "provinceId": 19,
            "level": "本科",
            "abbreviation": "edu",
            "city": "珠海市"
        },
        {
            "id": 3278,
            "name": "珠海艺术职业学院",
            "website": "http://www.zhac.net/",
            "provinceId": 19,
            "level": "专科",
            "abbreviation": "zhac",
            "city": "珠海市"
        },
        {
            "id": 3305,
            "name": "珠海城市职业技术学院",
            "website": "http://www.zhcpt.edu.cn/",
            "provinceId": 19,
            "level": "专科",
            "abbreviation": "zhcpt",
            "city": "珠海市"
        }
    ]
}