{
    "university": [
        {
            "id": 1956,
            "name": "牡丹江医学院",
            "website": "http://www.mdjmu.cn/",
            "provinceId": 8,
            "level": "本科",
            "abbreviation": "mdjmu",
            "city": "牡丹江市"
        },
        {
            "id": 1959,
            "name": "牡丹江师范学院",
            "website": "http://www.mdjnu.cn/",
            "provinceId": 8,
            "level": "本科",
            "abbreviation": "mdjnu",
            "city": "牡丹江市"
        },
        {
            "id": 1985,
            "name": "牡丹江大学",
            "website": "http://www.mdjdx.cn/",
            "provinceId": 8,
            "level": "专科",
            "abbreviation": "mdjdx",
            "city": "牡丹江市"
        },
        {
            "id": 1990,
            "name": "黑龙江林业职业技术学院",
            "website": "http://www.hljlzy.com/",
            "provinceId": 8,
            "level": "专科",
            "abbreviation": "hljlzy",
            "city": "牡丹江市"
        },
        {
            "id": 1999,
            "name": "黑龙江农业经济职业学院",
            "website": "http://www.nyjj.net.cn/",
            "provinceId": 8,
            "level": "专科",
            "abbreviation": "nyjj",
            "city": "牡丹江市"
        },
        {
            "id": 2003,
            "name": "黑龙江商业职业学院",
            "website": "http://www.hljszy.net/",
            "provinceId": 8,
            "level": "专科",
            "abbreviation": "hljszy",
            "city": "牡丹江市"
        },
        {
            "id": 2017,
            "name": "黑龙江幼儿师范高等专科学校",
            "website": "http://www.hljys.cn/",
            "provinceId": 8,
            "level": "专科",
            "abbreviation": "hljys",
            "city": "牡丹江市"
        }
    ]
}