{
    "university": [
        {
            "id": 1897,
            "name": "白城师范学院",
            "website": "http://www.bcsfxy.com/",
            "provinceId": 7,
            "level": "本科",
            "abbreviation": "bcsfxy",
            "city": "白城市"
        },
        {
            "id": 1932,
            "name": "白城医学高等专科学校",
            "website": "http://www.bcyz.cn/",
            "provinceId": 7,
            "level": "专科",
            "abbreviation": "bcyz",
            "city": "白城市"
        },
        {
            "id": 1936,
            "name": "白城职业技术学院",
            "website": "http://www.bcvit.cn/",
            "provinceId": 7,
            "level": "专科",
            "abbreviation": "bcvit",
            "city": "白城市"
        }
    ]
}