{
    "university": [
        {
            "id": 3350,
            "name": "右江民族医学院",
            "website": "http://www.ymcn.gx.cn/",
            "provinceId": 20,
            "level": "本科",
            "abbreviation": "ymcn",
            "city": "百色市"
        },
        {
            "id": 3360,
            "name": "百色学院",
            "website": "http://www.bsuc.cn/",
            "provinceId": 20,
            "level": "本科",
            "abbreviation": "bsuc",
            "city": "百色市"
        },
        {
            "id": 3405,
            "name": "百色职业学院",
            "website": "http://www.bszyxy.com/",
            "provinceId": 20,
            "level": "专科",
            "abbreviation": "bszyxy",
            "city": "百色市"
        },
        {
            "id": 3406,
            "name": "广西工程职业学院",
            "website": "http://www.gxgcedu.com/",
            "provinceId": 20,
            "level": "专科",
            "abbreviation": "gxgcedu",
            "city": "百色市"
        },
        {
            "id": 3413,
            "name": "广西培贤国际职业学院",
            "website": "http://xxsjxkj.ha185.cn/",
            "provinceId": 20,
            "level": "专科",
            "abbreviation": "ha185",
            "city": "百色市"
        }
    ]
}