{
    "university": [
        {
            "id": 3919,
            "name": "石河子大学",
            "website": "http://www.shzu.edu.cn/",
            "provinceId": 31,
            "level": "本科",
            "abbreviation": "shzu",
            "city": "石河子"
        },
        {
            "id": 3950,
            "name": "新疆石河子职业技术学院",
            "website": "http://www.xjshzzy.com/",
            "provinceId": 31,
            "level": "专科",
            "abbreviation": "xjshzzy",
            "city": "石河子"
        }
    ]
}