{
    "university": [
        {
            "id": 1517,
            "name": "河北地质大学",
            "website": "http://www.hgu.edu.cn/",
            "provinceId": 3,
            "level": "本科",
            "abbreviation": "hgu",
            "city": "石家庄"
        },
        {
            "id": 1520,
            "name": "河北科技大学",
            "website": "http://www.hebust.edu.cn/",
            "provinceId": 3,
            "level": "本科",
            "abbreviation": "hebust",
            "city": "石家庄"
        },
        {
            "id": 1524,
            "name": "河北医科大学",
            "website": "http://www.hebmu.edu.cn/",
            "provinceId": 3,
            "level": "本科",
            "abbreviation": "hebmu",
            "city": "石家庄"
        },
        {
            "id": 1527,
            "name": "河北师范大学",
            "website": "http://www.hebtu.edu.cn/",
            "provinceId": 3,
            "level": "本科",
            "abbreviation": "hebtu",
            "city": "石家庄"
        },
        {
            "id": 1533,
            "name": "石家庄学院",
            "website": "http://www.sjzc.edu.cn/",
            "provinceId": 3,
            "level": "本科",
            "abbreviation": "sjzc",
            "city": "石家庄"
        },
        {
            "id": 1537,
            "name": "石家庄铁道大学",
            "website": "http://www.stdu.edu.cn/",
            "provinceId": 3,
            "level": "本科",
            "abbreviation": "stdu",
            "city": "石家庄"
        },
        {
            "id": 1543,
            "name": "河北体育学院",
            "website": "http://www.hepec.edu.cn/",
            "provinceId": 3,
            "level": "本科",
            "abbreviation": "hepec",
            "city": "石家庄"
        },
        {
            "id": 1547,
            "name": "河北经贸大学",
            "website": "http://www.heuet.edu.cn/",
            "provinceId": 3,
            "level": "本科",
            "abbreviation": "heuet",
            "city": "石家庄"
        },
        {
            "id": 1549,
            "name": "河北传媒学院",
            "website": "http://www.hebic.cn/",
            "provinceId": 3,
            "level": "本科",
            "abbreviation": "hebic",
            "city": "石家庄"
        },
        {
            "id": 1550,
            "name": "河北工程技术学院",
            "website": "http://www.hbfsh.com/",
            "provinceId": 3,
            "level": "本科",
            "abbreviation": "hbfsh",
            "city": "石家庄"
        },
        {
            "id": 1551,
            "name": "河北美术学院",
            "website": "http://www.hbafa.com/",
            "provinceId": 3,
            "level": "本科",
            "abbreviation": "hbafa",
            "city": "石家庄"
        },
        {
            "id": 1553,
            "name": "河北外国语学院",
            "website": "http://www.hbwy.com.cn/",
            "provinceId": 3,
            "level": "本科",
            "abbreviation": "hbwy",
            "city": "石家庄"
        },
        {
            "id": 1556,
            "name": "河北科技大学理工学院",
            "website": "http://hbklg.hebust.edu.cn/",
            "provinceId": 3,
            "level": "本科",
            "abbreviation": "hebust",
            "city": "石家庄"
        },
        {
            "id": 1557,
            "name": "河北师范大学汇华学院",
            "website": "http://huihua.hebtu.edu.cn/",
            "provinceId": 3,
            "level": "本科",
            "abbreviation": "hebtu",
            "city": "石家庄"
        },
        {
            "id": 1558,
            "name": "河北经贸大学经济管理学院",
            "website": "http://jgxy.heuet.edu.cn/",
            "provinceId": 3,
            "level": "本科",
            "abbreviation": "heuet",
            "city": "石家庄"
        },
        {
            "id": 1559,
            "name": "河北医科大学临床学院",
            "website": "http://202.206.48.102/",
            "provinceId": 3,
            "level": "本科",
            "abbreviation": "206",
            "city": "石家庄"
        },
        {
            "id": 1564,
            "name": "石家庄铁道大学四方学院",
            "website": "http://www.stdusfc.cn/",
            "provinceId": 3,
            "level": "本科",
            "abbreviation": "stdusfc",
            "city": "石家庄"
        },
        {
            "id": 1565,
            "name": "河北地质大学华信学院",
            "website": "http://www.sjzuehx.cn/",
            "provinceId": 3,
            "level": "本科",
            "abbreviation": "sjzuehx",
            "city": "石家庄"
        },
        {
            "id": 1573,
            "name": "河北中医学院",
            "website": "http://www.hbcmc.edu.cn/",
            "provinceId": 3,
            "level": "本科",
            "abbreviation": "hbcmc",
            "city": "石家庄"
        },
        {
            "id": 1576,
            "name": "河北工业职业技术学院",
            "website": "http://www.hbcit.edu.cn/",
            "provinceId": 3,
            "level": "专科",
            "abbreviation": "hbcit",
            "city": "石家庄"
        },
        {
            "id": 1578,
            "name": "石家庄职业技术学院",
            "website": "http://www.sjzpt.edu.cn/",
            "provinceId": 3,
            "level": "专科",
            "abbreviation": "sjzpt",
            "city": "石家庄"
        },
        {
            "id": 1585,
            "name": "河北政法职业学院",
            "website": "http://www.helc.edu.cn/",
            "provinceId": 3,
            "level": "专科",
            "abbreviation": "helc",
            "city": "石家庄"
        },
        {
            "id": 1588,
            "name": "石家庄铁路职业技术学院",
            "website": "http://www.sirt.edu.cn/",
            "provinceId": 3,
            "level": "专科",
            "abbreviation": "sirt",
            "city": "石家庄"
        },
        {
            "id": 1591,
            "name": "石家庄工程职业学院",
            "website": "http://www.sjzcvc.com/",
            "provinceId": 3,
            "level": "专科",
            "abbreviation": "sjzcvc",
            "city": "石家庄"
        },
        {
            "id": 1592,
            "name": "石家庄城市经济职业学院",
            "website": "http://www.sjzcsjjxy.com/",
            "provinceId": 3,
            "level": "专科",
            "abbreviation": "sjzcsjjxy",
            "city": "石家庄"
        },
        {
            "id": 1597,
            "name": "河北艺术职业学院",
            "website": "http://www.hebart.com/",
            "provinceId": 3,
            "level": "专科",
            "abbreviation": "hebart",
            "city": "石家庄"
        },
        {
            "id": 1599,
            "name": "石家庄财经职业学院",
            "website": "http://www.sjzcj.edu.cn/",
            "provinceId": 3,
            "level": "专科",
            "abbreviation": "sjzcj",
            "city": "石家庄"
        },
        {
            "id": 1600,
            "name": "河北交通职业技术学院",
            "website": "http://www.hejtxy.edu.cn/",
            "provinceId": 3,
            "level": "专科",
            "abbreviation": "hejtxy",
            "city": "石家庄"
        },
        {
            "id": 1601,
            "name": "河北化工医药职业技术学院",
            "website": "http://www.hebcpc.cn/",
            "provinceId": 3,
            "level": "专科",
            "abbreviation": "hebcpc",
            "city": "石家庄"
        },
        {
            "id": 1602,
            "name": "石家庄信息工程职业学院",
            "website": "http://www.sjziei.com/",
            "provinceId": 3,
            "level": "专科",
            "abbreviation": "sjziei",
            "city": "石家庄"
        },
        {
            "id": 1609,
            "name": "石家庄邮电职业技术学院",
            "website": "http://www.sjzpc.edu.cn/",
            "provinceId": 3,
            "level": "专科",
            "abbreviation": "sjzpc",
            "city": "石家庄"
        },
        {
            "id": 1610,
            "name": "河北公安警察职业学院",
            "website": "http://www.hebsjy.com/",
            "provinceId": 3,
            "level": "专科",
            "abbreviation": "hebsjy",
            "city": "石家庄"
        },
        {
            "id": 1611,
            "name": "石家庄工商职业学院",
            "website": "http://www.sjzgsxy.com/",
            "provinceId": 3,
            "level": "专科",
            "abbreviation": "sjzgsxy",
            "city": "石家庄"
        },
        {
            "id": 1612,
            "name": "石家庄理工职业学院",
            "website": "http://www.sjzlg.com/",
            "provinceId": 3,
            "level": "专科",
            "abbreviation": "sjzlg",
            "city": "石家庄"
        },
        {
            "id": 1613,
            "name": "石家庄科技信息职业学院",
            "website": "http://www.kjxinxiedu.com/",
            "provinceId": 3,
            "level": "专科",
            "abbreviation": "kjxinxiedu",
            "city": "石家庄"
        },
        {
            "id": 1616,
            "name": "河北女子职业技术学院",
            "website": "http://www.hebnzxy.com/",
            "provinceId": 3,
            "level": "专科",
            "abbreviation": "hebnzxy",
            "city": "石家庄"
        },
        {
            "id": 1617,
            "name": "石家庄医学高等专科学校",
            "website": "http://www.sjzmc.cn/",
            "provinceId": 3,
            "level": "专科",
            "abbreviation": "sjzmc",
            "city": "石家庄"
        },
        {
            "id": 1618,
            "name": "石家庄经济职业学院",
            "website": "http://www.sjzjjxy.net/",
            "provinceId": 3,
            "level": "专科",
            "abbreviation": "sjzjjxy",
            "city": "石家庄"
        },
        {
            "id": 1620,
            "name": "石家庄人民医学高等专科学校",
            "website": "http://www.sjzrmyz.com/",
            "provinceId": 3,
            "level": "专科",
            "abbreviation": "sjzrmyz",
            "city": "石家庄"
        },
        {
            "id": 1621,
            "name": "石家庄科技工程职业学院",
            "website": "http://www.zdsf.net/",
            "provinceId": 3,
            "level": "专科",
            "abbreviation": "zdsf",
            "city": "石家庄"
        },
        {
            "id": 1623,
            "name": "石家庄科技职业学院",
            "website": "http://www.sjzkjxy.net/",
            "provinceId": 3,
            "level": "专科",
            "abbreviation": "sjzkjxy",
            "city": "石家庄"
        },
        {
            "id": 1628,
            "name": "石家庄幼儿师范高等专科学校",
            "website": "http://www.hbyesf.com/",
            "provinceId": 3,
            "level": "专科",
            "abbreviation": "hbyesf",
            "city": "石家庄"
        },
        {
            "id": 1630,
            "name": "河北轨道运输职业技术学院",
            "website": "http://www.hbgdys.cn/",
            "provinceId": 3,
            "level": "专科",
            "abbreviation": "hbgdys",
            "city": "石家庄"
        }
    ]
}