{
    "university": [
        {
            "id": 2269,
            "name": "绍兴文理学院",
            "website": "http://www.usx.edu.cn/",
            "provinceId": 11,
            "level": "本科",
            "abbreviation": "usx",
            "city": "绍兴市"
        },
        {
            "id": 2288,
            "name": "浙江越秀外国语学院",
            "website": "http://www.zyufl.edu.cn/",
            "provinceId": 11,
            "level": "本科",
            "abbreviation": "zyufl",
            "city": "绍兴市"
        },
        {
            "id": 2304,
            "name": "绍兴文理学院元培学院",
            "website": "http://www.ypcol.com/",
            "provinceId": 11,
            "level": "本科",
            "abbreviation": "ypcol",
            "city": "绍兴市"
        },
        {
            "id": 2337,
            "name": "浙江工业职业技术学院",
            "website": "http://www.zjipc.com/",
            "provinceId": 11,
            "level": "专科",
            "abbreviation": "zjipc",
            "city": "绍兴市"
        },
        {
            "id": 2341,
            "name": "绍兴职业技术学院",
            "website": "http://www.sxvtc.com/",
            "provinceId": 11,
            "level": "专科",
            "abbreviation": "sxvtc",
            "city": "绍兴市"
        },
        {
            "id": 2352,
            "name": "浙江邮电职业技术学院",
            "website": "http://www.zptc.cn/",
            "provinceId": 11,
            "level": "专科",
            "abbreviation": "zptc",
            "city": "绍兴市"
        },
        {
            "id": 2360,
            "name": "浙江农业商贸职业学院",
            "website": "http://www.znszy.com/",
            "provinceId": 11,
            "level": "专科",
            "abbreviation": "znszy",
            "city": "绍兴市"
        }
    ]
}