{
    "university": [
        {
            "id": 3505,
            "name": "西南科技大学",
            "website": "http://www.swust.edu.cn/",
            "provinceId": 23,
            "level": "本科",
            "abbreviation": "swust",
            "city": "绵阳市"
        },
        {
            "id": 3517,
            "name": "绵阳师范学院",
            "website": "http://www.mytc.edu.cn/",
            "provinceId": 23,
            "level": "本科",
            "abbreviation": "mytc",
            "city": "绵阳市"
        },
        {
            "id": 3544,
            "name": "西南财经大学天府学院",
            "website": "http://www.tf-swufe.net/",
            "provinceId": 23,
            "level": "本科",
            "abbreviation": "tf-swufe",
            "city": "绵阳市"
        },
        {
            "id": 3546,
            "name": "四川文化艺术学院",
            "website": "http://www.cymy.edu.cn/",
            "provinceId": 23,
            "level": "本科",
            "abbreviation": "cymy",
            "city": "绵阳市"
        },
        {
            "id": 3547,
            "name": "西南科技大学城市学院",
            "website": "http://www.ccswust.com.cn/",
            "provinceId": 23,
            "level": "本科",
            "abbreviation": "ccswust",
            "city": "绵阳市"
        },
        {
            "id": 3563,
            "name": "绵阳职业技术学院",
            "website": "http://www.myvtc.edu.cn/",
            "provinceId": 23,
            "level": "专科",
            "abbreviation": "myvtc",
            "city": "绵阳市"
        },
        {
            "id": 3587,
            "name": "四川中医药高等专科学校",
            "website": "http://www.scctcm.cn/",
            "provinceId": 23,
            "level": "专科",
            "abbreviation": "scctcm",
            "city": "绵阳市"
        },
        {
            "id": 3593,
            "name": "四川幼儿师范高等专科学校",
            "website": "http://www.scyesz.edu.cn/",
            "provinceId": 23,
            "level": "专科",
            "abbreviation": "scyesz",
            "city": "绵阳市"
        },
        {
            "id": 3598,
            "name": "四川汽车职业技术学院",
            "website": "http://www.scavtc.com/",
            "provinceId": 23,
            "level": "专科",
            "abbreviation": "scavtc",
            "city": "绵阳市"
        },
        {
            "id": 3601,
            "name": "四川电子机械职业技术学院",
            "website": "http://www.scemvtc.com/",
            "provinceId": 23,
            "level": "专科",
            "abbreviation": "scemvtc",
            "city": "绵阳市"
        }
    ]
}