{
    "university": [
        {
            "id": 2831,
            "name": "许昌学院",
            "website": "http://www.xcu.edu.cn/",
            "provinceId": 16,
            "level": "本科",
            "abbreviation": "xcu",
            "city": "许昌市"
        },
        {
            "id": 2878,
            "name": "许昌职业技术学院",
            "website": "http://www.xcitc.edu.cn/",
            "provinceId": 16,
            "level": "专科",
            "abbreviation": "xcitc",
            "city": "许昌市"
        },
        {
            "id": 2918,
            "name": "许昌陶瓷职业学院",
            "website": "http://www.xccvc.com/",
            "provinceId": 16,
            "level": "专科",
            "abbreviation": "xccvc",
            "city": "许昌市"
        },
        {
            "id": 2927,
            "name": "许昌电气职业学院",
            "website": "http://www.xcevc.cn/",
            "provinceId": 16,
            "level": "专科",
            "abbreviation": "xcevc",
            "city": "许昌市"
        }
    ]
}