{
    "university": [
        {
            "id": 2695,
            "name": "菏泽学院",
            "website": "http://www.hezeu.edu.cn/",
            "provinceId": 15,
            "level": "本科",
            "abbreviation": "hezeu",
            "city": "菏泽市"
        },
        {
            "id": 2737,
            "name": "菏泽医学专科学校",
            "website": "http://www.hzmc.edu.cn/",
            "provinceId": 15,
            "level": "专科",
            "abbreviation": "hzmc",
            "city": "菏泽市"
        },
        {
            "id": 2808,
            "name": "菏泽职业学院",
            "website": "http://www.hzzyxy.com/",
            "provinceId": 15,
            "level": "专科",
            "abbreviation": "hzzyxy",
            "city": "菏泽市"
        }
    ]
}