{
    "university": [
        {
            "id": 3683,
            "name": "红河学院",
            "website": "http://www.uoh.edu.cn/",
            "provinceId": 25,
            "level": "本科",
            "abbreviation": "uoh",
            "city": "蒙自市"
        },
        {
            "id": 3734,
            "name": "红河卫生职业学院",
            "website": "http://www.hhwx.org.cn/",
            "provinceId": 25,
            "level": "专科",
            "abbreviation": "hhwx",
            "city": "蒙自市"
        }
    ]
}