{
    "university": [
        {
            "id": 3507,
            "name": "四川理工学院",
            "website": "http://www.suse.edu.cn/",
            "provinceId": 23,
            "level": "本科",
            "abbreviation": "suse",
            "city": "自贡市"
        },
        {
            "id": 3597,
            "name": "四川卫生康复职业学院",
            "website": "http://www.sczghs.com/",
            "provinceId": 23,
            "level": "专科",
            "abbreviation": "sczghs",
            "city": "自贡市"
        }
    ]
}