{
    "university": [
        {
            "id": 3724,
            "name": "德宏师范高等专科学校",
            "website": "http://www.yndhec.net/",
            "provinceId": 25,
            "level": "专科",
            "abbreviation": "yndhec",
            "city": "芒市"
        },
        {
            "id": 3729,
            "name": "德宏职业学院",
            "website": "http://www.yndhvc.com/",
            "provinceId": 25,
            "level": "专科",
            "abbreviation": "yndhvc",
            "city": "芒市"
        }
    ]
}