{
    "university": [
        {
            "id": 2369,
            "name": "安徽工程大学",
            "website": "http://www.ahpu.edu.cn/",
            "provinceId": 12,
            "level": "本科",
            "abbreviation": "ahpu",
            "city": "芜湖市"
        },
        {
            "id": 2373,
            "name": "皖南医学院",
            "website": "http://www.wnmc.edu.cn/",
            "provinceId": 12,
            "level": "本科",
            "abbreviation": "wnmc",
            "city": "芜湖市"
        },
        {
            "id": 2375,
            "name": "安徽师范大学",
            "website": "http://www.ahnu.edu.cn/",
            "provinceId": 12,
            "level": "本科",
            "abbreviation": "ahnu",
            "city": "芜湖市"
        },
        {
            "id": 2399,
            "name": "安徽信息工程学院",
            "website": "http://www.ahpumec.edu.cn",
            "provinceId": 12,
            "level": "本科",
            "abbreviation": "ahpumec",
            "city": "芜湖市"
        },
        {
            "id": 2403,
            "name": "安徽师范大学皖江学院",
            "website": "http://wjxy.ahnu.edu.cn/",
            "provinceId": 12,
            "level": "本科",
            "abbreviation": "ahnu",
            "city": "芜湖市"
        },
        {
            "id": 2411,
            "name": "芜湖职业技术学院",
            "website": "http://www.whptu.ah.cn/",
            "provinceId": 12,
            "level": "专科",
            "abbreviation": "whptu",
            "city": "芜湖市"
        },
        {
            "id": 2429,
            "name": "安徽中医药高等专科学校",
            "website": "http://www.ahzyygz.com/",
            "provinceId": 12,
            "level": "专科",
            "abbreviation": "ahzyygz",
            "city": "芜湖市"
        },
        {
            "id": 2440,
            "name": "安徽机电职业技术学院",
            "website": "http://www.ahcme.cn/",
            "provinceId": 12,
            "level": "专科",
            "abbreviation": "ahcme",
            "city": "芜湖市"
        },
        {
            "id": 2458,
            "name": "安庆医药高等专科学校",
            "website": "http://www.aqyyz.cn/",
            "provinceId": 12,
            "level": "专科",
            "abbreviation": "aqyyz",
            "city": "芜湖市"
        },
        {
            "id": 2476,
            "name": "安徽扬子职业技术学院",
            "website": "http://www.yangzixueyuan.com/",
            "provinceId": 12,
            "level": "专科",
            "abbreviation": "yangzixuey",
            "city": "芜湖市"
        }
    ]
}