{
    "university": [
        {
            "id": 3212,
            "name": "肇庆学院",
            "website": "http://www.zqu.edu.cn/",
            "provinceId": 19,
            "level": "本科",
            "abbreviation": "zqu",
            "city": "肇庆市"
        },
        {
            "id": 3252,
            "name": "广东理工学院",
            "website": "http://www.gdlgxy.com/",
            "provinceId": 19,
            "level": "本科",
            "abbreviation": "gdlgxy",
            "city": "肇庆市"
        },
        {
            "id": 3310,
            "name": "广东工商职业学院",
            "website": "http://www.zqtbu.com/",
            "provinceId": 19,
            "level": "专科",
            "abbreviation": "zqtbu",
            "city": "肇庆市"
        },
        {
            "id": 3311,
            "name": "肇庆医学高等专科学校",
            "website": "http://www.zqmc.net/",
            "provinceId": 19,
            "level": "专科",
            "abbreviation": "zqmc",
            "city": "肇庆市"
        },
        {
            "id": 3336,
            "name": "广东信息工程职业学院",
            "website": "http://121.10.238.88/",
            "provinceId": 19,
            "level": "专科",
            "abbreviation": "10",
            "city": "肇庆市"
        }
    ]
}