{
    "university": [
        {
            "id": 2588,
            "name": "萍乡学院",
            "website": "http://www.pxc.jx.cn/",
            "provinceId": 14,
            "level": "本科",
            "abbreviation": "pxc",
            "city": "萍乡市"
        },
        {
            "id": 2630,
            "name": "江西应用工程职业学院",
            "website": "http://www.jxatei.net/",
            "provinceId": 14,
            "level": "专科",
            "abbreviation": "jxatei",
            "city": "萍乡市"
        },
        {
            "id": 2632,
            "name": "江西工业工程职业技术学院",
            "website": "http://www.jxgcxy.net/",
            "provinceId": 14,
            "level": "专科",
            "abbreviation": "jxgcxy",
            "city": "萍乡市"
        }
    ]
}