{
    "university": [
        {
            "id": 1831,
            "name": "营口理工学院",
            "website": "http://www.yku.edu.cn/",
            "provinceId": 6,
            "level": "本科",
            "abbreviation": "yku",
            "city": "营口市"
        },
        {
            "id": 1835,
            "name": "营口职业技术学院",
            "website": "http://www.ykdx.net/",
            "provinceId": 6,
            "level": "专科",
            "abbreviation": "ykdx",
            "city": "营口市"
        },
        {
            "id": 1838,
            "name": "辽宁农业职业技术学院",
            "website": "http://www.lnnzy.ln.cn/",
            "provinceId": 6,
            "level": "专科",
            "abbreviation": "lnnzy",
            "city": "营口市"
        }
    ]
}