{
    "university": [
        {
            "id": 2262,
            "name": "浙江海洋大学",
            "website": "http://www.zjou.net.cn/",
            "provinceId": 11,
            "level": "本科",
            "abbreviation": "zjou",
            "city": "舟山市"
        },
        {
            "id": 2298,
            "name": "浙江海洋大学东海科学技术学院",
            "website": "http://dk.zjou.edu.cn/",
            "provinceId": 11,
            "level": "本科",
            "abbreviation": "zjou",
            "city": "舟山市"
        },
        {
            "id": 2355,
            "name": "浙江国际海运职业技术学院",
            "website": "http://www.zimc.cn/",
            "provinceId": 11,
            "level": "专科",
            "abbreviation": "zimc",
            "city": "舟山市"
        },
        {
            "id": 2363,
            "name": "浙江舟山群岛新区旅游与健康职业学院",
            "website": "http://www.zsthc.com/",
            "provinceId": 11,
            "level": "专科",
            "abbreviation": "zsthc",
            "city": "舟山市"
        }
    ]
}