{
    "university": [
        {
            "id": 2948,
            "name": "长江大学",
            "website": "http://www.yangtzeu.edu.cn/",
            "provinceId": 17,
            "level": "本科",
            "abbreviation": "yangtzeu",
            "city": "荆州市"
        },
        {
            "id": 2995,
            "name": "长江大学工程技术学院",
            "website": "http://gcxy.yangtzeu.edu.cn/",
            "provinceId": 17,
            "level": "本科",
            "abbreviation": "yangtzeu",
            "city": "荆州市"
        },
        {
            "id": 2996,
            "name": "长江大学文理学院",
            "website": "http://wlxy.yangtzeu.edu.cn/",
            "provinceId": 17,
            "level": "本科",
            "abbreviation": "yangtzeu",
            "city": "荆州市"
        },
        {
            "id": 3025,
            "name": "荆州职业技术学院",
            "website": "http://www.jzit.net.cn/",
            "provinceId": 17,
            "level": "专科",
            "abbreviation": "jzit",
            "city": "荆州市"
        },
        {
            "id": 3030,
            "name": "湖北中医药高等专科学校",
            "website": "http://www.hbzyy.org/",
            "provinceId": 17,
            "level": "专科",
            "abbreviation": "hbzyy",
            "city": "荆州市"
        }
    ]
}