{
    "university": [
        {
            "id": 2976,
            "name": "荆楚理工学院",
            "website": "http://www.jcut.edu.cn/",
            "provinceId": 17,
            "level": "本科",
            "abbreviation": "jcut",
            "city": "荆门市"
        },
        {
            "id": 3071,
            "name": "荆门职业学院",
            "website": "http://www.jmzyxy.net.cn/",
            "provinceId": 17,
            "level": "专科",
            "abbreviation": "jmzyxy",
            "city": "荆门市"
        }
    ]
}