{
    "university": [
        {
            "id": 1532,
            "name": "衡水学院",
            "website": "http://www.hsnc.edu.cn/",
            "provinceId": 3,
            "level": "本科",
            "abbreviation": "hsnc",
            "city": "衡水市"
        },
        {
            "id": 1594,
            "name": "衡水职业技术学院",
            "website": "http://www.hsvtc.cn/",
            "provinceId": 3,
            "level": "专科",
            "abbreviation": "hsvtc",
            "city": "衡水市"
        }
    ]
}