{
    "university": [
        {
            "id": 3087,
            "name": "衡阳师范学院",
            "website": "http://www.hynu.edu.cn/",
            "provinceId": 18,
            "level": "本科",
            "abbreviation": "hynu",
            "city": "衡阳市"
        },
        {
            "id": 3094,
            "name": "南华大学",
            "website": "http://www.usc.edu.cn/",
            "provinceId": 18,
            "level": "本科",
            "abbreviation": "usc",
            "city": "衡阳市"
        },
        {
            "id": 3099,
            "name": "湖南工学院",
            "website": "http://www.hnpu.edu.cn/",
            "provinceId": 18,
            "level": "本科",
            "abbreviation": "hnpu",
            "city": "衡阳市"
        },
        {
            "id": 3110,
            "name": "南华大学船山学院",
            "website": "http://usc.edu.cn/csxy/",
            "provinceId": 18,
            "level": "本科",
            "abbreviation": "edu",
            "city": "衡阳市"
        },
        {
            "id": 3117,
            "name": "衡阳师范学院南岳学院",
            "website": "http://nyxy.hynu.cn/",
            "provinceId": 18,
            "level": "本科",
            "abbreviation": "hynu",
            "city": "衡阳市"
        },
        {
            "id": 3125,
            "name": "湖南交通工程学院",
            "website": "http://www.hnkjjm.com/",
            "provinceId": 18,
            "level": "本科",
            "abbreviation": "hnkjjm",
            "city": "衡阳市"
        },
        {
            "id": 3147,
            "name": "湖南环境生物职业技术学院",
            "website": "http://www.hnebp.edu.cn/",
            "provinceId": 18,
            "level": "专科",
            "abbreviation": "hnebp",
            "city": "衡阳市"
        },
        {
            "id": 3168,
            "name": "湖南财经工业职业技术学院",
            "website": "http://www.hycgy.com/",
            "provinceId": 18,
            "level": "专科",
            "abbreviation": "hycgy",
            "city": "衡阳市"
        },
        {
            "id": 3178,
            "name": "湖南高速铁路职业技术学院",
            "website": "http://www.htcrh.com/",
            "provinceId": 18,
            "level": "专科",
            "abbreviation": "htcrh",
            "city": "衡阳市"
        },
        {
            "id": 3188,
            "name": "湖南工商职业学院",
            "website": "http://www.hngsxy.com/",
            "provinceId": 18,
            "level": "专科",
            "abbreviation": "hngsxy",
            "city": "衡阳市"
        }
    ]
}