{
    "university": [
        {
            "id": 2284,
            "name": "衢州学院",
            "website": "http://www.qzu.zj.cn/",
            "provinceId": 11,
            "level": "本科",
            "abbreviation": "qzu",
            "city": "衢州市"
        },
        {
            "id": 2342,
            "name": "衢州职业技术学院",
            "website": "http://www.qzct.net/",
            "provinceId": 11,
            "level": "专科",
            "abbreviation": "qzct",
            "city": "衢州市"
        }
    ]
}