{
    "university": [
        {
            "id": 3228,
            "name": "广东石油化工学院",
            "website": "http://www.gdpa.edu.cn/",
            "provinceId": 19,
            "level": "本科",
            "abbreviation": "gdpa",
            "city": "茂名市"
        },
        {
            "id": 3304,
            "name": "茂名职业技术学院",
            "website": "http://www.mmvtc.cn/",
            "provinceId": 19,
            "level": "专科",
            "abbreviation": "mmvtc",
            "city": "茂名市"
        },
        {
            "id": 3341,
            "name": "广东茂名幼儿师范专科学校",
            "website": "http://www.gdgzsf.cn/",
            "provinceId": 19,
            "level": "专科",
            "abbreviation": "gdgzsf",
            "city": "茂名市"
        }
    ]
}