{
    "university": [
        {
            "id": 2090,
            "name": "苏州大学",
            "website": "http://www.suda.edu.cn/",
            "provinceId": 10,
            "level": "本科",
            "abbreviation": "suda",
            "city": "苏州市"
        },
        {
            "id": 2119,
            "name": "苏州科技大学",
            "website": "http://www.usts.edu.cn/",
            "provinceId": 10,
            "level": "本科",
            "abbreviation": "usts",
            "city": "苏州市"
        },
        {
            "id": 2120,
            "name": "常熟理工学院",
            "website": "http://www.cslg.cn/",
            "provinceId": 10,
            "level": "本科",
            "abbreviation": "cslg",
            "city": "苏州市"
        },
        {
            "id": 2151,
            "name": "苏州大学应用技术学院",
            "website": "http://tec.suda.edu.cn/",
            "provinceId": 10,
            "level": "本科",
            "abbreviation": "suda",
            "city": "苏州市"
        },
        {
            "id": 2152,
            "name": "苏州科技大学天平学院",
            "website": "http://tpxy.usts.edu.cn/",
            "provinceId": 10,
            "level": "本科",
            "abbreviation": "usts",
            "city": "苏州市"
        },
        {
            "id": 2164,
            "name": "西交利物浦大学",
            "website": "http://www.xjtlu.edu.cn/",
            "provinceId": 10,
            "level": "本科",
            "abbreviation": "xjtlu",
            "city": "苏州市"
        },
        {
            "id": 2167,
            "name": "苏州幼儿师范高等专科学校",
            "website": "http://www.szys.net/",
            "provinceId": 10,
            "level": "专科",
            "abbreviation": "szys",
            "city": "苏州市"
        },
        {
            "id": 2173,
            "name": "苏州工艺美术职业技术学院",
            "website": "http://www.sgmart.com/",
            "provinceId": 10,
            "level": "专科",
            "abbreviation": "sgmart",
            "city": "苏州市"
        },
        {
            "id": 2177,
            "name": "苏州职业大学",
            "website": "http://www.jssvc.edu.cn/",
            "provinceId": 10,
            "level": "专科",
            "abbreviation": "jssvc",
            "city": "苏州市"
        },
        {
            "id": 2183,
            "name": "硅湖职业技术学院",
            "website": "http://www.usl.edu.cn/",
            "provinceId": 10,
            "level": "专科",
            "abbreviation": "usl",
            "city": "苏州市"
        },
        {
            "id": 2193,
            "name": "苏州经贸职业技术学院",
            "website": "http://www.szjm.edu.cn/",
            "provinceId": 10,
            "level": "专科",
            "abbreviation": "szjm",
            "city": "苏州市"
        },
        {
            "id": 2194,
            "name": "苏州工业职业技术学院",
            "website": "http://www.siit.cn/",
            "provinceId": 10,
            "level": "专科",
            "abbreviation": "siit",
            "city": "苏州市"
        },
        {
            "id": 2195,
            "name": "苏州托普信息职业技术学院",
            "website": "http://www.szetop.com/",
            "provinceId": 10,
            "level": "专科",
            "abbreviation": "szetop",
            "city": "苏州市"
        },
        {
            "id": 2196,
            "name": "苏州卫生职业技术学院",
            "website": "http://www.szmtc.com/",
            "provinceId": 10,
            "level": "专科",
            "abbreviation": "szmtc",
            "city": "苏州市"
        },
        {
            "id": 2203,
            "name": "苏州农业职业技术学院",
            "website": "http://www.szai.com/",
            "provinceId": 10,
            "level": "专科",
            "abbreviation": "szai",
            "city": "苏州市"
        },
        {
            "id": 2204,
            "name": "苏州工业园区职业技术学院",
            "website": "http://www.sipivt.edu.cn/",
            "provinceId": 10,
            "level": "专科",
            "abbreviation": "sipivt",
            "city": "苏州市"
        },
        {
            "id": 2229,
            "name": "苏州健雄职业技术学院",
            "website": "http://www.wjxvtc.cn/",
            "provinceId": 10,
            "level": "专科",
            "abbreviation": "wjxvtc",
            "city": "苏州市"
        },
        {
            "id": 2233,
            "name": "苏州百年职业学院",
            "website": "http://www.scc.edu.cn/",
            "provinceId": 10,
            "level": "专科",
            "abbreviation": "scc",
            "city": "苏州市"
        },
        {
            "id": 2239,
            "name": "苏州高博软件技术职业学院",
            "website": "http://www.gist.edu.cn/",
            "provinceId": 10,
            "level": "专科",
            "abbreviation": "gist",
            "city": "苏州市"
        },
        {
            "id": 2244,
            "name": "苏州工业园区服务外包职业学院",
            "website": "http://www.siso.edu.cn/",
            "provinceId": 10,
            "level": "专科",
            "abbreviation": "siso",
            "city": "苏州市"
        },
        {
            "id": 2256,
            "name": "昆山登云科技职业学院",
            "website": "http://www.dyc.edu.cn/",
            "provinceId": 10,
            "level": "专科",
            "abbreviation": "dyc",
            "city": "苏州市"
        }
    ]
}