{
    "university": [
        {
            "id": 3004,
            "name": "湖北文理学院理工学院",
            "website": "http://www.xfu.edu.cn/zsweb/lg",
            "provinceId": 17,
            "level": "本科",
            "abbreviation": "xfu",
            "city": "襄阳市"
        },
        {
            "id": 3023,
            "name": "襄阳职业技术学院",
            "website": "http://www.hbxftc.com/",
            "provinceId": 17,
            "level": "专科",
            "abbreviation": "hbxftc",
            "city": "襄阳市"
        },
        {
            "id": 3066,
            "name": "襄阳汽车职业技术学院",
            "website": "http://www.xyqczy.com/",
            "provinceId": 17,
            "level": "专科",
            "abbreviation": "xyqczy",
            "city": "襄阳市"
        }
    ]
}