{
    "university": [
        {
            "id": 3511,
            "name": "西昌学院",
            "website": "http://www.xcc.sc.cn/",
            "provinceId": 23,
            "level": "本科",
            "abbreviation": "xcc",
            "city": "西昌市"
        },
        {
            "id": 3608,
            "name": "四川应用技术职业学院",
            "website": "http://www.sccas.net/",
            "provinceId": 23,
            "level": "专科",
            "abbreviation": "sccas",
            "city": "西昌市"
        }
    ]
}