{
    "university": [
        {
            "id": 3886,
            "name": "青海大学",
            "website": "http://www.qhu.edu.cn/",
            "provinceId": 29,
            "level": "本科",
            "abbreviation": "qhu",
            "city": "西宁市"
        },
        {
            "id": 3887,
            "name": "青海师范大学",
            "website": "http://www.qhnu.edu.cn/",
            "provinceId": 29,
            "level": "本科",
            "abbreviation": "qhnu",
            "city": "西宁市"
        },
        {
            "id": 3888,
            "name": "青海民族大学",
            "website": "http://www.qhmu.edu.cn/",
            "provinceId": 29,
            "level": "本科",
            "abbreviation": "qhmu",
            "city": "西宁市"
        },
        {
            "id": 3889,
            "name": "青海大学昆仑学院",
            "website": "http://klc.qhu.edu.cn/",
            "provinceId": 29,
            "level": "专科",
            "abbreviation": "qhu",
            "city": "西宁市"
        },
        {
            "id": 3890,
            "name": "青海卫生职业技术学院",
            "website": "http://www.qhwszy.edu.cn/",
            "provinceId": 29,
            "level": "专科",
            "abbreviation": "qhwszy",
            "city": "西宁市"
        },
        {
            "id": 3891,
            "name": "青海警官职业学院",
            "website": "http://www.qhjyedu.com/",
            "provinceId": 29,
            "level": "专科",
            "abbreviation": "qhjyedu",
            "city": "西宁市"
        },
        {
            "id": 3892,
            "name": "青海畜牧兽医职业技术学院",
            "website": "http://www.qhxmzy.com.cn/",
            "provinceId": 29,
            "level": "专科",
            "abbreviation": "qhxmzy",
            "city": "西宁市"
        },
        {
            "id": 3893,
            "name": "青海交通职业技术学院",
            "website": "http://www.qhctc.edu.cn/",
            "provinceId": 29,
            "level": "专科",
            "abbreviation": "qhctc",
            "city": "西宁市"
        },
        {
            "id": 3894,
            "name": "青海建筑职业技术学院",
            "website": "http://www.qhavtc.com/",
            "provinceId": 29,
            "level": "专科",
            "abbreviation": "qhavtc",
            "city": "西宁市"
        },
        {
            "id": 3895,
            "name": "西宁城市职业技术学院",
            "website": "http://www.xncszy.com/",
            "provinceId": 29,
            "level": "专科",
            "abbreviation": "xncszy",
            "city": "西宁市"
        }
    ]
}