{
    "university": [
        {
            "id": 3747,
            "name": "西北大学",
            "website": "http://www.nwu.edu.cn/",
            "provinceId": 27,
            "level": "本科",
            "abbreviation": "nwu",
            "city": "西安市"
        },
        {
            "id": 3748,
            "name": "西安交通大学",
            "website": "http://www.xjtu.edu.cn/",
            "provinceId": 27,
            "level": "本科",
            "abbreviation": "xjtu",
            "city": "西安市"
        },
        {
            "id": 3749,
            "name": "西北工业大学",
            "website": "http://www.nwpu.edu.cn/",
            "provinceId": 27,
            "level": "本科",
            "abbreviation": "nwpu",
            "city": "西安市"
        },
        {
            "id": 3750,
            "name": "西安理工大学",
            "website": "http://www.xaut.edu.cn/",
            "provinceId": 27,
            "level": "本科",
            "abbreviation": "xaut",
            "city": "西安市"
        },
        {
            "id": 3751,
            "name": "西安电子科技大学",
            "website": "http://www.xidian.edu.cn/",
            "provinceId": 27,
            "level": "本科",
            "abbreviation": "xidian",
            "city": "西安市"
        },
        {
            "id": 3752,
            "name": "西安工业大学",
            "website": "http://www.xatu.cn/",
            "provinceId": 27,
            "level": "本科",
            "abbreviation": "xatu",
            "city": "西安市"
        },
        {
            "id": 3753,
            "name": "西安建筑科技大学",
            "website": "http://www.xauat.edu.cn/",
            "provinceId": 27,
            "level": "本科",
            "abbreviation": "xauat",
            "city": "西安市"
        },
        {
            "id": 3754,
            "name": "西安科技大学",
            "website": "http://www.xust.edu.cn/",
            "provinceId": 27,
            "level": "本科",
            "abbreviation": "xust",
            "city": "西安市"
        },
        {
            "id": 3755,
            "name": "西安石油大学",
            "website": "http://www.xapi.edu.cn/",
            "provinceId": 27,
            "level": "本科",
            "abbreviation": "xapi",
            "city": "西安市"
        },
        {
            "id": 3756,
            "name": "陕西科技大学",
            "website": "http://www.sust.edu.cn/",
            "provinceId": 27,
            "level": "本科",
            "abbreviation": "sust",
            "city": "西安市"
        },
        {
            "id": 3757,
            "name": "西安工程大学",
            "website": "http://www.xpu.edu.cn/",
            "provinceId": 27,
            "level": "本科",
            "abbreviation": "xpu",
            "city": "西安市"
        },
        {
            "id": 3758,
            "name": "长安大学",
            "website": "http://www.chd.edu.cn/",
            "provinceId": 27,
            "level": "本科",
            "abbreviation": "chd",
            "city": "西安市"
        },
        {
            "id": 3761,
            "name": "陕西师范大学",
            "website": "http://www.snnu.edu.cn/",
            "provinceId": 27,
            "level": "本科",
            "abbreviation": "snnu",
            "city": "西安市"
        },
        {
            "id": 3767,
            "name": "西安外国语大学",
            "website": "http://www.xisu.edu.cn/",
            "provinceId": 27,
            "level": "本科",
            "abbreviation": "xisu",
            "city": "西安市"
        },
        {
            "id": 3768,
            "name": "西北政法大学",
            "website": "http://www.nwupl.cn/",
            "provinceId": 27,
            "level": "本科",
            "abbreviation": "nwupl",
            "city": "西安市"
        },
        {
            "id": 3769,
            "name": "西安体育学院",
            "website": "http://www.xaipe.edu.cn/",
            "provinceId": 27,
            "level": "本科",
            "abbreviation": "xaipe",
            "city": "西安市"
        },
        {
            "id": 3770,
            "name": "西安音乐学院",
            "website": "http://www.xacom.edu.cn/",
            "provinceId": 27,
            "level": "本科",
            "abbreviation": "xacom",
            "city": "西安市"
        },
        {
            "id": 3771,
            "name": "西安美术学院",
            "website": "http://www.xafa.edu.cn/",
            "provinceId": 27,
            "level": "本科",
            "abbreviation": "xafa",
            "city": "西安市"
        },
        {
            "id": 3772,
            "name": "西安文理学院",
            "website": "http://www.xawl.org/",
            "provinceId": 27,
            "level": "本科",
            "abbreviation": "xawl",
            "city": "西安市"
        },
        {
            "id": 3776,
            "name": "西安培华学院",
            "website": "http://www.peihua.cn/",
            "provinceId": 27,
            "level": "本科",
            "abbreviation": "peihua",
            "city": "西安市"
        },
        {
            "id": 3777,
            "name": "西安财经学院",
            "website": "http://www.xaufe.edu.cn/",
            "provinceId": 27,
            "level": "本科",
            "abbreviation": "xaufe",
            "city": "西安市"
        },
        {
            "id": 3778,
            "name": "西安邮电大学",
            "website": "http://www.xiyou.edu.cn/",
            "provinceId": 27,
            "level": "本科",
            "abbreviation": "xiyou",
            "city": "西安市"
        },
        {
            "id": 3779,
            "name": "西安航空学院",
            "website": "http://www.xaau.edu.cn/",
            "provinceId": 27,
            "level": "专科",
            "abbreviation": "xaau",
            "city": "西安市"
        },
        {
            "id": 3780,
            "name": "西安医学院",
            "website": "http://www.xiyi.edu.cn/",
            "provinceId": 27,
            "level": "本科",
            "abbreviation": "xiyi",
            "city": "西安市"
        },
        {
            "id": 3781,
            "name": "西安欧亚学院",
            "website": "http://www.eurasia.edu/",
            "provinceId": 27,
            "level": "本科",
            "abbreviation": "eurasia",
            "city": "西安市"
        },
        {
            "id": 3782,
            "name": "西安外事学院",
            "website": "http://www.xaiu.edu.cn/",
            "provinceId": 27,
            "level": "本科",
            "abbreviation": "xaiu",
            "city": "西安市"
        },
        {
            "id": 3783,
            "name": "西安翻译学院",
            "website": "http://www.xafy.edu.cn/",
            "provinceId": 27,
            "level": "本科",
            "abbreviation": "xafy",
            "city": "西安市"
        },
        {
            "id": 3784,
            "name": "西京学院",
            "website": "http://www.xijing.com.cn/",
            "provinceId": 27,
            "level": "本科",
            "abbreviation": "xijing",
            "city": "西安市"
        },
        {
            "id": 3785,
            "name": "西安思源学院",
            "website": "http://www.xasyu.cn/",
            "provinceId": 27,
            "level": "本科",
            "abbreviation": "xasyu",
            "city": "西安市"
        },
        {
            "id": 3786,
            "name": "陕西国际商贸学院",
            "website": "http://www.csiic.com/",
            "provinceId": 27,
            "level": "本科",
            "abbreviation": "csiic",
            "city": "西安市"
        },
        {
            "id": 3787,
            "name": "陕西服装工程学院",
            "website": "http://www.sxfu.org/",
            "provinceId": 27,
            "level": "本科",
            "abbreviation": "sxfu",
            "city": "西安市"
        },
        {
            "id": 3788,
            "name": "西安交通工程学院",
            "website": "http://www.xjgyedu.cn/",
            "provinceId": 27,
            "level": "本科",
            "abbreviation": "xjgyedu",
            "city": "西安市"
        },
        {
            "id": 3789,
            "name": "西安交通大学城市学院",
            "website": "http://www.xjtucc.cn/",
            "provinceId": 27,
            "level": "本科",
            "abbreviation": "xjtucc",
            "city": "西安市"
        },
        {
            "id": 3790,
            "name": "西北大学现代学院",
            "website": "http://www.xdxd.cn/",
            "provinceId": 27,
            "level": "本科",
            "abbreviation": "xdxd",
            "city": "西安市"
        },
        {
            "id": 3791,
            "name": "西安建筑科技大学华清学院",
            "website": "http://www.xauat-hqc.com/",
            "provinceId": 27,
            "level": "本科",
            "abbreviation": "xauat-hqc",
            "city": "西安市"
        },
        {
            "id": 3792,
            "name": "西安财经学院行知学院",
            "website": "http://www.xcxz.com.cn/",
            "provinceId": 27,
            "level": "本科",
            "abbreviation": "xcxz",
            "city": "西安市"
        },
        {
            "id": 3793,
            "name": "陕西科技大学镐京学院",
            "website": "http://www.kdhj-edu.net/",
            "provinceId": 27,
            "level": "本科",
            "abbreviation": "kdhj-edu",
            "city": "西安市"
        },
        {
            "id": 3794,
            "name": "西安工业大学北方信息工程学院",
            "website": "http://www.bxait.cn/",
            "provinceId": 27,
            "level": "本科",
            "abbreviation": "bxait",
            "city": "西安市"
        },
        {
            "id": 3795,
            "name": "延安大学西安创新学院",
            "website": "http://www.xacxxy.com/",
            "provinceId": 27,
            "level": "本科",
            "abbreviation": "xacxxy",
            "city": "西安市"
        },
        {
            "id": 3796,
            "name": "西安电子科技大学长安学院",
            "website": "http://www.xdca.com.cn/",
            "provinceId": 27,
            "level": "本科",
            "abbreviation": "xdca",
            "city": "西安市"
        },
        {
            "id": 3797,
            "name": "西北工业大学明德学院",
            "website": "http://www.npumd.cn/",
            "provinceId": 27,
            "level": "本科",
            "abbreviation": "npumd",
            "city": "西安市"
        },
        {
            "id": 3798,
            "name": "长安大学兴华学院",
            "website": "http://www.chdxhxy.com/",
            "provinceId": 27,
            "level": "本科",
            "abbreviation": "chdxhxy",
            "city": "西安市"
        },
        {
            "id": 3799,
            "name": "西安理工大学高科学院",
            "website": "http://www.xthtc.com/",
            "provinceId": 27,
            "level": "本科",
            "abbreviation": "xthtc",
            "city": "西安市"
        },
        {
            "id": 3800,
            "name": "西安科技大学高新学院",
            "website": "http://www.gaoxinedu.com/",
            "provinceId": 27,
            "level": "本科",
            "abbreviation": "gaoxinedu",
            "city": "西安市"
        },
        {
            "id": 3801,
            "name": "陕西学前师范学院",
            "website": "http://www.snie.edu.cn/",
            "provinceId": 27,
            "level": "本科",
            "abbreviation": "snie",
            "city": "西安市"
        },
        {
            "id": 3804,
            "name": "西安电力高等专科学校",
            "website": "http://www.xaepi.edu.cn/",
            "provinceId": 27,
            "level": "专科",
            "abbreviation": "xaepi",
            "city": "西安市"
        },
        {
            "id": 3806,
            "name": "陕西国防工业职业技术学院",
            "website": "http://www.gfxy.com/",
            "provinceId": 27,
            "level": "专科",
            "abbreviation": "gfxy",
            "city": "西安市"
        },
        {
            "id": 3807,
            "name": "西安航空职业技术学院",
            "website": "http://www.xihang.com.cn/",
            "provinceId": 27,
            "level": "专科",
            "abbreviation": "xihang",
            "city": "西安市"
        },
        {
            "id": 3809,
            "name": "陕西交通职业技术学院",
            "website": "http://www.scct.cn/",
            "provinceId": 27,
            "level": "专科",
            "abbreviation": "scct",
            "city": "西安市"
        },
        {
            "id": 3810,
            "name": "陕西职业技术学院",
            "website": "http://www.spvec.com.cn/",
            "provinceId": 27,
            "level": "专科",
            "abbreviation": "spvec",
            "city": "西安市"
        },
        {
            "id": 3811,
            "name": "西安高新科技职业学院",
            "website": "http://www.xhtu.com.cn/",
            "provinceId": 27,
            "level": "专科",
            "abbreviation": "xhtu",
            "city": "西安市"
        },
        {
            "id": 3812,
            "name": "西安城市建设职业学院",
            "website": "http://www.xacsjsedu.com/",
            "provinceId": 27,
            "level": "专科",
            "abbreviation": "xacsjsedu",
            "city": "西安市"
        },
        {
            "id": 3816,
            "name": "陕西电子信息职业技术学院",
            "website": "http://www.sxitu.com/",
            "provinceId": 27,
            "level": "专科",
            "abbreviation": "sxitu",
            "city": "西安市"
        },
        {
            "id": 3817,
            "name": "陕西邮电职业技术学院",
            "website": "http://www.sptc.sn.cn/",
            "provinceId": 27,
            "level": "专科",
            "abbreviation": "sptc",
            "city": "西安市"
        },
        {
            "id": 3818,
            "name": "西安海棠职业学院",
            "website": "http://www.xahtxy.cn/",
            "provinceId": 27,
            "level": "专科",
            "abbreviation": "xahtxy",
            "city": "西安市"
        },
        {
            "id": 3819,
            "name": "西安汽车科技职业学院",
            "website": "http://www.atc168.com/",
            "provinceId": 27,
            "level": "专科",
            "abbreviation": "atc168",
            "city": "西安市"
        },
        {
            "id": 3820,
            "name": "西安东方亚太职业技术学院",
            "website": "http://www.yt-edu.cn/",
            "provinceId": 27,
            "level": "专科",
            "abbreviation": "yt-edu",
            "city": "西安市"
        },
        {
            "id": 3821,
            "name": "陕西警官职业学院",
            "website": "http://www.sxjgxy.edu.cn/",
            "provinceId": 27,
            "level": "专科",
            "abbreviation": "sxjgxy",
            "city": "西安市"
        },
        {
            "id": 3822,
            "name": "陕西经济管理职业技术学院",
            "website": "http://www.sxjgy.com/",
            "provinceId": 27,
            "level": "专科",
            "abbreviation": "sxjgy",
            "city": "西安市"
        },
        {
            "id": 3823,
            "name": "西安铁路职业技术学院",
            "website": "http://www.xatzy.cn/",
            "provinceId": 27,
            "level": "专科",
            "abbreviation": "xatzy",
            "city": "西安市"
        },
        {
            "id": 3825,
            "name": "西安职业技术学院",
            "website": "http://www.xzyedu.com.cn/",
            "provinceId": 27,
            "level": "专科",
            "abbreviation": "xzyedu",
            "city": "西安市"
        },
        {
            "id": 3832,
            "name": "陕西青年职业学院",
            "website": "http://www.sxqzy.com/",
            "provinceId": 27,
            "level": "专科",
            "abbreviation": "sxqzy",
            "city": "西安市"
        },
        {
            "id": 3833,
            "name": "陕西工商职业学院",
            "website": "http://www.snbcedu.cn/",
            "provinceId": 27,
            "level": "专科",
            "abbreviation": "snbcedu",
            "city": "西安市"
        },
        {
            "id": 3834,
            "name": "陕西电子科技职业学院",
            "website": "http://www.sxetcedu.com/",
            "provinceId": 27,
            "level": "专科",
            "abbreviation": "sxetcedu",
            "city": "西安市"
        },
        {
            "id": 3835,
            "name": "陕西旅游烹饪职业学院",
            "website": "http://www.sntcc.cn/",
            "provinceId": 27,
            "level": "专科",
            "abbreviation": "sntcc",
            "city": "西安市"
        },
        {
            "id": 3836,
            "name": "西安医学高等专科学校",
            "website": "http://www.xagdyz.com/",
            "provinceId": 27,
            "level": "专科",
            "abbreviation": "xagdyz",
            "city": "西安市"
        },
        {
            "id": 3838,
            "name": "陕西艺术职业学院",
            "website": "http://www.sxavc.com/",
            "provinceId": 27,
            "level": "专科",
            "abbreviation": "sxavc",
            "city": "西安市"
        },
        {
            "id": 3839,
            "name": "陕西机电职业技术学院",
            "website": "http://www.sxjdzy.cn/",
            "provinceId": 27,
            "level": "专科",
            "abbreviation": "sxjdzy",
            "city": "西安市"
        }
    ]
}