{
    "university": [
        {
            "id": 2372,
            "name": "蚌埠医学院",
            "website": "http://www.bbmc.edu.cn/",
            "provinceId": 12,
            "level": "本科",
            "abbreviation": "bbmc",
            "city": "蚌埠市"
        },
        {
            "id": 2382,
            "name": "安徽财经大学",
            "website": "http://www.aufe.edu.cn/",
            "provinceId": 12,
            "level": "本科",
            "abbreviation": "aufe",
            "city": "蚌埠市"
        },
        {
            "id": 2391,
            "name": "蚌埠学院",
            "website": "http://www.bbc.edu.cn/",
            "provinceId": 12,
            "level": "本科",
            "abbreviation": "bbc",
            "city": "蚌埠市"
        },
        {
            "id": 2397,
            "name": "安徽财经大学商学院",
            "website": "http://acsxy.aufe.edu.cn/",
            "provinceId": 12,
            "level": "本科",
            "abbreviation": "aufe",
            "city": "蚌埠市"
        },
        {
            "id": 2425,
            "name": "安徽电子信息职业技术学院",
            "website": "http://www.avceit.cn/",
            "provinceId": 12,
            "level": "专科",
            "abbreviation": "avceit",
            "city": "蚌埠市"
        },
        {
            "id": 2462,
            "name": "蚌埠经济技术职业学院",
            "website": "http://www.bjy.ah.cn/",
            "provinceId": 12,
            "level": "专科",
            "abbreviation": "bjy",
            "city": "蚌埠市"
        }
    ]
}