{
    "university": [
        {
            "id": 2688,
            "name": "聊城大学",
            "website": "http://www.lcu.edu.cn/",
            "provinceId": 15,
            "level": "本科",
            "abbreviation": "lcu",
            "city": "聊城市"
        },
        {
            "id": 2718,
            "name": "聊城大学东昌学院",
            "website": "http://www.lcudc.cn/",
            "provinceId": 15,
            "level": "本科",
            "abbreviation": "lcudc",
            "city": "聊城市"
        },
        {
            "id": 2751,
            "name": "聊城职业技术学院",
            "website": "http://www.lctvu.sd.cn/",
            "provinceId": 15,
            "level": "专科",
            "abbreviation": "lctvu",
            "city": "聊城市"
        }
    ]
}