{
    "university": [
        {
            "id": 2129,
            "name": "淮海工学院",
            "website": "http://www.hhit.edu.cn/",
            "provinceId": 10,
            "level": "本科",
            "abbreviation": "hhit",
            "city": "连云港"
        },
        {
            "id": 2174,
            "name": "连云港职业技术学院",
            "website": "http://www.lygtc.net.cn/",
            "provinceId": 10,
            "level": "专科",
            "abbreviation": "lygtc",
            "city": "连云港"
        },
        {
            "id": 2180,
            "name": "连云港师范高等专科学校",
            "website": "http://www.lygsf.cn/",
            "provinceId": 10,
            "level": "专科",
            "abbreviation": "lygsf",
            "city": "连云港"
        }
    ]
}