{
    "university": [
        {
            "id": 1648,
            "name": "运城学院",
            "website": "http://www.ycu.edu.cn/",
            "provinceId": 4,
            "level": "本科",
            "abbreviation": "ycu",
            "city": "运城市"
        },
        {
            "id": 1702,
            "name": "山西运城农业职业技术学院",
            "website": "http://www.sycnxy.com/",
            "provinceId": 4,
            "level": "专科",
            "abbreviation": "sycnxy",
            "city": "运城市"
        },
        {
            "id": 1703,
            "name": "运城幼儿师范高等专科学校",
            "website": "http://www.sxycys.com/",
            "provinceId": 4,
            "level": "专科",
            "abbreviation": "sxycys",
            "city": "运城市"
        },
        {
            "id": 1707,
            "name": "运城职业技术学院",
            "website": "http://www.ycptu.com/",
            "provinceId": 4,
            "level": "专科",
            "abbreviation": "ycptu",
            "city": "运城市"
        },
        {
            "id": 1712,
            "name": "运城护理职业学院",
            "website": "http://www.ychlxy.com/",
            "provinceId": 4,
            "level": "专科",
            "abbreviation": "ychlxy",
            "city": "运城市"
        },
        {
            "id": 1713,
            "name": "运城师范高等专科学校",
            "website": "http://www.sxycsf.com/",
            "provinceId": 4,
            "level": "专科",
            "abbreviation": "sxycsf",
            "city": "运城市"
        }
    ]
}