{
    "university": [
        {
            "id": 3609,
            "name": "贵州大学",
            "website": "http://www.gzu.edu.cn/",
            "provinceId": 24,
            "level": "本科",
            "abbreviation": "gzu",
            "city": "贵阳市"
        },
        {
            "id": 3610,
            "name": "贵州医科大学",
            "website": "http://www.gmc.edu.cn/",
            "provinceId": 24,
            "level": "本科",
            "abbreviation": "gmc",
            "city": "贵阳市"
        },
        {
            "id": 3612,
            "name": "贵阳中医学院",
            "website": "http://www.gyctcm.edu.cn/",
            "provinceId": 24,
            "level": "本科",
            "abbreviation": "gyctcm",
            "city": "贵阳市"
        },
        {
            "id": 3613,
            "name": "贵州师范大学",
            "website": "http://www.gznu.edu.cn/",
            "provinceId": 24,
            "level": "本科",
            "abbreviation": "gznu",
            "city": "贵阳市"
        },
        {
            "id": 3621,
            "name": "贵州财经大学",
            "website": "http://www.gzife.edu.cn/",
            "provinceId": 24,
            "level": "本科",
            "abbreviation": "gzife",
            "city": "贵阳市"
        },
        {
            "id": 3622,
            "name": "贵州民族大学",
            "website": "http://www.gzmu.edu.cn/",
            "provinceId": 24,
            "level": "本科",
            "abbreviation": "gzmu",
            "city": "贵阳市"
        },
        {
            "id": 3623,
            "name": "贵阳学院",
            "website": "http://www.gyu.cn/",
            "provinceId": 24,
            "level": "本科",
            "abbreviation": "gyu",
            "city": "贵阳市"
        },
        {
            "id": 3625,
            "name": "贵州商学院",
            "website": "http://www.gzcc.edu.cn/",
            "provinceId": 24,
            "level": "本科",
            "abbreviation": "gzcc",
            "city": "贵阳市"
        },
        {
            "id": 3626,
            "name": "贵州警察学院",
            "website": "http://www.gzjgxy.cn/",
            "provinceId": 24,
            "level": "本科",
            "abbreviation": "gzjgxy",
            "city": "贵阳市"
        },
        {
            "id": 3627,
            "name": "贵州财经学院商务学院",
            "website": "http://portal.gzife.edu.cn/com",
            "provinceId": 24,
            "level": "本科",
            "abbreviation": "gzife",
            "city": "贵阳市"
        },
        {
            "id": 3628,
            "name": "贵州大学科技学院",
            "website": "http://cst.gzu.edu.cn/",
            "provinceId": 24,
            "level": "本科",
            "abbreviation": "gzu",
            "city": "贵阳市"
        },
        {
            "id": 3629,
            "name": "贵州大学明德学院",
            "website": "http://mdc.gzu.edu.cn/",
            "provinceId": 24,
            "level": "本科",
            "abbreviation": "gzu",
            "city": "贵阳市"
        },
        {
            "id": 3630,
            "name": "贵州民族学院人文科技学院",
            "website": "http://www.gzmyrw.cn/",
            "provinceId": 24,
            "level": "本科",
            "abbreviation": "gzmyrw",
            "city": "贵阳市"
        },
        {
            "id": 3631,
            "name": "贵州师范大学求是学院",
            "website": "http://qsxy.gznu.edu.cn/",
            "provinceId": 24,
            "level": "本科",
            "abbreviation": "gznu",
            "city": "贵阳市"
        },
        {
            "id": 3633,
            "name": "贵阳医学院神奇民族医药学院",
            "website": "http://sqxy.gmc.edu.cn/",
            "provinceId": 24,
            "level": "本科",
            "abbreviation": "gmc",
            "city": "贵阳市"
        },
        {
            "id": 3634,
            "name": "贵州师范学院",
            "website": "http://www.gznc.edu.cn/",
            "provinceId": 24,
            "level": "本科",
            "abbreviation": "gznc",
            "city": "贵阳市"
        },
        {
            "id": 3635,
            "name": "贵州理工学院",
            "website": "http://www.git.edu.cn/",
            "provinceId": 24,
            "level": "本科",
            "abbreviation": "git",
            "city": "贵阳市"
        },
        {
            "id": 3638,
            "name": "贵州交通职业技术学院",
            "website": "http://www.gzjtzy.net/",
            "provinceId": 24,
            "level": "专科",
            "abbreviation": "gzjtzy",
            "city": "贵阳市"
        },
        {
            "id": 3645,
            "name": "贵州城市职业学院",
            "website": "http://www.cityp.net/",
            "provinceId": 24,
            "level": "专科",
            "abbreviation": "cityp",
            "city": "贵阳市"
        },
        {
            "id": 3646,
            "name": "贵州工业职业技术学院",
            "website": "http://www.gzky.edu.cn/",
            "provinceId": 24,
            "level": "专科",
            "abbreviation": "gzky",
            "city": "贵阳市"
        },
        {
            "id": 3647,
            "name": "贵州电力职业技术学院",
            "website": "http://www.csgedu.cn/",
            "provinceId": 24,
            "level": "专科",
            "abbreviation": "csgedu",
            "city": "贵阳市"
        },
        {
            "id": 3651,
            "name": "贵州轻工职业技术学院",
            "website": "http://www.gzqy.cn/",
            "provinceId": 24,
            "level": "专科",
            "abbreviation": "gzqy",
            "city": "贵阳市"
        },
        {
            "id": 3653,
            "name": "贵阳护理职业学院",
            "website": "http://www.gynvc.edu.cn/",
            "provinceId": 24,
            "level": "专科",
            "abbreviation": "gynvc",
            "city": "贵阳市"
        },
        {
            "id": 3654,
            "name": "贵阳职业技术学院",
            "website": "http://www.gyvtc.cn/",
            "provinceId": 24,
            "level": "专科",
            "abbreviation": "gyvtc",
            "city": "贵阳市"
        },
        {
            "id": 3656,
            "name": "贵州职业技术学院",
            "website": "http://www.gzvti.com/",
            "provinceId": 24,
            "level": "专科",
            "abbreviation": "gzvti",
            "city": "贵阳市"
        },
        {
            "id": 3658,
            "name": "贵州工商职业学院",
            "website": "http://www.gzgszy.com/",
            "provinceId": 24,
            "level": "专科",
            "abbreviation": "gzgszy",
            "city": "贵阳市"
        },
        {
            "id": 3659,
            "name": "贵阳幼儿师范高等专科学校",
            "website": "http://www.gyys.cn/",
            "provinceId": 24,
            "level": "专科",
            "abbreviation": "gyys",
            "city": "贵阳市"
        },
        {
            "id": 3663,
            "name": "贵州建设职业技术学院",
            "website": "http://www.gzsjsxx.cn/",
            "provinceId": 24,
            "level": "专科",
            "abbreviation": "gzsjsxx",
            "city": "贵阳市"
        },
        {
            "id": 3665,
            "name": "贵州农业职业学院",
            "website": "http://www.gznzy.net/",
            "provinceId": 24,
            "level": "专科",
            "abbreviation": "gznzy",
            "city": "贵阳市"
        },
        {
            "id": 3669,
            "name": "贵州电子科技职业学院",
            "website": "http://www.gzkzy.top/",
            "provinceId": 24,
            "level": "专科",
            "abbreviation": "gzkzy",
            "city": "贵阳市"
        }
    ]
}