{
    "university": [
        {
            "id": 2575,
            "name": "江西理工大学",
            "website": "http://www.jxust.cn/",
            "provinceId": 14,
            "level": "本科",
            "abbreviation": "jxust",
            "city": "赣州市"
        },
        {
            "id": 2579,
            "name": "赣南医学院",
            "website": "http://www.gmu.cn/",
            "provinceId": 14,
            "level": "本科",
            "abbreviation": "gmu",
            "city": "赣州市"
        },
        {
            "id": 2583,
            "name": "赣南师范大学",
            "website": "http://www.gnnu.cn/",
            "provinceId": 14,
            "level": "本科",
            "abbreviation": "gnnu",
            "city": "赣州市"
        },
        {
            "id": 2604,
            "name": "江西理工大学应用科学学院",
            "website": "http://www.asc.jx.cn/",
            "provinceId": 14,
            "level": "本科",
            "abbreviation": "asc",
            "city": "赣州市"
        },
        {
            "id": 2609,
            "name": "赣南师范大学科技学院",
            "website": "http://www.gnsyky.cn/",
            "provinceId": 14,
            "level": "本科",
            "abbreviation": "gnsyky",
            "city": "赣州市"
        },
        {
            "id": 2624,
            "name": "江西环境工程职业学院",
            "website": "http://www.jxhjxy.com/",
            "provinceId": 14,
            "level": "专科",
            "abbreviation": "jxhjxy",
            "city": "赣州市"
        },
        {
            "id": 2639,
            "name": "江西应用技术职业学院",
            "website": "http://www.jxyyxy.com/",
            "provinceId": 14,
            "level": "专科",
            "abbreviation": "jxyyxy",
            "city": "赣州市"
        },
        {
            "id": 2662,
            "name": "赣州师范高等专科学校",
            "website": "http://www.gnjyxy.com/",
            "provinceId": 14,
            "level": "专科",
            "abbreviation": "gnjyxy",
            "city": "赣州市"
        }
    ]
}