{
    "university": [
        {
            "id": 1722,
            "name": "赤峰学院",
            "website": "http://www.cfxy.cn/",
            "provinceId": 5,
            "level": "本科",
            "abbreviation": "cfxy",
            "city": "赤峰市"
        },
        {
            "id": 1748,
            "name": "内蒙古交通职业技术学院",
            "website": "http://www.nmjtzy.com/",
            "provinceId": 5,
            "level": "专科",
            "abbreviation": "nmjtzy",
            "city": "赤峰市"
        },
        {
            "id": 1753,
            "name": "赤峰职业技术学院",
            "website": "http://www.cfzyjsxy.com/",
            "provinceId": 5,
            "level": "专科",
            "abbreviation": "cfzyjsxy",
            "city": "赤峰市"
        },
        {
            "id": 1762,
            "name": "赤峰工业职业技术学院",
            "website": "http://222.74.246.51/",
            "provinceId": 5,
            "level": "专科",
            "abbreviation": "74",
            "city": "赤峰市"
        }
    ]
}