{
    "university": [
        {
            "id": 3520,
            "name": "四川文理学院",
            "website": "http://www.sasu.edu.cn/",
            "provinceId": 23,
            "level": "本科",
            "abbreviation": "sasu",
            "city": "达州市"
        },
        {
            "id": 3568,
            "name": "达州职业技术学院",
            "website": "http://www.dzzjy.com/",
            "provinceId": 23,
            "level": "专科",
            "abbreviation": "dzzjy",
            "city": "达州市"
        }
    ]
}