{
    "university": [
        {
            "id": 1840,
            "name": "辽阳职业技术学院",
            "website": "http://www.419.com.cn/",
            "provinceId": 6,
            "level": "专科",
            "abbreviation": "419",
            "city": "辽阳市"
        },
        {
            "id": 1866,
            "name": "辽宁建筑职业学院",
            "website": "http://www.lnjzxy.com/",
            "provinceId": 6,
            "level": "专科",
            "abbreviation": "lnjzxy",
            "city": "辽阳市"
        }
    ]
}